quote_id,speaker,confidence,method,paragraph,text
q00001,Character Name,1.00,manual-override,11,"“There! I've finished my door to-day, anyhow.”"
q00002,Adam,0.96,before-name-verb,12,“What! Dost think thee'st finished the door?”
q00003,Seth,0.98,after-verb-name,13,"“Aye, sure,”"
q00004,Seth,0.94,before-verb-name,13,“what's awanting to't?”
q00005,Adam,0.96,before-name-verb,14,"“Why, thee'st forgot the panels.”"
q00006,Wiry Ben,0.98,after-verb-name,16,“Hoorray!”
q00007,Wiry Ben,0.94,before-verb-name,16,"“We'll hang up th' door at fur end o' th' shop an' write on't ‘Seth Bede, the Methody, his work.' Here, Jim, lend's hould o' th' red pot.”"
q00008,Adam,0.98,after-verb-name,17,“Nonsense!”
q00009,Adam,0.94,before-verb-name,17,"“Let it alone, Ben Cranage. You'll mayhap be making such a slip yourself some day; you'll laugh o' th' other side o' your mouth then.”"
q00010,Ben,0.98,after-verb-name,18,"“Catch me at it, Adam. It'll be a good while afore my head's full o' th' Methodies,”"
q00011,,0.00,unresolved,19,"“Nay, but it's often full o' drink, and that's worse.”"
q00012,,0.00,unresolved,20,“red pot”
q00013,Ben,0.98,after-verb-name,21,"“Let it alone, will you?”"
q00014,Adam,0.96,before-name-verb,21,"“Let it alone, or I'll shake the soul out o' your body.”"
q00015,,0.00,unresolved,23,"“Let be, Addy, let be. Ben will be joking. Why, he's i' the right to laugh at me—I canna help laughing at myself.”"
q00016,Adam,0.98,after-verb-name,24,"“I shan't loose him till he promises to let the door alone,”"
q00017,Seth,0.98,after-verb-name,25,"“Come, Ben, lad,”"
q00018,Ben,0.96,before-name-verb,25,"“don't let's have a quarrel about it. You know Adam will have his way. You may's well try to turn a waggon in a narrow lane. Say you'll leave the door alone, and make an end on't.”"
q00019,Ben,0.98,after-verb-name,26,"“I binna frighted at Adam,”"
q00020,Adam,0.96,before-name-verb,26,"“but I donna mind sayin' as I'll let 't alone at your askin', Seth.”"
q00021,Adam,0.98,after-verb-name,27,"“Come, that's wise of you, Ben,”"
q00022,Seth,0.91,same-paragraph,29,"“Which was ye thinkin' on, Seth,”"
q00023,Seth,0.96,before-name-verb,29,"“the pretty parson's face or her sarmunt, when ye forgot the panels?”"
q00024,Seth,0.98,after-verb-name,30,"“Come and hear her, Ben,”"
q00025,Ben,0.96,before-name-verb,30,"“she's going to preach on the Green to-night; happen ye'd get something to think on yourself then, instead o' those wicked songs you're so fond on. Ye might get religion, and that 'ud be the best day's earnings y' ever made.”"
q00026,,0.00,unresolved,31,"“All i' good time for that, Seth; I'll think about that when I'm a-goin' to settle i' life; bachelors doesn't want such heavy earnin's. Happen I shall do the coortin' an' the religion both together, as ye do, Seth; but ye wouldna ha' me get converted an' chop in atween ye an' the pretty preacher, an' carry her aff?”"
q00027,,0.00,unresolved,32,"“No fear o' that, Ben; she's neither for you nor for me to win, I doubt. Only you come and hear her, and you won't speak lightly on her again.”"
q00028,,0.00,unresolved,33,"“Well, I'm half a mind t' ha' a look at her to-night, if there isn't good company at th' Holly Bush. What'll she take for her text? Happen ye can tell me, Seth, if so be as I shouldna come up i' time for't. Will't be—what come ye out for to see? A prophetess? Yea, I say unto you, and more than a prophetess—a uncommon pretty young woman.”"
q00029,Adam,0.98,after-verb-name,34,"“Come, Ben,”"
q00030,Ben,0.96,before-name-verb,34,“you let the words o' the Bible alone; you're going too far now.”
q00031,,0.00,unresolved,35,"“What! Are ye a-turnin' roun', Adam? I thought ye war dead again th' women preachin', a while agoo?”"
q00032,,0.00,unresolved,36,"“Nay, I'm not turnin' noway. I said nought about the women preachin'. I said, You let the Bible alone: you've got a jest-book, han't you, as you're rare and proud on? Keep your dirty fingers to that.”"
q00033,,0.00,unresolved,37,"“Why, y' are gettin' as big a saint as Seth. Y' are goin' to th' preachin' to-night, I should think. Ye'll do finely t' lead the singin'. But I don' know what Parson Irwine 'ull say at his gran' favright Adam Bede a-turnin' Methody.”"
q00034,,0.00,unresolved,38,"“Never do you bother yourself about me, Ben. I'm not a-going to turn Methodist any more nor you are—though it's like enough you'll turn to something worse. Mester Irwine's got more sense nor to meddle wi' people's doing as they like in religion. That's between themselves and God, as he's said to me many a time.”"
q00035,,0.00,unresolved,39,"“Aye, aye; but he's none so fond o' your dissenters, for all that.”"
q00036,,0.00,unresolved,40,"“Maybe; I'm none so fond o' Josh Tod's thick ale, but I don't hinder you from making a fool o' yourself wi't.”"
q00037,Seth,0.96,before-name-verb,41,"“Nay, nay, Addy, thee mustna say as anybody's religion's like thick ale. Thee dostna believe but what the dissenters and the Methodists have got the root o' the matter as well as the church folks.”"
q00038,,0.00,unresolved,42,"“Nay, Seth, lad; I'm not for laughing at no man's religion. Let 'em follow their consciences, that's all. Only I think it 'ud be better if their consciences 'ud let 'em stay quiet i' the church—there's a deal to be learnt there. And there's such a thing as being oversperitial; we must have something beside Gospel i' this world. Look at the canals, an' th' aqueduc's, an' th' coal-pit engines, and Arkwright's mills there at Cromford; a man must learn summat beside Gospel to make them things, I reckon. But t' hear some o' them preachers, you'd think as a man must be doing nothing all's life but shutting's eyes and looking what's agoing on inside him. I know a man must have the love o' God in his soul, and the Bible's God's word. But what does the Bible say? Why, it says as God put his sperrit into the workman as built the tabernacle, to make him do all the carved work and things as wanted a nice hand. And this is my way o' looking at it: there's the sperrit o' God in all things and all times—weekday as well as Sunday—and i' the great works and inventions, and i' the figuring and the mechanics. And God helps us with our headpieces and our hands as well as with our souls; and if a man does bits o' jobs out o' working hours—builds a oven for 's wife to save her from going to the bakehouse, or scrats at his bit o' garden and makes two potatoes grow istead o' one, he's doin' more good, and he's just as near to God, as if he was running after some preacher and a-praying and a-groaning.”"
q00039,Jim,0.98,after-verb-name,43,"“Well done, Adam!”"
q00040,Adam,0.96,before-name-verb,43,"“that's the best sarmunt I've heared this long while. By th' same token, my wife's been a-plaguin' on me to build her a oven this twelvemont.”"
q00041,Seth,0.98,after-verb-name,44,"“There's reason in what thee say'st, Adam,”"
q00042,Adam,0.96,before-name-verb,44,"“But thee know'st thyself as it's hearing the preachers thee find'st so much fault with has turned many an idle fellow into an industrious un. It's the preacher as empties th' alehouse; and if a man gets religion, he'll do his work none the worse for that.”"
q00043,Wiry Ben,0.98,after-verb-name,45,"“On'y he'll lave the panels out o' th' doors sometimes, eh, Seth?”"
q00044,Wiry Ben,0.78,neighbor-continuation,46,"“Ah, Ben, you've got a joke again' me as 'll last you your life. But it isna religion as was i' fault there; it was Seth Bede , as was allays a wool-gathering chap, and religion hasna cured him, the more's the pity.”"
q00045,Wiry Ben,0.98,after-verb-name,47,"“Ne'er heed me, Seth,”"
q00046,Seth,0.96,before-name-verb,47,"“y' are a down-right good-hearted chap, panels or no panels; an' ye donna set up your bristles at every bit o' fun, like some o' your kin, as is mayhap cliverer.”"
q00047,Adam,0.98,after-verb-name,48,"“Seth, lad,”"
q00048,Seth,0.96,before-name-verb,48,“thee mustna take me unkind. I wasna driving at thee in what I said just now. Some 's got one way o' looking at things and some 's got another.”
q00049,Seth,0.98,after-verb-name,49,"“Nay, nay, Addy, thee mean'st me no unkindness,”"
q00050,Addy,0.96,before-name-verb,49,"“I know that well enough. Thee't like thy dog Gyp—thee bark'st at me sometimes, but thee allays lick'st my hand after.”"
q00051,Adam,0.96,before-name-verb,50,"“Look there, now! I can't abide to see men throw away their tools i' that way, the minute the clock begins to strike, as if they took no pleasure i' their work and was afraid o' doing a stroke too much.”"
q00052,Seth,0.96,before-name-verb,51,"“Aye, aye, Adam lad, ye talk like a young un. When y' are six-an'-forty like me, istid o' six-an'-twenty, ye wonna be so flush o' workin' for nought.”"
q00053,Adam,0.98,after-verb-name,52,"“Nonsense,”"
q00054,Adam,0.94,before-verb-name,52,"“what's age got to do with it, I wonder? Ye arena getting stiff yet, I reckon. I hate to see a man's arms drop down as if he was shot, before the clock's fairly struck, just as if he'd never a bit o' pride and delight in 's work. The very grindstone 'ull go on turning a bit after you loose it.”"
q00055,Wiry Ben,0.98,after-verb-name,53,"“Bodderation, Adam!”"
q00056,Adam,0.96,before-name-verb,53,"“lave a chap aloon, will 'ee? Ye war afinding faut wi' preachers a while agoo—y' are fond enough o' preachin' yoursen. Ye may like work better nor play, but I like play better nor work; that'll 'commodate ye—it laves ye th' more to do.”"
q00057,Adam,0.97,after-name-verb,55,“Shalt go home before thee go'st to the preaching?”
q00058,Adam,0.78,neighbor-continuation,56,"“Nay; I've got my hat and things at Will Maskery's. I shan't be home before going for ten. I'll happen see Dinah Morris safe home, if she's willing. There's nobody comes with her from Poyser's, thee know'st.”"
q00059,Adam,0.98,after-verb-name,57,"“Then I'll tell mother not to look for thee,”"
q00060,Seth,0.98,after-verb-name,58,“Thee artna going to Poyser's thyself to-night?”
q00061,,0.00,unresolved,59,"“Nay, I'm going to th' school.”"
q00062,Adam,0.98,after-verb-name,61,"“What! Art ready for the basket, eh, Gyp?”"
q00063,,0.00,unresolved,62,“Of course.”
q00064,Adam,0.96,before-name-verb,64,"“Here's the key, Dolly; lay it down for me in the house, will you?”"
q00065,,0.00,unresolved,65,"“Aye, sure; but wunna ye come in, Adam? Miss Mary's i' th' house, and Mester Burge 'ull be back anon; he'd be glad t' ha' ye to supper wi'm, I'll be's warrand.”"
q00066,,0.00,unresolved,66,"“No, Dolly, thank you; I'm off home. Good evening.”"
q00067,,0.00,unresolved,72,"“spotty globe,”"
q00068,,0.00,unresolved,72,“the family”
q00069,,0.00,unresolved,73,"“Take off the bridle and give him a drink, ostler,”"
q00070,,0.00,unresolved,74,"“Why, what's up in your pretty village, landlord?”"
q00071,,0.00,unresolved,74,“There seems to be quite a stir.”
q00072,,0.00,unresolved,75,"“It's a Methodis' preaching, sir; it's been gev hout as a young woman's a-going to preach on the Green,”"
q00073,,0.00,unresolved,75,"“Will you please to step in, sir, an' tek somethink?”"
q00074,,0.00,unresolved,76,"“No, I must be getting on to Rosseter. I only want a drink for my horse. And what does your parson say, I wonder, to a young woman preaching just under his nose?”"
q00075,,0.00,unresolved,77,"“Parson Irwine, sir, doesn't live here; he lives at Brox'on, over the hill there. The parsonage here's a tumble-down place, sir, not fit for gentry to live in. He comes here to preach of a Sunday afternoon, sir, an' puts up his hoss here. It's a grey cob, sir, an' he sets great store by't. He's allays put up his hoss here, sir, iver since before I hed the Donnithorne Arms. I'm not this countryman, you may tell by my tongue, sir. They're cur'ous talkers i' this country, sir; the gentry's hard work to hunderstand 'em. I was brought hup among the gentry, sir, an' got the turn o' their tongue when I was a bye. Why, what do you think the folks here says for ‘hevn't you?'—the gentry, you know, says, ‘hevn't you'—well, the people about here says ‘hanna yey.' It's what they call the dileck as is spoke hereabout, sir. That's what I've heared Squire Donnithorne say many a time; it's the dileck, says he.”"
q00076,,0.00,unresolved,78,"“Aye, aye,”"
q00077,,0.00,unresolved,78,"“I know it very well. But you've not got many Methodists about here, surely—in this agricultural spot? I should have thought there would hardly be such a thing as a Methodist to be found about here. You're all farmers, aren't you? The Methodists can seldom lay much hold on them.”"
q00078,,0.00,unresolved,79,"“Why, sir, there's a pretty lot o' workmen round about, sir. There's Mester Burge as owns the timber-yard over there, he underteks a good bit o' building an' repairs. An' there's the stone-pits not far off. There's plenty of emply i' this countryside, sir. An' there's a fine batch o' Methodisses at Treddles'on—that's the market town about three mile off—you'll maybe ha' come through it, sir. There's pretty nigh a score of 'em on the Green now, as come from there. That's where our people gets it from, though there's only two men of 'em in all Hayslope: that's Will Maskery, the wheelwright, and Seth Bede , a young man as works at the carpenterin'.”"
q00079,,0.00,unresolved,80,"“The preacher comes from Treddleston, then, does she?”"
q00080,,0.00,unresolved,81,"“Nay, sir, she comes out o' Stonyshire, pretty nigh thirty mile off. But she's a-visitin' hereabout at Mester Poyser's at the Hall Farm—it's them barns an' big walnut-trees, right away to the left, sir. She's own niece to Poyser's wife, an' they'll be fine an' vexed at her for making a fool of herself i' that way. But I've heared as there's no holding these Methodisses when the maggit's once got i' their head: many of 'em goes stark starin' mad wi' their religion. Though this young woman's quiet enough to look at, by what I can make out; I've not seen her myself.”"
q00081,,0.00,unresolved,82,"“Well, I wish I had time to wait and see her, but I must get on. I've been out of my way for the last twenty minutes to have a look at that place in the valley. It's Squire Donnithorne's, I suppose?”"
q00082,,0.00,unresolved,83,"“Yes, sir, that's Donnithorne Chase, that is. Fine hoaks there, isn't there, sir? I should know what it is, sir, for I've lived butler there a-going i' fifteen year. It's Captain Donnithorne as is th' heir, sir—Squire Donnithorne's grandson. He'll be comin' of hage this 'ay-'arvest, sir, an' we shall hev fine doin's. He owns all the land about here, sir, Squire Donnithorne does.”"
q00083,,0.00,unresolved,84,"“Well, it's a pretty spot, whoever may own it,”"
q00084,,0.00,unresolved,84,"“and one meets some fine strapping fellows about too. I met as fine a young fellow as ever I saw in my life, about half an hour ago, before I came up the hill—a carpenter, a tall, broad-shouldered fellow with black hair and black eyes, marching along like a soldier. We want such fellows as he to lick the French.”"
q00085,,0.00,unresolved,85,"“Aye, sir, that's Adam Bede, that is, I'll be bound—Thias Bede's son everybody knows him hereabout. He's an uncommon clever stiddy fellow, an' wonderful strong. Lord bless you, sir—if you'll hexcuse me for saying so—he can walk forty mile a-day, an' lift a matter o' sixty ston'. He's an uncommon favourite wi' the gentry, sir: Captain Donnithorne and Parson Irwine meks a fine fuss wi' him. But he's a little lifted up an' peppery-like.”"
q00086,,0.00,unresolved,86,"“Well, good evening to you, landlord; I must get on.”"
q00087,,0.00,unresolved,87,"“Your servant, sir; good evenin'.”"
q00088,,0.00,unresolved,90,“Feyther Taft”
q00089,,0.00,unresolved,90,“preacher woman”
q00090,,0.00,unresolved,90,"“what war a-goin' on, like.”"
q00091,,0.00,unresolved,90,"“Old Joshway,”"
q00092,,0.00,unresolved,90,"“Sehon, King of the Amorites; for His mercy endureth for ever; and Og the King of Basan: for His mercy endureth for ever”"
q00093,,0.00,unresolved,91,“why the folks war amakin' faces a that'ns.”
q00094,,0.00,unresolved,91,“them ear-rings”
q00095,Jim,0.98,after-verb-name,93,"“Ye gallows young dog,”"
q00096,Jim,0.94,before-verb-name,93,"“if ye donna keep that stick quiet, I'll tek it from ye. What dy'e mane by kickin' foulks?”"
q00097,Chad Cranage,0.98,after-verb-name,94,"“Here! Gie him here to me, Jim,”"
q00098,Jim,0.96,before-name-verb,94,"“I'll tie hirs up an' shoe him as I do th' hosses. Well, Mester Casson,”"
q00099,Jim,0.96,before-name-verb,94,"“how are ye t' naight? Are ye coom t' help groon? They say folks allays groon when they're hearkenin' to th' Methodys, as if they war bad i' th' inside. I mane to groon as loud as your cow did th' other naight, an' then the praicher 'ull think I'm i' th' raight way.”"
q00100,Chad,0.91,same-paragraph,95,"“I'd advise you not to be up to no nonsense, Chad,”"
q00101,Chad,0.96,before-name-verb,95,"“Poyser wouldn't like to hear as his wife's niece was treated any ways disrespectful, for all he mayn't be fond of her taking on herself to preach.”"
q00102,Wiry Ben,0.98,after-verb-name,96,"“Aye, an' she's a pleasant-looked un too,”"
q00103,Wiry Ben,0.94,before-verb-name,96,"“I'll stick up for the pretty women preachin'; I know they'd persuade me over a deal sooner nor th' ugly men. I shouldna wonder if I turn Methody afore the night's out, an' begin to coort the preacher, like Seth Bede .”"
q00104,Seth,0.91,same-paragraph,97,"“Why, Seth's looking rether too high, I should think,”"
q00105,Seth,0.96,before-name-verb,97,“This woman's kin wouldn't like her to demean herself to a common carpenter.”
q00106,Ben,0.98,after-verb-name,98,“Tchu!”
q00107,Ben,0.94,before-verb-name,98,"“what's folks's kin got to do wi't? Not a chip. Poyser's wife may turn her nose up an' forget bygones, but this Dinah Morris, they tell me, 's as poor as iver she was—works at a mill, an's much ado to keep hersen. A strappin' young carpenter as is a ready-made Methody, like Seth, wouldna be a bad match for her. Why, Poysers make as big a fuss wi' Adam Bede as if he war a nevvy o' their own.”"
q00108,,0.00,unresolved,99,“Idle talk! idle talk!”
q00109,,0.00,unresolved,99,“Adam an' Seth's two men; you wunna fit them two wi' the same last.”
q00110,Wiry Ben,0.98,after-verb-name,100,"“Maybe,”"
q00111,Wiry Ben,0.94,before-verb-name,100,"“but Seth's the lad for me, though he war a Methody twice o'er. I'm fair beat wi' Seth, for I've been teasin' him iver sin' we've been workin' together, an' he bears me no more malice nor a lamb. An' he's a stout-hearted feller too, for when we saw the old tree all afire a-comin' across the fields one night, an' we thought as it war a boguy, Seth made no more ado, but he up to't as bold as a constable. Why, there he comes out o' Will Maskery's; an' there's Will hisself, lookin' as meek as if he couldna knock a nail o' the head for fear o' hurtin't. An' there's the pretty preacher woman! My eye, she's got her bonnet off. I mun go a bit nearer.”"
q00112,Dinah,0.96,before-name-verb,101,"“I know you think me a pretty woman, too young to preach”"
q00113,Dinah,0.91,same-paragraph,101,“But you must think of me as a saint.”
q00114,,0.00,unresolved,102,"“A sweet woman,”"
q00115,,0.00,unresolved,102,“but surely nature never meant her for a preacher.”
q00116,Dinah,0.97,after-name-verb,103,"“makes up,”"
q00117,,0.00,unresolved,104,"“Dear friends,”"
q00118,,0.00,unresolved,104,“let us pray for a blessing.”
q00119,,0.00,unresolved,105,"“Saviour of sinners! When a poor woman laden with sins, went out to the well to draw water, she found Thee sitting at the well. She knew Thee not; she had not sought Thee; her mind was dark; her life was unholy. But Thou didst speak to her, Thou didst teach her, Thou didst show her that her life lay open before Thee, and yet Thou wast ready to give her that blessing which she had never sought. Jesus, Thou art in the midst of us, and Thou knowest all men: if there is any here like that poor woman—if their minds are dark, their lives unholy—if they have come out not seeking Thee, not desiring to be taught; deal with them according to the free mercy which Thou didst show to her. Speak to them, Lord, open their ears to my message, bring their sins to their minds, and make them thirst for that salvation which Thou art ready to give.”"
q00120,,0.00,unresolved,106,"“Lord, Thou art with Thy people still: they see Thee in the night-watches, and their hearts burn within them as Thou talkest with them by the way. And Thou art near to those who have not known Thee: open their eyes that they may see Thee—see Thee weeping over them, and saying ‘Ye will not come unto me that ye might have life'—see Thee hanging on the cross and saying, ‘Father, forgive them, for they know not what they do'—see Thee as Thou wilt come again in Thy glory to judge them at the last. Amen.”"
q00121,,0.00,unresolved,108,"“Dear friends,”"
q00122,,0.00,unresolved,108,"“you have all of you been to church, and I think you must have heard the clergyman read these words: ‘The Spirit of the Lord is upon me, because he hath anointed me to preach the gospel to the poor.' Jesus Christ spoke those words—he said he came to preach the Gospel to the poor: I don't know whether you ever thought about those words much, but I will tell you when I remember first hearing them. It was on just such a sort of evening as this, when I was a little girl, and my aunt as brought me up took me to hear a good man preach out of doors, just as we are here. I remember his face well: he was a very old man, and had very long white hair; his voice was very soft and beautiful, not like any voice I had ever heard before. I was a little girl and scarcely knew anything, and this old man seemed to me such a different sort of a man from anybody I had ever seen before that I thought he had perhaps come down from the sky to preach to us, and I said, ‘Aunt, will he go back to the sky to-night, like the picture in the Bible?'”"
q00123,,0.00,unresolved,109,"“That man of God was Mr. Wesley, who spent his life in doing what our blessed Lord did—preaching the Gospel to the poor—and he entered into his rest eight years ago. I came to know more about him years after, but I was a foolish thoughtless child then, and I remembered only one thing he told us in his sermon. He told us as ‘Gospel' meant ‘good news.' The Gospel, you know, is what the Bible tells us about God.”"
q00124,,0.00,unresolved,110,"“Think of that now! Jesus Christ did really come down from heaven, as I, like a silly child, thought Mr. Wesley did; and what he came down for was to tell good news about God to the poor. Why, you and me, dear friends, are poor. We have been brought up in poor cottages and have been reared on oat-cake, and lived coarse; and we haven't been to school much, nor read books, and we don't know much about anything but what happens just round us. We are just the sort of people that want to hear good news. For when anybody's well off, they don't much mind about hearing news from distant parts; but if a poor man or woman's in trouble and has hard work to make out a living, they like to have a letter to tell 'em they've got a friend as will help 'em. To be sure, we can't help knowing something about God, even if we've never heard the Gospel, the good news that our Saviour brought us. For we know everything comes from God: don't you say almost every day, ‘This and that will happen, please God,' and ‘We shall begin to cut the grass soon, please God to send us a little more sunshine'? We know very well we are altogether in the hands of God. We didn't bring ourselves into the world, we can't keep ourselves alive while we're sleeping; the daylight, and the wind, and the corn, and the cows to give us milk—everything we have comes from God. And he gave us our souls and put love between parents and children, and husband and wife. But is that as much as we want to know about God? We see he is great and mighty, and can do what he will: we are lost, as if we was struggling in great waters, when we try to think of him.”"
q00125,,0.00,unresolved,111,"“But perhaps doubts come into your mind like this: Can God take much notice of us poor people? Perhaps he only made the world for the great and the wise and the rich. It doesn't cost him much to give us our little handful of victual and bit of clothing; but how do we know he cares for us any more than we care for the worms and things in the garden, so as we rear our carrots and onions? Will God take care of us when we die? And has he any comfort for us when we are lame and sick and helpless? Perhaps, too, he is angry with us; else why does the blight come, and the bad harvests, and the fever, and all sorts of pain and trouble? For our life is full of trouble, and if God sends us good, he seems to send bad too. How is it? How is it?”"
q00126,,0.00,unresolved,112,"“Ah, dear friends, we are in sad want of good news about God; and what does other good news signify if we haven't that? For everything else comes to an end, and when we die we leave it all. But God lasts when everything else is gone. What shall we do if he is not our friend?”"
q00127,,0.00,unresolved,114,"“So you see, dear friends,”"
q00128,,0.00,unresolved,114,"“Jesus spent his time almost all in doing good to poor people; he preached out of doors to them, and he made friends of poor workmen, and taught them and took pains with them. Not but what he did good to the rich too, for he was full of love to all men, only he saw as the poor were more in want of his help. So he cured the lame and the sick and the blind, and he worked miracles to feed the hungry because, he said, he was sorry for them; and he was very kind to the little children and comforted those who had lost their friends; and he spoke very tenderly to poor sinners that were sorry for their sins.”"
q00129,,0.00,unresolved,115,"“Ah, wouldn't you love such a man if you saw him—if he were here in this village? What a kind heart he must have! What a friend he would be to go to in trouble! How pleasant it must be to be taught by him.”"
q00130,,0.00,unresolved,116,"“Well, dear friends, who was this man? Was he only a good man—a very good man, and no more—like our dear Mr. Wesley, who has been taken from us?... He was the Son of God—‘in the image of the Father,' the Bible says; that means, just like God, who is the beginning and end of all things—the God we want to know about. So then, all the love that Jesus showed to the poor is the same love that God has for us. We can understand what Jesus felt, because he came in a body like ours and spoke words such as we speak to each other. We were afraid to think what God was before—the God who made the world and the sky and the thunder and lightning. We could never see him; we could only see the things he had made; and some of these things was very terrible, so as we might well tremble when we thought of him. But our blessed Saviour has showed us what God is in a way us poor ignorant people can understand; he has showed us what God's heart is, what are his feelings towards us.”"
q00131,,0.00,unresolved,117,"“But let us see a little more about what Jesus came on earth for. Another time he said, ‘I came to seek and to save that which was lost'; and another time, ‘I came not to call the righteous but sinners to repentance.'”"
q00132,,0.00,unresolved,118,"“The lost!... Sinners!... Ah, dear friends, does that mean you and me?”"
q00133,,0.00,unresolved,119,“Will God take care of us when we die?”
q00134,,0.00,unresolved,119,“Lost!—Sinners!”
q00135,Dinah,0.97,after-name-verb,121,"“old Feyther Taft,”"
q00136,,0.00,unresolved,122,“curcheyed”
q00137,,0.00,unresolved,122,"“eat an egg, an apple, or a nut.”"
q00138,,0.00,unresolved,123,“See!”
q00139,,0.00,unresolved,123,"“See where our blessed Lord stands and weeps and stretches out his arms towards you. Hear what he says: ‘How often would I have gathered you as a hen gathereth her chickens under her wings, and ye would not!'... and ye would not,”"
q00140,,0.00,unresolved,123,"“See the print of the nails on his dear hands and feet. It is your sins that made them! Ah! How pale and worn he looks! He has gone through all that great agony in the garden, when his soul was exceeding sorrowful even unto death, and the great drops of sweat fell like blood to the ground. They spat upon him and buffeted him, they scourged him, they mocked him, they laid the heavy cross on his bruised shoulders. Then they nailed him up. Ah, what pain! His lips are parched with thirst, and they mock him still in this great agony; yet with those parched lips he prays for them, ‘Father, forgive them, for they know not what they do.' Then a horror of great darkness fell upon him, and he felt what sinners feel when they are for ever shut out from God. That was the last drop in the cup of bitterness. ‘My God, my God!' he cries, ‘why hast Thou forsaken me?'"
q00141,,0.00,unresolved,124,"“All this he bore for you! For you—and you never think of him; for you—and you turn your backs on him; you don't care what he has gone through for you. Yet he is not weary of toiling for you: he has risen from the dead, he is praying for you at the right hand of God—‘Father, forgive them, for they know not what they do.' And he is upon this earth too; he is among us; he is there close to you now; I see his wounded body and his look of love.”"
q00142,,0.00,unresolved,126,"“Poor child! Poor child! He is beseeching you, and you don't listen to him. You think of ear-rings and fine gowns and caps, and you never think of the Saviour who died to save your precious soul. Your cheeks will be shrivelled one day, your hair will be grey, your poor body will be thin and tottering! Then you will begin to feel that your soul is not saved; then you will have to stand before God dressed in your sins, in your evil tempers and vain thoughts. And Jesus, who stands ready to help you now, won't help you then; because you won't have him to be your Saviour, he will be your judge. Now he looks at you with love and mercy and says, ‘Come to me that you may have life'; then he will turn away from you, and say, ‘Depart from me into ever-lasting fire!'”"
q00143,Dinah,0.97,after-name-verb,128,"“Ah, poor blind child!”"
q00144,Dinah,0.96,before-name-verb,128,"“think if it should happen to you as it once happened to a servant of God in the days of her vanity. She thought of her lace caps and saved all her money to buy 'em; she thought nothing about how she might get a clean heart and a right spirit—she only wanted to have better lace than other girls. And one day when she put her new cap on and looked in the glass, she saw a bleeding Face crowned with thorns. That face is looking at you now”"
q00145,Dinah,0.91,same-paragraph,128,"“Ah, tear off those follies! Cast them away from you, as if they were stinging adders. They are stinging you—they are poisoning your soul—they are dragging you down into a dark bottomless pit, where you will sink for ever, and for ever, and for ever, further away from light and God.”"
q00146,Chad,0.91,same-paragraph,129,“laid hold on”
q00147,Chad,0.96,before-name-verb,129,"“Folks mun ha' hoss-shoes, praichin' or no praichin': the divil canna lay hould o' me for that,”"
q00148,,0.00,unresolved,131,"“Dear friends,”"
q00149,,0.00,unresolved,131,"“brothers and sisters, whom I love as those for whom my Lord has died, believe me, I know what this great blessedness is; and because I know it, I want you to have it too. I am poor, like you: I have to get my living with my hands; but no lord nor lady can be so happy as me, if they haven't got the love of God in their souls. Think what it is—not to hate anything but sin; to be full of love to every creature; to be frightened at nothing; to be sure that all things will turn to good; not to mind pain, because it is our Father's will; to know that nothing—no, not if the earth was to be burnt up, or the waters come and drown us—nothing could part us from God who loves us, and who fills our souls with peace and joy, because we are sure that whatever he wills is holy, just, and good.”"
q00150,,0.00,unresolved,132,"“Dear friends, come and take this blessedness; it is offered to you; it is the good news that Jesus came to preach to the poor. It is not like the riches of this world, so that the more one gets the less the rest can have. God is without end; his love is without end—”"
q00151,Dinah,0.96,before-name-verb,135,"“Let us sing a little, dear friends”"
q00152,Seth,0.96,before-name-verb,137,"“She's too good and holy for any man, let alone me,”"
q00153,Seth,0.96,before-name-verb,137,“There's no man could love her better and leave her freer to follow the Lord's work.”
q00154,,0.00,unresolved,138,"“You've quite made up your mind to go back to Snowfield o' Saturday, Dinah?”"
q00155,Dinah,0.98,after-verb-name,139,"“Yes,”"
q00156,Dinah,0.94,before-verb-name,139,"“I'm called there. It was borne in upon my mind while I was meditating on Sunday night, as Sister Allen, who's in a decline, is in need of me. I saw her as plain as we see that bit of thin white cloud, lifting up her poor thin hand and beckoning to me. And this morning when I opened the Bible for direction, the first words my eyes fell on were, ‘And after we had seen the vision, immediately we endeavoured to go into Macedonia.' If it wasn't for that clear showing of the Lord's will, I should be loath to go, for my heart yearns over my aunt and her little ones, and that poor wandering lamb Hetty Sorrel. I've been much drawn out in prayer for her of late, and I look on it as a token that there may be mercy in store for her.”"
q00157,Seth,0.98,after-verb-name,140,"“God grant it,”"
q00158,Seth,0.94,before-verb-name,140,"“For I doubt Adam's heart is so set on her, he'll never turn to anybody else; and yet it 'ud go to my heart if he was to marry her, for I canna think as she'd make him happy. It's a deep mystery—the way the heart of man turns to one woman out of all the rest he's seen i' the world, and makes it easier for him to work seven year for her, like Jacob did for Rachel, sooner than have any other woman for th' asking. I often think of them words, ‘And Jacob served seven years for Rachel; and they seemed to him but a few days for the love he had to her.' I know those words 'ud come true with me, Dinah, if so be you'd give me hope as I might win you after seven years was over. I know you think a husband 'ud be taking up too much o' your thoughts, because St. Paul says, ‘She that's married careth for the things of the world how she may please her husband'; and may happen you'll think me overbold to speak to you about it again, after what you told me o' your mind last Saturday. But I've been thinking it over again by night and by day, and I've prayed not to be blinded by my own desires, to think what's only good for me must be good for you too. And it seems to me there's more texts for your marrying than ever you can find against it. For St. Paul says as plain as can be in another place, ‘I will that the younger women marry, bear children, guide the house, give none occasion to the adversary to speak reproachfully'; and then ‘two are better than one'; and that holds good with marriage as well as with other things. For we should be o' one heart and o' one mind, Dinah. We both serve the same Master, and are striving after the same gifts; and I'd never be the husband to make a claim on you as could interfere with your doing the work God has fitted you for. I'd make a shift, and fend indoor and out, to give you more liberty—more than you can have now, for you've got to get your own living now, and I'm strong enough to work for us both.”"
q00159,Seth,0.96,before-name-verb,141,"“Seth Bede , I thank you for your love towards me, and if I could think of any man as more than a Christian brother, I think it would be you. But my heart is not free to marry. That is good for other women, and it is a great and a blessed thing to be a wife and mother; but ‘as God has distributed to every man, as the Lord hath called every man, so let him walk.' God has called me to minister to others, not to have any joys or sorrows of my own, but to rejoice with them that do rejoice, and to weep with those that weep. He has called me to speak his word, and he has greatly owned my work. It could only be on a very clear showing that I could leave the brethren and sisters at Snowfield, who are favoured with very little of this world's good; where the trees are few, so that a child might count them, and there's very hard living for the poor in the winter. It has been given me to help, to comfort, and strengthen the little flock there and to call in many wanderers; and my soul is filled with these things from my rising up till my lying down. My life is too short, and God's work is too great for me to think of making a home for myself in this world. I've not turned a deaf ear to your words, Seth, for when I saw as your love was given to me, I thought it might be a leading of Providence for me to change my way of life, and that we should be fellow-helpers; and I spread the matter before the Lord. But whenever I tried to fix my mind on marriage, and our living together, other thoughts always came in—the times when I've prayed by the sick and dying, and the happy hours I've had preaching, when my heart was filled with love, and the Word was given to me abundantly. And when I've opened the Bible for direction, I've always lighted on some clear word to tell me where my work lay. I believe what you say, Seth, that you would try to be a help and not a hindrance to my work; but I see that our marriage is not God's will—He draws my heart another way. I desire to live and die without husband or children. I seem to have no room in my soul for wants and fears of my own, it has pleased God to fill my heart so full with the wants and sufferings of his poor people.”"
q00160,,0.00,unresolved,146,"“No, Seth; but I counsel you to wait patiently, and not lightly to leave your own country and kindred. Do nothing without the Lord's clear bidding. It's a bleak and barren country there, not like this land of Goshen you've been used to. We mustn't be in a hurry to fix and choose our own lot; we must wait to be guided.”"
q00161,,0.00,unresolved,147,"“But you'd let me write you a letter, Dinah, if there was anything I wanted to tell you?”"
q00162,,0.00,unresolved,148,"“Yes, sure; let me know if you're in any trouble. You'll be continually in my prayers.”"
q00163,Seth,0.96,before-name-verb,149,"“I won't go in, Dinah, so farewell.”"
q00164,Seth,0.96,before-name-verb,149,“There's no knowing but what you may see things different after a while. There may be a new leading.”
q00165,,0.00,unresolved,150,"“Let us leave that, Seth. It's good to live only a moment at a time, as I've read in one of Mr. Wesley's books. It isn't for you and me to lay plans; we've nothing to do but to obey and to trust. Farewell.”"
q00166,,0.00,unresolved,153,"“stop the fits,”"
q00167,,0.00,unresolved,155,“hold on tight”
q00168,,0.00,unresolved,160,"“Well, my lad, it's gone seven by th' clock. Thee't allays stay till the last child's born. Thee wants thy supper, I'll warrand. Where's Seth? Gone arter some o's chapellin', I reckon?”"
q00169,Adam,0.98,after-verb-name,161,"“Aye, aye, Seth's at no harm, mother, thee mayst be sure. But where's father?”"
q00170,Seth,0.96,before-name-verb,161,“Hasn't he done the coffin for Tholer? There's the stuff standing just as I left it this morning.”
q00171,Lisbeth,0.98,after-verb-name,162,“Done the coffin?”
q00172,Lisbeth,0.91,same-paragraph,162,"“Eh, my lad, he went aff to Treddles'on this forenoon, an's niver come back. I doubt he's got to th' ‘Waggin Overthrow' again.”"
q00173,Adam,0.91,same-paragraph,164,"“What art goin' to do, Adam?”"
q00174,Adam,0.96,before-name-verb,164,"“Thee wouldstna go to work again, wi'out ha'in thy bit o' supper?”"
q00175,Adam,0.96,before-name-verb,165,"“Nay, my lad, my lad, thee munna go wi'out thy supper; there's the taters wi' the gravy in 'em, just as thee lik'st 'em. I saved 'em o' purpose for thee. Come an' ha' thy supper, come.”"
q00176,Adam,0.98,after-verb-name,166,“Let be!”
q00177,Adam,0.91,same-paragraph,166,"“It's fine talking about having supper when here's a coffin promised to be ready at Brox'on by seven o'clock to-morrow morning, and ought to ha' been there now, and not a nail struck yet. My throat's too full to swallow victuals.”"
q00178,Lisbeth,0.98,after-verb-name,167,"“Why, thee canstna get the coffin ready,”"
q00179,Lisbeth,0.94,before-verb-name,167,“Thee't work thyself to death. It 'ud take thee all night to do't.”
q00180,,0.00,unresolved,168,“What signifies how long it takes me? Isn't the coffin promised? Can they bury the man without a coffin? I'd work my right hand off sooner than deceive people with lies i' that way. It makes me mad to think on't. I shall overrun these doings before long. I've stood enough of 'em.”
q00181,,0.00,unresolved,170,"“Nay, my lad, my lad, thee wouldstna go away an' break thy mother's heart, an' leave thy feyther to ruin. Thee wouldstna ha' 'em carry me to th' churchyard, an' thee not to follow me. I shanna rest i' my grave if I donna see thee at th' last; an' how's they to let thee know as I'm a-dyin', if thee't gone a-workin' i' distant parts, an' Seth belike gone arter thee, and thy feyther not able to hold a pen for's hand shakin', besides not knowin' where thee art? Thee mun forgie thy feyther—thee munna be so bitter again' him. He war a good feyther to thee afore he took to th' drink. He's a clever workman, an' taught thee thy trade, remember, an's niver gen me a blow nor so much as an ill word—no, not even in 's drink. Thee wouldstna ha' 'm go to the workhus—thy own feyther—an' him as was a fine-growed man an' handy at everythin' amost as thee art thysen, five-an'-twenty 'ear ago, when thee wast a baby at the breast.”"
q00182,,0.00,unresolved,172,"“Now, Mother, don't cry and talk so. Haven't I got enough to vex me without that? What's th' use o' telling me things as I only think too much on every day? If I didna think on 'em, why should I do as I do, for the sake o' keeping things together here? But I hate to be talking where it's no use: I like to keep my breath for doing i'stead o' talking.”"
q00183,,0.00,unresolved,173,"“I know thee dost things as nobody else 'ud do, my lad. But thee't allays so hard upo' thy feyther, Adam. Thee think'st nothing too much to do for Seth: thee snapp'st me up if iver I find faut wi' th' lad. But thee't so angered wi' thy feyther, more nor wi' anybody else.”"
q00184,,0.00,unresolved,174,"“That's better than speaking soft and letting things go the wrong way, I reckon, isn't it? If I wasn't sharp with him he'd sell every bit o' stuff i' th' yard and spend it on drink. I know there's a duty to be done by my father, but it isn't my duty to encourage him in running headlong to ruin. And what has Seth got to do with it? The lad does no harm as I know of. But leave me alone, Mother, and let me get on with the work.”"
q00185,Gyp,0.98,after-verb-name,176,"“Go, Gyp; go, lad!”"
q00186,Adam,0.96,before-name-verb,177,"“Leave me alone,”"
q00187,Adam,0.96,before-name-verb,178,"“Thy supper stan's ready for thee, when thee lik'st.”"
q00188,Adam,0.98,after-verb-name,179,"“Donna thee sit up, mother,”"
q00189,Adam,0.91,same-paragraph,179,“I'll see to Father when he comes home; maybe he wonna come at all to-night. I shall be easier if thee't i' bed.”
q00190,,0.00,unresolved,180,"“Nay, I'll bide till Seth comes. He wonna be long now, I reckon.”"
q00191,,0.00,unresolved,182,"“Why, Mother,”"
q00192,,0.00,unresolved,182,“how is it as Father's working so late?”
q00193,,0.00,unresolved,183,"“It's none o' thy feyther as is a-workin'—thee might know that well anoof if thy head warna full o' chapellin'—it's thy brother as does iverything, for there's niver nobody else i' th' way to do nothin'.”"
q00194,Seth,0.96,before-name-verb,184,"“Addy , how's this? What! Father's forgot the coffin?”"
q00195,Adam,0.98,after-verb-name,185,"“Aye, lad, th' old tale; but I shall get it done,”"
q00196,Adam,0.91,same-paragraph,185,"“Why, what's the matter with thee? Thee't in trouble.”"
q00197,,0.00,unresolved,187,"“Yes, Addy, but it's what must be borne, and can't be helped. Why, thee'st never been to the school, then?”"
q00198,Adam,0.98,after-verb-name,188,"“School? No, that screw can wait,”"
q00199,Seth,0.98,after-verb-name,189,"“Let me take my turn now, and do thee go to bed,”"
q00200,,0.00,unresolved,190,"“No, lad, I'd rather go on, now I'm in harness. Thee't help me to carry it to Brox'on when it's done. I'll call thee up at sunrise. Go and eat thy supper, and shut the door so as I mayn't hear Mother's talk.”"
q00201,Lisbeth,0.98,after-verb-name,192,"“Adam's niver touched a bit o' victual sin' home he's come,”"
q00202,Adam,0.96,before-name-verb,192,“I reckon thee'st hed thy supper at some o' thy Methody folks.”
q00203,Seth,0.98,after-verb-name,193,"“Nay, Mother,”"
q00204,Seth,0.94,before-verb-name,193,“I've had no supper yet.”
q00205,Lisbeth,0.98,after-verb-name,194,"“Come, then,”"
q00206,Lisbeth,0.94,before-verb-name,194,"“but donna thee ate the taters, for Adam 'ull happen ate 'em if I leave 'em stannin'. He loves a bit o' taters an' gravy. But he's been so sore an' angered, he wouldn't ate 'em, for all I'd putten 'em by o' purpose for him. An' he's been a-threatenin' to go away again,”"
q00207,Lisbeth,0.91,same-paragraph,194,"“an' I'm fast sure he'll go some dawnin' afore I'm up, an' niver let me know aforehand, an' he'll niver come back again when once he's gone. An' I'd better niver ha' had a son, as is like no other body's son for the deftness an' th' handiness, an' so looked on by th' grit folks, an' tall an' upright like a poplar-tree, an' me to be parted from him an' niver see 'm no more.”"
q00208,Seth,0.98,after-verb-name,195,"“Come, Mother, donna grieve thyself in vain,”"
q00209,Seth,0.94,before-verb-name,195,"“Thee'st not half so good reason to think as Adam 'ull go away as to think he'll stay with thee. He may say such a thing when he's in wrath—and he's got excuse for being wrathful sometimes—but his heart 'ud never let him go. Think how he's stood by us all when it's been none so easy—paying his savings to free me from going for a soldier, an' turnin' his earnin's into wood for father, when he's got plenty o' uses for his money, and many a young man like him 'ud ha' been married and settled before now. He'll never turn round and knock down his own work, and forsake them as it's been the labour of his life to stand by.”"
q00210,Lisbeth,0.98,after-verb-name,196,"“Donna talk to me about's marr'in',”"
q00211,Lisbeth,0.94,before-verb-name,196,"“He's set's heart on that Hetty Sorrel, as 'ull niver save a penny, an' 'ull toss up her head at's old mother. An' to think as he might ha' Mary Burge, an' be took partners, an' be a big man wi' workmen under him, like Mester Burge—Dolly's told me so o'er and o'er again—if it warna as he's set's heart on that bit of a wench, as is o' no more use nor the gillyflower on the wall. An' he so wise at bookin' an' figurin', an' not to know no better nor that!”"
q00212,,0.00,unresolved,197,"“But, Mother, thee know'st we canna love just where other folks 'ud have us. There's nobody but God can control the heart of man. I could ha' wished myself as Adam could ha' made another choice, but I wouldn't reproach him for what he can't help. And I'm not sure but what he tries to o'ercome it. But it's a matter as he doesn't like to be spoke to about, and I can only pray to the Lord to bless and direct him.”"
q00213,,0.00,unresolved,198,"“Aye, thee't allays ready enough at prayin', but I donna see as thee gets much wi' thy prayin'. Thee wotna get double earnin's o' this side Yule. Th' Methodies 'll niver make thee half the man thy brother is, for all they're a-makin' a preacher on thee.”"
q00214,Seth,0.98,after-verb-name,199,"“It's partly truth thee speak'st there, Mother,”"
q00215,Seth,0.94,before-verb-name,199,"“Adam's far before me, an's done more for me than I can ever do for him. God distributes talents to every man according as He sees good. But thee mustna undervally prayer. Prayer mayna bring money, but it brings us what no money can buy—a power to keep from sin and be content with God's will, whatever He may please to send. If thee wouldst pray to God to help thee, and trust in His goodness, thee wouldstna be so uneasy about things.”"
q00216,Seth,0.78,neighbor-continuation,200,"“Unaisy? I'm i' th' right on't to be unaisy. It's well seen on thee what it is niver to be unaisy. Thee't gi' away all thy earnin's, an' niver be unaisy as thee'st nothin' laid up again' a rainy day. If Adam had been as aisy as thee, he'd niver ha' had no money to pay for thee. Take no thought for the morrow—take no thought—that's what thee't allays sayin'; an' what comes on't? Why, as Adam has to take thought for thee.”"
q00217,Seth,0.98,after-verb-name,201,"“Those are the words o' the Bible, Mother,”"
q00218,Seth,0.94,before-verb-name,201,"“They don't mean as we should be idle. They mean we shouldn't be overanxious and worreting ourselves about what'll happen to-morrow, but do our duty and leave the rest to God's will.”"
q00219,Seth,0.78,neighbor-continuation,202,"“Aye, aye, that's the way wi' thee: thee allays makes a peck o' thy own words out o' a pint o' the Bible's. I donna see how thee't to know as ‘take no thought for the morrow' means all that. An' when the Bible's such a big book, an' thee canst read all thro't, an' ha' the pick o' the texes, I canna think why thee dostna pick better words as donna mean so much more nor they say. Adam doesna pick a that'n; I can understan' the tex as he's allays a-sayin', ‘God helps them as helps theirsens.'”"
q00220,Seth,0.98,after-verb-name,203,"“Nay, Mother,”"
q00221,Seth,0.94,before-verb-name,203,"“that's no text o' the Bible. It comes out of a book as Adam picked up at the stall at Treddles'on. It was wrote by a knowing man, but overworldly, I doubt. However, that saying's partly true; for the Bible tells us we must be workers together with God.”"
q00222,,0.00,unresolved,204,"“Well, how'm I to know? It sounds like a tex. But what's th' matter wi' th' lad? Thee't hardly atin' a bit o' supper. Dostna mean to ha' no more nor that bit o' oat-cake? An' thee lookst as white as a flick o' new bacon. What's th' matter wi' thee?”"
q00223,,0.00,unresolved,205,"“Nothing to mind about, Mother; I'm not hungry. I'll just look in at Adam again, and see if he'll let me go on with the coffin.”"
q00224,Lisbeth,0.98,after-verb-name,206,“Ha' a drop o' warm broth?”
q00225,Lisbeth,0.91,same-paragraph,206,“nattering”
q00226,Lisbeth,0.91,same-paragraph,206,“I'll set two-three sticks a-light in a minute.”
q00227,Adam,0.98,after-verb-name,207,"“Nay, Mother, thank thee; thee't very good,”"
q00228,Seth,0.96,before-name-verb,207,"“Let me pray a bit with thee for Father, and Adam, and all of us—it'll comfort thee, happen, more than thee thinkst.”"
q00229,,0.00,unresolved,208,"“Well, I've nothin' to say again' it.”"
q00230,Adam,0.96,before-name-verb,211,"“Wilt only lie down for an hour or two, and let me go on the while?”"
q00231,Adam,0.78,neighbor-continuation,212,"“No, Seth, no. Make Mother go to bed, and go thyself.”"
q00232,Adam,0.96,before-name-verb,213,“Thee canst pick a bit while thee't workin'. I'll bring thee another drop o' water.”
q00233,Adam,0.98,after-verb-name,214,"“Aye, Mother, do,”"
q00234,Adam,0.94,before-verb-name,214,“I'm getting very thirsty.”
q00235,Adam,0.91,same-paragraph,218,"“So it will go on, worsening and worsening,”"
q00236,Adam,0.91,same-paragraph,218,"“there's no slipping uphill again, and no standing still when once you 've begun to slip down.”"
q00237,Adam,0.97,after-name-verb,218,“the little chap had an uncommon notion o' carpentering.”
q00238,Adam,0.97,after-name-verb,218,“I'm Thias Bede's lad.”
q00239,Adam,0.91,same-paragraph,218,“Waggon Overthrown.”
q00240,Adam,0.91,same-paragraph,218,“mensuration book”
q00241,Adam,0.97,after-name-verb,219,“No!”
q00242,Adam,0.96,before-name-verb,219,"“that must never happen again. It 'ud make a poor balance when my doings are cast up at the last, if my poor old mother stood o' the wrong side. My back's broad enough and strong enough; I should be no better than a coward to go away and leave the troubles to be borne by them as aren't half so able. ‘They that are strong ought to bear the infirmities of those that are weak, and not to please themselves.' There's a text wants no candle to show't; it shines by its own light. It's plain enough you get into the wrong road i' this life if you run after this and that only for the sake o' making things easy and pleasant to yourself. A pig may poke his nose into the trough and think o' nothing outside it; but if you've got a man's heart and soul in you, you can't be easy a-making your own bed an' leaving the rest to lie on the stones. Nay, nay, I'll never slip my neck out o' the yoke, and leave the load to be drawn by the weak uns. Father's a sore cross to me, an's likely to be for many a long year to come. What then? I've got th' health, and the limbs, and the sperrit to bear it.”"
q00243,Adam,0.91,same-paragraph,220,"“Eh, it's a big mystery; thee know'st but little about it.”"
q00244,Adam,0.96,before-name-verb,220,"“May be; but the bearing o' the roof and walls wasn't right, else it wouldn't ha' come down”"
q00245,,0.00,unresolved,222,“Waggon Overthrown.”
q00246,,0.00,unresolved,223,"“I won't open the door again. It's no use staring about to catch sight of a sound. Maybe there's a world about us as we can't see, but th' ear's quicker than the eye and catches a sound from't now and then. Some people think they get a sight on't too, but they're mostly folks whose eyes are not much use to 'em at anything else. For my part, I think it's better to see when your perpendicular's true than to see a ghost.”"
q00247,Adam,0.98,after-verb-name,225,"“Now, lad,”"
q00248,Adam,0.91,same-paragraph,225,"“the coffin's done, and we can take it over to Brox'on, and be back again before half after six. I'll take a mouthful o' oat-cake, and then we'll be off.”"
q00249,,0.00,unresolved,226,"“Seth, lad, if Father isn't come home by the time we've had our breakfast, I think it'll be as well for thee to go over to Treddles'on and look after him, and thee canst get me the brass wire I want. Never mind about losing an hour at thy work; we can make that up. What dost say?”"
q00250,Seth,0.98,after-verb-name,227,"“I'm willing,”"
q00251,Seth,0.94,before-verb-name,227,"“But see what clouds have gathered since we set out. I'm thinking we shall have more rain. It'll be a sore time for th' haymaking if the meadows are flooded again. The brook's fine and full now: another day's rain 'ud cover the plank, and we should have to go round by the road.”"
q00252,Seth,0.98,after-verb-name,229,"“Why, what's that sticking against the willow?”"
q00253,,0.00,unresolved,231,"“I'll run to Mother,”"
q00254,,0.00,unresolved,231,“I'll be back to thee in a minute.”
q00255,,0.00,unresolved,233,"“The lads 'ull be fine an' hungry,”"
q00256,,0.00,unresolved,233,"“It's a good step to Brox'on, an' it's hungry air o'er the hill—wi' that heavy coffin too. Eh! It's heavier now, wi' poor Bob Tholer in't. Howiver, I've made a drap more porridge nor common this mornin'. The feyther 'ull happen come in arter a bit. Not as he'll ate much porridge. He swallers sixpenn'orth o' ale, an' saves a hap'orth o' por-ridge—that's his way o' layin' by money, as I've told him many a time, an' am likely to tell him again afore the day's out. Eh, poor mon, he takes it quiet enough; there's no denyin' that.”"
q00257,,0.00,unresolved,234,“thud”
q00258,Adam,0.97,after-name-verb,235,"“Hush, Mother,”"
q00259,Adam,0.96,before-name-verb,235,“don't be frightened. Father's tumbled into the water. Belike we may bring him round again. Seth and me are going to carry him in. Get a blanket and make it hot as the fire.”
q00260,,0.00,unresolved,242,"“There, Dauphin, tell me what that is!”"
q00261,,0.00,unresolved,242,“I should be sorry to utter a word disagreeable to your feelings.”
q00262,,0.00,unresolved,243,"“Ah, you witch-mother, you sorceress! How is a Christian man to win a game off you? I should have sprinkled the board with holy water before we began. You've not won that game by fair means, now, so don't pretend it.”"
q00263,,0.00,unresolved,244,"“Yes, yes, that's what the beaten have always said of great conquerors. But see, there's the sunshine falling on the board, to show you more clearly what a foolish move you made with that pawn. Come, shall I give you another chance?”"
q00264,Tholer,0.98,after-verb-name,245,"“No, Mother, I shall leave you to your own conscience, now it's clearing up. We must go and plash up the mud a little, mus'n't we, Juno?”"
q00265,Tholer,0.91,same-paragraph,245,“But I must go upstairs first and see Anne. I was called away to Tholer's funeral just when I was going before.”
q00266,,0.00,unresolved,246,"“It's of no use, child; she can't speak to you. Kate says she has one of her worst headaches this morning.”"
q00267,,0.00,unresolved,247,"“Oh, she likes me to go and see her just the same; she's never too ill to care about that.”"
q00268,Juno,0.96,before-name-verb,249,"“If you please, sir, Joshua Rann wishes to speak with you, if you are at liberty.”"
q00269,,0.00,unresolved,250,"“Let him be shown in here,”"
q00270,,0.00,unresolved,250,"“I always like to hear what Mr. Rann has got to say. His shoes will be dirty, but see that he wipes them Carroll.”"
q00271,,0.00,unresolved,251,"“Well, Joshua, anything the matter at Hayslope, that you've come over this damp morning? Sit down, sit down. Never mind the dogs; give them a friendly kick. Here, Pug, you rascal!”"
q00272,,0.00,unresolved,253,"“Thank Your Reverence,”"
q00273,,0.00,unresolved,253,"“I'll stand, if you please, as more becoming. I hope I see you an' Mrs. Irwine well, an' Miss Irwine—an' Miss Anne, I hope's as well as usual.”"
q00274,,0.00,unresolved,254,"“Yes, Joshua, thank you. You see how blooming my mother looks. She beats us younger people hollow. But what's the matter?”"
q00275,,0.00,unresolved,255,"“Why, sir, I had to come to Brox'on to deliver some work, and I thought it but right to call and let you know the goins-on as there's been i' the village, such as I hanna seen i' my time, and I've lived in it man and boy sixty year come St. Thomas, and collected th' Easter dues for Mr. Blick before Your Reverence come into the parish, and been at the ringin' o' every bell, and the diggin' o' every grave, and sung i' the choir long afore Bartle Massey come from nobody knows where, wi' his counter-singin' and fine anthems, as puts everybody out but himself—one takin' it up after another like sheep a-bleatin' i' th' fold. I know what belongs to bein' a parish clerk, and I know as I should be wantin' i' respect to Your Reverence, an' church, an' king, if I was t' allow such goins-on wi'out speakin'. I was took by surprise, an' knowed nothin' on it beforehand, an' I was so flustered, I was clean as if I'd lost my tools. I hanna slep' more nor four hour this night as is past an' gone; an' then it was nothin' but nightmare, as tired me worse nor wakin'.”"
q00276,,0.00,unresolved,256,"“Why, what in the world is the matter, Joshua? Have the thieves been at the church lead again?”"
q00277,,0.00,unresolved,257,"“Thieves! No, sir—an' yet, as I may say, it is thieves, an' a-thievin' the church, too. It's the Methodisses as is like to get th' upper hand i' th' parish, if Your Reverence an' His Honour, Squire Donnithorne, doesna think well to say the word an' forbid it. Not as I'm a-dictatin' to you, sir; I'm not forgettin' myself so far as to be wise above my betters. Howiver, whether I'm wise or no, that's neither here nor there, but what I've got to say I say—as the young Methodis woman as is at Mester Poyser's was a-preachin' an' a-prayin' on the Green last night, as sure as I'm a-stannin' afore Your Reverence now.”"
q00278,,0.00,unresolved,258,“Preaching on the Green!”
q00279,,0.00,unresolved,258,"“What, that pale pretty young woman I've seen at Poyser's? I saw she was a Methodist, or Quaker, or something of that sort, by her dress, but I didn't know she was a preacher.”"
q00280,,0.00,unresolved,259,"“It's a true word as I say, sir,”"
q00281,,0.00,unresolved,259,"“She preached on the Green last night; an' she's laid hold of Chad's Bess, as the girl's been i' fits welly iver sin'.”"
q00282,,0.00,unresolved,260,"“Well, Bessy Cranage is a hearty-looking lass; I daresay she'll come round again, Joshua. Did anybody else go into fits?”"
q00283,,0.00,unresolved,261,"“No, sir, I canna say as they did. But there's no knowin' what'll come, if we're t' have such preachin's as that a-goin' on ivery week—there'll be no livin' i' th' village. For them Methodisses make folks believe as if they take a mug o' drink extry, an' make theirselves a bit comfortable, they'll have to go to hell for't as sure as they're born. I'm not a tipplin' man nor a drunkard—nobody can say it on me—but I like a extry quart at Easter or Christmas time, as is nat'ral when we're goin' the rounds a-singin', an' folks offer't you for nothin'; or when I'm a-collectin' the dues; an' I like a pint wi' my pipe, an' a neighbourly chat at Mester Casson's now an' then, for I was brought up i' the Church, thank God, an' ha' been a parish clerk this two-an'-thirty year: I should know what the church religion is.”"
q00284,,0.00,unresolved,262,"“Well, what's your advice, Joshua? What do you think should be done?”"
q00285,,0.00,unresolved,263,"“Well, Your Reverence, I'm not for takin' any measures again' the young woman. She's well enough if she'd let alone preachin'; an' I hear as she's a-goin' away back to her own country soon. She's Mr. Poyser's own niece, an' I donna wish to say what's anyways disrespectful o' th' family at th' Hall Farm, as I've measured for shoes, little an' big, welly iver sin' I've been a shoemaker. But there's that Will Maskery, sir as is the rampageousest Methodis as can be, an' I make no doubt it was him as stirred up th' young woman to preach last night, an' he'll be a-bringin' other folks to preach from Treddles'on, if his comb isn't cut a bit; an' I think as he should be let know as he isna t' have the makin' an' mendin' o' church carts an' implemen's, let alone stayin' i' that house an' yard as is Squire Donnithorne's.”"
q00286,,0.00,unresolved,264,"“Well, but you say yourself, Joshua, that you never knew any one come to preach on the Green before; why should you think they'll come again? The Methodists don't come to preach in little villages like Hayslope, where there's only a handful of labourers, too tired to listen to them. They might almost as well go and preach on the Binton Hills. Will Maskery is no preacher himself, I think.”"
q00287,,0.00,unresolved,265,"“Nay, sir, he's no gift at stringin' the words together wi'out book; he'd be stuck fast like a cow i' wet clay. But he's got tongue enough to speak disrespectful about's neebors, for he said as I was a blind Pharisee—a-usin' the Bible i' that way to find nick-names for folks as are his elders an' betters!—and what's worse, he's been heard to say very unbecomin' words about Your Reverence; for I could bring them as 'ud swear as he called you a ‘dumb dog,' an' a ‘idle shepherd.' You'll forgi'e me for sayin' such things over again.”"
q00288,,0.00,unresolved,266,"“Better not, better not, Joshua. Let evil words die as soon as they're spoken. Will Maskery might be a great deal worse fellow than he is. He used to be a wild drunken rascal, neglecting his work and beating his wife, they told me; now he's thrifty and decent, and he and his wife look comfortable together. If you can bring me any proof that he interferes with his neighbours and creates any disturbance, I shall think it my duty as a clergyman and a magistrate to interfere. But it wouldn't become wise people like you and me to be making a fuss about trifles, as if we thought the Church was in danger because Will Maskery lets his tongue wag rather foolishly, or a young woman talks in a serious way to a handful of people on the Green. We must ‘live and let live,' Joshua, in religion as well as in other things. You go on doing your duty, as parish clerk and sexton, as well as you've always done it, and making those capital thick boots for your neighbours, and things won't go far wrong in Hayslope, depend upon it.”"
q00289,,0.00,unresolved,267,"“Your Reverence is very good to say so; an' I'm sensable as, you not livin' i' the parish, there's more upo' my shoulders.”"
q00290,,0.00,unresolved,268,"“To be sure; and you must mind and not lower the Church in people's eyes by seeming to be frightened about it for a little thing, Joshua. I shall trust to your good sense, now to take no notice at all of what Will Maskery says, either about you or me. You and your neighbours can go on taking your pot of beer soberly, when you've done your day's work, like good churchmen; and if Will Maskery doesn't like to join you, but to go to a prayer-meeting at Treddleston instead, let him; that's no business of yours, so long as he doesn't hinder you from doing what you like. And as to people saying a few idle words about us, we must not mind that, any more than the old church-steeple minds the rooks cawing about it. Will Maskery comes to church every Sunday afternoon, and does his wheelwright's business steadily in the weekdays, and as long as he does that he must be let alone.”"
q00291,,0.00,unresolved,269,"“Ah, sir, but when he comes to church, he sits an' shakes his head, an' looks as sour an' as coxy when we're a-singin' as I should like to fetch him a rap across the jowl—God forgi'e me—an' Mrs. Irwine, an' Your Reverence too, for speakin' so afore you. An' he said as our Christmas singin' was no better nor the cracklin' o' thorns under a pot.”"
q00292,,0.00,unresolved,270,"“Well, he's got a bad ear for music, Joshua. When people have wooden heads, you know, it can't be helped. He won't bring the other people in Hayslope round to his opinion, while you go on singing as well as you do.”"
q00293,,0.00,unresolved,271,"“Yes, sir, but it turns a man's stomach t' hear the Scripture misused i' that way. I know as much o' the words o' the Bible as he does, an' could say the Psalms right through i' my sleep if you was to pinch me; but I know better nor to take 'em to say my own say wi'. I might as well take the Sacriment-cup home and use it at meals.”"
q00294,,0.00,unresolved,272,"“That's a very sensible remark of yours, Joshua; but, as I said before——”"
q00295,,0.00,unresolved,274,“Godson Arthur —may he come in?”
q00296,,0.00,unresolved,275,"“Come in, come in, godson!”"
q00297,,0.00,unresolved,275,“How are you's?”
q00298,,0.00,unresolved,275,"“the young squire,”"
q00299,,0.00,unresolved,275,"“the heir,”"
q00300,,0.00,unresolved,275,“the captain.”
q00301,,0.00,unresolved,276,“But don't let me interrupt Joshua's business—he has something to say.”
q00302,,0.00,unresolved,277,"“Humbly begging Your Honour's pardon,”"
q00303,,0.00,unresolved,277,“there was one thing I had to say to His Reverence as other things had drove out o' my head.”
q00304,,0.00,unresolved,278,"“Out with it, Joshua, quickly!”"
q00305,,0.00,unresolved,279,"“Belike, sir, you havena heared as Thias Bede's dead—drownded this morning, or more like overnight, i' the Willow Brook, again' the bridge right i' front o' the house.”"
q00306,,0.00,unresolved,280,“Ah!”
q00307,,0.00,unresolved,281,"“An' Seth Bede 's been to me this morning to say he wished me to tell Your Reverence as his brother Adam begged of you particular t' allow his father's grave to be dug by the White Thorn, because his mother's set her heart on it, on account of a dream as she had; an' they'd ha' come theirselves to ask you, but they've so much to see after with the crowner, an' that; an' their mother's took on so, an' wants 'em to make sure o' the spot for fear somebody else should take it. An' if Your Reverence sees well and good, I'll send my boy to tell 'em as soon as I get home; an' that's why I make bold to trouble you wi' it, His Honour being present.”"
q00308,,0.00,unresolved,282,"“To be sure, Joshua, to be sure, they shall have it. I'll ride round to Adam myself, and see him. Send your boy, however, to say they shall have the grave, lest anything should happen to detain me. And now, good morning, Joshua; go into the kitchen and have some ale.”"
q00309,Thias,0.91,same-paragraph,283,“Poor old Thias !”
q00310,Thias,0.96,before-name-verb,283,“I'm afraid the drink helped the brook to drown him. I should have been glad for the load to have been taken off my friend Adam's shoulders in a less painful way. That fine fellow has been propping up his father from ruin for the last five or six years.”
q00311,Adam,0.91,same-paragraph,284,"“He's a regular trump, is Adam,”"
q00312,Adam,0.96,before-name-verb,284,"“When I was a little fellow, and Adam was a strapping lad of fifteen, and taught me carpentering, I used to think if ever I was a rich sultan, I would make Adam my grand-vizier. And I believe now he would bear the exaltation as well as any poor wise man in an Eastern story. If ever I live to be a large-acred man instead of a poor devil with a mortgaged allowance of pocket-money, I'll have Adam for my right hand. He shall manage my woods for me, for he seems to have a better notion of those things than any man I ever met with; and I know he would make twice the money of them that my grandfather does, with that miserable old Satchell to manage, who understands no more about timber than an old carp. I've mentioned the subject to my grandfather once or twice, but for some reason or other he has a dislike to Adam, and I can do nothing. But come, Your Reverence, are you for a ride with me? It's splendid out of doors now. We can go to Adam's together, if you like; but I want to call at the Hall Farm on my way, to look at the whelps Poyser is keeping for me.”"
q00313,,0.00,unresolved,285,"“You must stay and have lunch first, Arthur ,”"
q00314,,0.00,unresolved,285,“It's nearly two. Carroll will bring it in directly.”
q00315,,0.00,unresolved,286,"“I want to go to the Hall Farm too,”"
q00316,,0.00,unresolved,286,“to have another look at the little Methodist who is staying there. Joshua tells me she was preaching on the Green last night.”
q00317,,0.00,unresolved,287,"“Oh, by Jove!”"
q00318,,0.00,unresolved,287,"“Why, she looks as quiet as a mouse. There's something rather striking about her, though. I positively felt quite bashful the first time I saw her—she was sitting stooping over her sewing in the sunshine outside the house, when I rode up and called out, without noticing that she was a stranger, ‘Is Martin Poyser at home?' I declare, when she got up and looked at me and just said, ‘He's in the house, I believe: I'll go and call him,' I felt quite ashamed of having spoken so abruptly to her. She looked like St. Catherine in a Quaker dress. It's a type of face one rarely sees among our common people.”"
q00319,,0.00,unresolved,288,"“I should like to see the young woman, Dauphin,”"
q00320,,0.00,unresolved,288,“Make her come here on some pretext or other.”
q00321,,0.00,unresolved,289,"“I don't know how I can manage that, Mother; it will hardly do for me to patronize a Methodist preacher, even if she would consent to be patronized by an idle shepherd, as Will Maskery calls me. You should have come in a little sooner, Arthur , to hear Joshua's denunciation of his neighbour Will Maskery. The old fellow wants me to excommunicate the wheelwright, and then deliver him over to the civil arm—that is to say, to your grandfather—to be turned out of house and yard. If I chose to interfere in this business, now, I might get up as pretty a story of hatred and persecution as the Methodists need desire to publish in the next number of their magazine. It wouldn't take me much trouble to persuade Chad Cranage and half a dozen other bull-headed fellows that they would be doing an acceptable service to the Church by hunting Will Maskery out of the village with rope-ends and pitchforks; and then, when I had furnished them with half a sovereign to get gloriously drunk after their exertions, I should have put the climax to as pretty a farce as any of my brother clergy have set going in their parishes for the last thirty years.”"
q00322,,0.00,unresolved,290,"“It is really insolent of the man, though, to call you an ‘idle shepherd' and a ‘dumb dog,'”"
q00323,,0.00,unresolved,290,"“I should be inclined to check him a little there. You are too easy-tempered, Dauphin.”"
q00324,,0.00,unresolved,291,"“Why, Mother, you don't think it would be a good way of sustaining my dignity to set about vindicating myself from the aspersions of Will Maskery? Besides, I'm not so sure that they are aspersions. I am a lazy fellow, and get terribly heavy in my saddle; not to mention that I'm always spending more than I can afford in bricks and mortar, so that I get savage at a lame beggar when he asks me for sixpence. Those poor lean cobblers, who think they can help to regenerate mankind by setting out to preach in the morning twilight before they begin their day's work, may well have a poor opinion of me. But come, let us have our luncheon. Isn't Kate coming to lunch?”"
q00325,Carroll,0.98,after-verb-name,292,"“Miss Irwine told Bridget to take her lunch upstairs,”"
q00326,Bridget,0.96,before-name-verb,292,“she can't leave Miss Anne.”
q00327,,0.00,unresolved,293,"“Oh, very well. Tell Bridget to say I'll go up and see Miss Anne presently. You can use your right arm quite well now, Arthur ,”"
q00328,,0.00,unresolved,294,"“Yes, pretty well; but Godwin insists on my keeping it up constantly for some time to come. I hope I shall be able to get away to the regiment, though, in the beginning of August. It's a desperately dull business being shut up at the Chase in the summer months, when one can neither hunt nor shoot, so as to make one's self pleasantly sleepy in the evening. However, we are to astonish the echoes on the 30th of July. My grandfather has given me carte blanche for once, and I promise you the entertainment shall be worthy of the occasion. The world will not see the grand epoch of my majority twice. I think I shall have a lofty throne for you, Godmamma, or rather two, one on the lawn and another in the ballroom, that you may sit and look down upon us like an Olympian goddess.”"
q00329,,0.00,unresolved,295,"“I mean to bring out my best brocade, that I wore at your christening twenty years ago,”"
q00330,,0.00,unresolved,295,"“Ah, I think I shall see your poor mother flitting about in her white dress, which looked to me almost like a shroud that very day; and it was her shroud only three months after; and your little cap and christening dress were buried with her too. She had set her heart on that, sweet soul! Thank God you take after your mother's family, Arthur . If you had been a puny, wiry, yellow baby, I wouldn't have stood godmother to you. I should have been sure you would turn out a Donnithorne. But you were such a broad-faced, broad-chested, loud-screaming rascal, I knew you were every inch of you a Tradgett.”"
q00331,,0.00,unresolved,296,"“But you might have been a little too hasty there, Mother,”"
q00332,,0.00,unresolved,296,"“Don't you remember how it was with Juno's last pups? One of them was the very image of its mother, but it had two or three of its father's tricks notwithstanding. Nature is clever enough to cheat even you, Mother.”"
q00333,,0.00,unresolved,297,"“Nonsense, child! Nature never makes a ferret in the shape of a mastiff. You'll never persuade me that I can't tell what men are by their outsides. If I don't like a man's looks, depend upon it I shall never like him. I don't want to know people that look ugly and disagreeable, any more than I want to taste dishes that look disagreeable. If they make me shudder at the first glance, I say, take them away. An ugly, piggish, or fishy eye, now, makes me feel quite ill; it's like a bad smell.”"
q00334,,0.00,unresolved,298,"“Talking of eyes,”"
q00335,,0.00,unresolved,298,"“that reminds me that I've got a book I meant to bring you, Godmamma. It came down in a parcel from London the other day. I know you are fond of queer, wizardlike stories. It's a volume of poems, ‘Lyrical Ballads.' Most of them seem to be twaddling stuff, but the first is in a different style—‘The Ancient Mariner' is the title. I can hardly make head or tail of it as a story, but it's a strange, striking thing. I'll send it over to you; and there are some other books that you may like to see, Irwine—pamphlets about Antinomianism and Evangelicalism, whatever they may be. I can't think what the fellow means by sending such things to me. I've written to him to desire that from henceforth he will send me no book or pamphlet on anything that ends in ism.”"
q00336,,0.00,unresolved,299,"“Well, I don't know that I'm very fond of isms myself; but I may as well look at the pamphlets; they let one see what is going on. I've a little matter to attend to, Arthur ,”"
q00337,,0.00,unresolved,299,“and then I shall be ready to set out with you.”
q00338,Miss Kate,0.98,after-verb-name,300,"“Come in,”"
q00339,Miss Kate,0.96,before-name-verb,300,“Don't speak to her; she can't bear to be spoken to to-day.”
q00340,,0.00,unresolved,301,“the gentlefolks.”
q00341,,0.00,unresolved,301,"“the gentlefolks, last winter”"
q00342,,0.00,unresolved,301,“stuff”
q00343,,0.00,unresolved,303,“travelling preacher”
q00344,,0.00,unresolved,303,"“tribe of canting Methodists,”"
q00345,,0.00,unresolved,303,"“Feyther Taft,”"
q00346,,0.00,unresolved,303,“earnest”
q00347,,0.00,unresolved,315,"“whittaw,”"
q00348,,0.00,unresolved,315,"“elbow polish,”"
q00349,,0.00,unresolved,317,“cleaned herself”
q00350,,0.00,unresolved,318,"“Spinning, indeed! It isn't spinning as you'd be at, I'll be bound, and let you have your own way. I never knew your equals for gallowsness. To think of a gell o' your age wanting to go and sit with half-a-dozen men! I'd ha' been ashamed to let the words pass over my lips if I'd been you. And you, as have been here ever since last Michaelmas, and I hired you at Treddles'on stattits, without a bit o' character—as I say, you might be grateful to be hired in that way to a respectable place; and you knew no more o' what belongs to work when you come here than the mawkin i' the field. As poor a two-fisted thing as ever I saw, you know you was. Who taught you to scrub a floor, I should like to know? Why, you'd leave the dirt in heaps i' the corners—anybody 'ud think you'd never been brought up among Christians. And as for spinning, why, you've wasted as much as your wage i' the flax you've spoiled learning to spin. And you've a right to feel that, and not to go about as gaping and as thoughtless as if you was beholding to nobody. Comb the wool for the whittaws, indeed! That's what you'd like to be doing, is it? That's the way with you—that's the road you'd all like to go, headlongs to ruin. You're never easy till you've got some sweetheart as is as big a fool as yourself: you think you'll be finely off when you're married, I daresay, and have got a three-legged stool to sit on, and never a blanket to cover you, and a bit o' oat-cake for your dinner, as three children are a-snatching at.”"
q00351,Molly,0.98,after-verb-name,319,"“I'm sure I donna want t' go wi' the whittaws,”"
q00352,Molly,0.91,same-paragraph,319,“on'y we allays used to comb the wool for 'n at Mester Ottley's; an' so I just axed ye. I donna want to set eyes on the whittaws again; I wish I may never stir if I do.”
q00353,,0.00,unresolved,320,"“Mr. Ottley's, indeed! It's fine talking o' what you did at Mr. Ottley's. Your missis there might like her floors dirted wi' whittaws for what I know. There's no knowing what people wonna like—such ways as I've heard of! I never had a gell come into my house as seemed to know what cleaning was; I think people live like pigs, for my part. And as to that Betty as was dairymaid at Trent's before she come to me, she'd ha' left the cheeses without turning from week's end to week's end, and the dairy thralls, I might ha' wrote my name on 'em, when I come downstairs after my illness, as the doctor said it was inflammation—it was a mercy I got well of it. And to think o' your knowing no better, Molly, and been here a-going i' nine months, and not for want o' talking to, neither—and what are you stanning there for, like a jack as is run down, instead o' getting your wheel out? You're a rare un for sitting down to your work a little while after it's time to put by.”"
q00354,,0.00,unresolved,321,"“Munny, my iron's twite told; pease put it down to warm.”"
q00355,,0.00,unresolved,323,"“Cold, is it, my darling? Bless your sweet face!”"
q00356,,0.00,unresolved,323,“Never mind! Mother's done her ironing now. She's going to put the ironing things away.”
q00357,,0.00,unresolved,324,"“Munny, I tould 'ike to do into de barn to Tommy, to see de whittawd.”"
q00358,Totty,0.91,same-paragraph,325,"“No, no, no; Totty 'ud get her feet wet,”"
q00359,Totty,0.96,before-name-verb,325,“Run into the dairy and see cousin Hetty make the butter.”
q00360,,0.00,unresolved,326,"“I tould 'ike a bit o' pum-take,”"
q00361,,0.00,unresolved,327,“Did ever anybody see the like?”
q00362,,0.00,unresolved,327,"“The child's allays i' mischief if your back's turned a minute. What shall I do to you, you naughty, naughty gell?”"
q00363,,0.00,unresolved,330,"“You look th' image o' your Aunt Judith, Dinah, when you sit a-sewing. I could almost fancy it was thirty years back, and I was a little gell at home, looking at Judith as she sat at her work, after she'd done the house up; only it was a little cottage, Father's was, and not a big rambling house as gets dirty i' one corner as fast as you clean it in another—but for all that, I could fancy you was your Aunt Judith, only her hair was a deal darker than yours, and she was stouter and broader i' the shoulders. Judith and me allays hung together, though she had such queer ways, but your mother and her never could agree. Ah, your mother little thought as she'd have a daughter just cut out after the very pattern o' Judith, and leave her an orphan, too, for Judith to take care on, and bring up with a spoon when she was in the graveyard at Stoniton. I allays said that o' Judith, as she'd bear a pound weight any day to save anybody else carrying a ounce. And she was just the same from the first o' my remembering her; it made no difference in her, as I could see, when she took to the Methodists, only she talked a bit different and wore a different sort o' cap; but she'd never in her life spent a penny on herself more than keeping herself decent.”"
q00364,Dinah,0.98,after-verb-name,331,"“She was a blessed woman,”"
q00365,Dinah,0.94,before-verb-name,331,"“God had given her a loving, self-forgetting nature, and He perfected it by grace. And she was very fond of you too, Aunt Rachel. I often heard her talk of you in the same sort of way. When she had that bad illness, and I was only eleven years old, she used to say, ‘You'll have a friend on earth in your Aunt Rachel, if I'm taken from you, for she has a kind heart,' and I'm sure I've found it so.”"
q00366,Dinah,0.78,neighbor-continuation,332,"“I don't know how, child; anybody 'ud be cunning to do anything for you, I think; you're like the birds o' th' air, and live nobody knows how. I'd ha' been glad to behave to you like a mother's sister, if you'd come and live i' this country where there's some shelter and victual for man and beast, and folks don't live on the naked hills, like poultry a-scratching on a gravel bank. And then you might get married to some decent man, and there'd be plenty ready to have you, if you'd only leave off that preaching, as is ten times worse than anything your Aunt Judith ever did. And even if you'd marry Seth Bede , as is a poor wool-gathering Methodist and's never like to have a penny beforehand, I know your uncle 'ud help you with a pig, and very like a cow, for he's allays been good-natur'd to my kin, for all they're poor, and made 'em welcome to the house; and 'ud do for you, I'll be bound, as much as ever he'd do for Hetty, though she's his own niece. And there's linen in the house as I could well spare you, for I've got lots o' sheeting and table-clothing, and towelling, as isn't made up. There's a piece o' sheeting I could give you as that squinting Kitty spun—she was a rare girl to spin, for all she squinted, and the children couldn't abide her; and, you know, the spinning's going on constant, and there's new linen wove twice as fast as the old wears out. But where's the use o' talking, if ye wonna be persuaded, and settle down like any other woman in her senses, i'stead o' wearing yourself out with walking and preaching, and giving away every penny you get, so as you've nothing saved against sickness; and all the things you've got i' the world, I verily believe, 'ud go into a bundle no bigger nor a double cheese. And all because you've got notions i' your head about religion more nor what's i' the Catechism and the Prayer-book.”"
q00367,Dinah,0.98,after-verb-name,333,"“But not more than what's in the Bible, Aunt,”"
q00368,,0.00,unresolved,334,"“Yes, and the Bible too, for that matter,”"
q00369,,0.00,unresolved,334,"“else why shouldn't them as know best what's in the Bible—the parsons and people as have got nothing to do but learn it—do the same as you do? But, for the matter o' that, if everybody was to do like you, the world must come to a standstill; for if everybody tried to do without house and home, and with poor eating and drinking, and was allays talking as we must despise the things o' the world as you say, I should like to know where the pick o' the stock, and the corn, and the best new-milk cheeses 'ud have to go. Everybody 'ud be wanting bread made o' tail ends and everybody 'ud be running after everybody else to preach to 'em, istead o' bringing up their families, and laying by against a bad harvest. It stands to sense as that can't be the right religion.”"
q00370,,0.00,unresolved,335,"“Nay, dear aunt, you never heard me say that all people are called to forsake their work and their families. It's quite right the land should be ploughed and sowed, and the precious corn stored, and the things of this life cared for, and right that people should rejoice in their families, and provide for them, so that this is done in the fear of the Lord, and that they are not unmindful of the soul's wants while they are caring for the body. We can all be servants of God wherever our lot is cast, but He gives us different sorts of work, according as He fits us for it and calls us to it. I can no more help spending my life in trying to do what I can for the souls of others, than you could help running if you heard little Totty crying at the other end of the house; the voice would go to your heart, you would think the dear child was in trouble or in danger, and you couldn't rest without running to help her and comfort her.”"
q00371,,0.00,unresolved,336,"“Ah,”"
q00372,,0.00,unresolved,336,"“I know it 'ud be just the same if I was to talk to you for hours. You'd make me the same answer, at th' end. I might as well talk to the running brook and tell it to stan' still.”"
q00373,,0.00,unresolved,337,"“If there isn't Captain Donnithorne and Mr. Irwine a-coming into the yard! I'll lay my life they're come to speak about your preaching on the Green, Dinah; it's you must answer 'em, for I'm dumb. I've said enough a'ready about your bringing such disgrace upo' your uncle's family. I wouldn't ha' minded if you'd been Mr. Poyser's own niece—folks must put up wi' their own kin, as they put up wi' their own noses—it's their own flesh and blood. But to think of a niece o' mine being cause o' my husband's being turned out of his farm, and me brought him no fortin but my savin's——”"
q00374,Dinah,0.98,after-verb-name,338,"“Nay, dear Aunt Rachel,”"
q00375,Dinah,0.94,before-verb-name,338,“you've no cause for such fears. I've strong assurance that no evil will happen to you and my uncle and the children from anything I've done. I didn't preach without direction.”
q00376,,0.00,unresolved,339,"“Direction! I know very well what you mean by direction,”"
q00377,,0.00,unresolved,339,"“When there's a bigger maggot than usual in your head you call it ‘direction'; and then nothing can stir you—you look like the statty o' the outside o' Treddles'on church, a-starin' and a-smilin' whether it's fair weather or foul. I hanna common patience with you.”"
q00378,,0.00,unresolved,341,"“Well, Mrs. Poyser, how are you after this stormy morning?”"
q00379,,0.00,unresolved,341,“Our feet are quite dry; we shall not soil your beautiful floor.”
q00380,,0.00,unresolved,342,"“Oh, sir, don't mention it,”"
q00381,,0.00,unresolved,342,“Will you and the captain please to walk into the parlour?”
q00382,,0.00,unresolved,343,"“No, indeed, thank you, Mrs. Poyser,”"
q00383,,0.00,unresolved,343,“I delight in your kitchen. I think it is the most charming room I know. I should like every farmer's wife to come and look at it for a pattern.”
q00384,,0.00,unresolved,344,"“Oh, you're pleased to say so, sir. Pray take a seat,”"
q00385,,0.00,unresolved,345,"“Poyser is not at home, is he?”"
q00386,,0.00,unresolved,346,"“No, sir, he isn't; he's gone to Rosseter to see Mr. West, the factor, about the wool. But there's Father i' the barn, sir, if he'd be of any use.”"
q00387,,0.00,unresolved,347,"“No, thank you; I'll just look at the whelps and leave a message about them with your shepherd. I must come another day and see your husband; I want to have a consultation with him about horses. Do you know when he's likely to be at liberty?”"
q00388,,0.00,unresolved,348,"“Why, sir, you can hardly miss him, except it's o' Treddles'on market-day—that's of a Friday, you know. For if he's anywhere on the farm we can send for him in a minute. If we'd got rid o' the Scantlands, we should have no outlying fields; and I should be glad of it, for if ever anything happens, he's sure to be gone to the Scantlands. Things allays happen so contrairy, if they've a chance; and it's an unnat'ral thing to have one bit o' your farm in one county and all the rest in another.”"
q00389,,0.00,unresolved,349,"“Ah, the Scantlands would go much better with Choyce's farm, especially as he wants dairyland and you've got plenty. I think yours is the prettiest farm on the estate, though; and do you know, Mrs. Poyser, if I were going to marry and settle, I should be tempted to turn you out, and do up this fine old house, and turn farmer myself.”"
q00390,,0.00,unresolved,350,"“Oh, sir,”"
q00391,,0.00,unresolved,350,"“you wouldn't like it at all. As for farming, it's putting money into your pocket wi' your right hand and fetching it out wi' your left. As fur as I can see, it's raising victual for other folks and just getting a mouthful for yourself and your children as you go along. Not as you'd be like a poor man as wants to get his bread—you could afford to lose as much money as you liked i' farming—but it's poor fun losing money, I should think, though I understan' it's what the great folks i' London play at more than anything. For my husband heard at market as Lord Dacey's eldest son had lost thousands upo' thousands to the Prince o' Wales, and they said my lady was going to pawn her jewels to pay for him. But you know more about that than I do, sir. But, as for farming, sir, I canna think as you'd like it; and this house—the draughts in it are enough to cut you through, and it's my opinion the floors upstairs are very rotten, and the rats i' the cellar are beyond anything.”"
q00392,,0.00,unresolved,351,"“Why, that's a terrible picture, Mrs. Poyser. I think I should be doing you a service to turn you out of such a place. But there's no chance of that. I'm not likely to settle for the next twenty years, till I'm a stout gentleman of forty; and my grandfather would never consent to part with such good tenants as you.”"
q00393,,0.00,unresolved,352,"“Well, sir, if he thinks so well o' Mr. Poyser for a tenant I wish you could put in a word for him to allow us some new gates for the Five closes, for my husband's been asking and asking till he's tired, and to think o' what he's done for the farm, and's never had a penny allowed him, be the times bad or good. And as I've said to my husband often and often, I'm sure if the captain had anything to do with it, it wouldn't be so. Not as I wish to speak disrespectful o' them as have got the power i' their hands, but it's more than flesh and blood 'ull bear sometimes, to be toiling and striving, and up early and down late, and hardly sleeping a wink when you lie down for thinking as the cheese may swell, or the cows may slip their calf, or the wheat may grow green again i' the sheaf—and after all, at th' end o' the year, it's like as if you'd been cooking a feast and had got the smell of it for your pains.”"
q00394,,0.00,unresolved,354,"“I'm afraid I should only do harm instead of good, if I were to speak about the gates, Mrs. Poyser,”"
q00395,,0.00,unresolved,354,"“though I assure you there's no man on the estate I would sooner say a word for than your husband. I know his farm is in better order than any other within ten miles of us; and as for the kitchen,”"
q00396,,0.00,unresolved,354,"“I don't believe there's one in the kingdom to beat it. By the by, I've never seen your dairy: I must see your dairy, Mrs. Poyser.”"
q00397,,0.00,unresolved,355,"“Indeed, sir, it's not fit for you to go in, for Hetty's in the middle o' making the butter, for the churning was thrown late, and I'm quite ashamed.”"
q00398,,0.00,unresolved,356,"“Oh, I've no doubt it's in capital order. Take me in,”"
q00399,,0.00,unresolved,359,"“the naughtier the little huzzy behaved, the prettier she looked.”"
q00400,,0.00,unresolved,362,"“I hope you will be ready for a great holiday on the thirtieth of July, Mrs. Poyser,”"
q00401,,0.00,unresolved,362,"“You know what is to happen then, and I shall expect you to be one of the guests who come earliest and leave latest. Will you promise me your hand for two dances, Miss Hetty? If I don't get your promise now, I know I shall hardly have a chance, for all the smart young farmers will take care to secure you.”"
q00402,,0.00,unresolved,364,"“Indeed, sir, you are very kind to take that notice of her. And I'm sure, whenever you're pleased to dance with her, she'll be proud and thankful, if she stood still all the rest o' th' evening.”"
q00403,Hetty,0.98,after-verb-name,365,"“Oh no, no, that would be too cruel to all the other young fellows who can dance. But you will promise me two dances, won't you?”"
q00404,Hetty,0.96,before-name-verb,366,"“Yes, thank you, sir.”"
q00405,,0.00,unresolved,367,"“And you must bring all your children, you know, Mrs. Poyser; your little Totty, as well as the boys. I want all the youngest children on the estate to be there—all those who will be fine young men and women when I'm a bald old fellow.”"
q00406,,0.00,unresolved,368,"“Oh dear, sir, that 'ull be a long time first,”"
q00407,,0.00,unresolved,368,"“very full of his jokes,”"
q00408,Totty,0.91,same-paragraph,369,“But where is Totty to-day?”
q00409,Totty,0.96,before-name-verb,369,“I want to see her.”
q00410,Hetty,0.91,same-paragraph,370,"“Where is the little un, Hetty?”"
q00411,Hetty,0.96,before-name-verb,370,“She came in here not long ago.”
q00412,,0.00,unresolved,371,"“I don't know. She went into the brewhouse to Nancy, I think.”"
q00413,Hetty,0.98,after-verb-name,373,“And do you carry the butter to market when you've made it?”
q00414,,0.00,unresolved,374,"“Oh no, sir; not when it's so heavy. I'm not strong enough to carry it. Alick takes it on horseback.”"
q00415,,0.00,unresolved,375,"“No, I'm sure your pretty arms were never meant for such heavy weights. But you go out a walk sometimes these pleasant evenings, don't you? Why don't you have a walk in the Chase sometimes, now it's so green and pleasant? I hardly ever see you anywhere except at home and at church.”"
q00416,Hetty,0.98,after-verb-name,376,"“Aunt doesn't like me to go a-walking only when I'm going somewhere,”"
q00417,Hetty,0.94,before-verb-name,376,“But I go through the Chase sometimes.”
q00418,,0.00,unresolved,377,"“And don't you ever go to see Mrs. Best, the housekeeper? I think I saw you once in the housekeeper's room.”"
q00419,,0.00,unresolved,378,"“It isn't Mrs. Best, it's Mrs. Pomfret, the lady's maid, as I go to see. She's teaching me tent-stitch and the lace-mending. I'm going to tea with her to-morrow afternoon.”"
q00420,Totty,0.98,after-verb-name,380,“Here she is!”
q00421,Totty,0.91,same-paragraph,380,"“Here's Totty! By the by, what's her other name? She wasn't christened Totty.”"
q00422,,0.00,unresolved,381,"“Oh, sir, we call her sadly out of her name. Charlotte's's her christened name. It's a name i' Mr. Poyser's family: his grandmother was named Charlotte's. But we began with calling her Lotty, and now it's got to Totty. To be sure it's more like a name for a dog than a Christian child.”"
q00423,,0.00,unresolved,382,"“Totty's a capital name. Why, she looks like a Totty. Has she got a pocket on?”"
q00424,,0.00,unresolved,384,"“It dot notin' in it,”"
q00425,Nancy,0.91,same-paragraph,385,"“No! What a pity! Such a pretty pocket. Well, I think I've got some things in mine that will make a pretty jingle in it. Yes! I declare I've got five little round silver things, and hear what a pretty noise they make in Totty's pink pocket.”"
q00426,Nancy,0.96,before-name-verb,385,"“Oh for shame, you naughty gell! Not to thank the captain for what he's given you I'm sure, sir, it's very kind of you; but she's spoiled shameful; her father won't have her said nay in anything, and there's no managing her. It's being the youngest, and th' only gell.”"
q00427,,0.00,unresolved,386,"“Oh, she's a funny little fatty; I wouldn't have her different. But I must be going now, for I suppose the rector is waiting for me.”"
q00428,,0.00,unresolved,387,"“good-bye,”"
q00429,,0.00,unresolved,389,"“What a well-favoured countenance! Oh that the good seed might fall on that soil, for it would surely flourish.”"
q00430,,0.00,unresolved,390,"“You are only a visitor in this neighbourhood, I think?”"
q00431,,0.00,unresolved,391,"“No, sir, I come from Snowfield, in Stonyshire. But my aunt was very kind, wanting me to have rest from my work there, because I'd been ill, and she invited me to come and stay with her for a while.”"
q00432,,0.00,unresolved,392,"“Ah, I remember Snowfield very well; I once had occasion to go there. It's a dreary bleak place. They were building a cotton-mill there; but that's many years ago now. I suppose the place is a good deal changed by the employment that mill must have brought.”"
q00433,,0.00,unresolved,393,"“It is changed so far as the mill has brought people there, who get a livelihood for themselves by working in it, and make it better for the tradesfolks. I work in it myself, and have reason to be grateful, for thereby I have enough and to spare. But it's still a bleak place, as you say, sir—very different from this country.”"
q00434,,0.00,unresolved,394,"“You have relations living there, probably, so that you are attached to the place as your home?”"
q00435,,0.00,unresolved,395,"“I had an aunt there once; she brought me up, for I was an orphan. But she was taken away seven years ago, and I have no other kindred that I know of, besides my Aunt Poyser, who is very good to me, and would have me come and live in this country, which to be sure is a good land, wherein they eat bread without scarceness. But I'm not free to leave Snowfield, where I was first planted, and have grown deep into it, like the small grass on the hill-top.”"
q00436,,0.00,unresolved,396,"“Ah, I daresay you have many religious friends and companions there; you are a Methodist—a Wesleyan, I think?”"
q00437,,0.00,unresolved,397,"“Yes, my aunt at Snowfield belonged to the Society, and I have cause to be thankful for the privileges I have had thereby from my earliest childhood.”"
q00438,,0.00,unresolved,398,“And have you been long in the habit of preaching? For I understand you preached at Hayslope last night.”
q00439,,0.00,unresolved,399,"“I first took to the work four years since, when I was twenty-one.”"
q00440,,0.00,unresolved,400,"“Your Society sanctions women's preaching, then?”"
q00441,,0.00,unresolved,401,"“It doesn't forbid them, sir, when they've a clear call to the work, and when their ministry is owned by the conversion of sinners and the strengthening of God's people. Mrs. Fletcher, as you may have heard about, was the first woman to preach in the Society, I believe, before she was married, when she was Miss Bosanquet; and Mr. Wesley approved of her undertaking the work. She had a great gift, and there are many others now living who are precious fellow-helpers in the work of the ministry. I understand there's been voices raised against it in the Society of late, but I cannot but think their counsel will come to nought. It isn't for men to make channels for God's Spirit, as they make channels for the watercourses, and say, ‘Flow here, but flow not there.'”"
q00442,,0.00,unresolved,402,"“But don't you find some danger among your people—I don't mean to say that it is so with you, far from it—but don't you find sometimes that both men and women fancy themselves channels for God's Spirit, and are quite mistaken, so that they set about a work for which they are unfit and bring holy things into contempt?”"
q00443,,0.00,unresolved,403,"“Doubtless it is so sometimes; for there have been evil-doers among us who have sought to deceive the brethren, and some there are who deceive their own selves. But we are not without discipline and correction to put a check upon these things. There's a very strict order kept among us, and the brethren and sisters watch for each other's souls as they that must give account. They don't go every one his own way and say, ‘Am I my brother's keeper?'”"
q00444,,0.00,unresolved,404,"“But tell me—if I may ask, and I am really interested in knowing it—how you first came to think of preaching?”"
q00445,,0.00,unresolved,405,"“Indeed, sir, I didn't think of it at all—I'd been used from the time I was sixteen to talk to the little children, and teach them, and sometimes I had had my heart enlarged to speak in class, and was much drawn out in prayer with the sick. But I had felt no call to preach, for when I'm not greatly wrought upon, I'm too much given to sit still and keep by myself. It seems as if I could sit silent all day long with the thought of God overflowing my soul—as the pebbles lie bathed in the Willow Brook. For thoughts are so great—aren't they, sir? They seem to lie upon us like a deep flood; and it's my besetment to forget where I am and everything about me, and lose myself in thoughts that I could give no account of, for I could neither make a beginning nor ending of them in words. That was my way as long as I can remember; but sometimes it seemed as if speech came to me without any will of my own, and words were given to me that came out as the tears come, because our hearts are full and we can't help it. And those were always times of great blessing, though I had never thought it could be so with me before a congregation of people. But, sir, we are led on, like the little children, by a way that we know not. I was called to preach quite suddenly, and since then I have never been left in doubt about the work that was laid upon me.”"
q00446,,0.00,unresolved,406,"“But tell me the circumstances—just how it was, the very day you began to preach.”"
q00447,,0.00,unresolved,407,"“It was one Sunday I walked with brother Marlowe, who was an aged man, one of the local preachers, all the way to Hetton-Deeps—that's a village where the people get their living by working in the lead-mines, and where there's no church nor preacher, but they live like sheep without a shepherd. It's better than twelve miles from Snowfield, so we set out early in the morning, for it was summertime; and I had a wonderful sense of the Divine love as we walked over the hills, where there's no trees, you know, sir, as there is here, to make the sky look smaller, but you see the heavens stretched out like a tent, and you feel the everlasting arms around you. But before we got to Hetton, brother Marlowe was seized with a dizziness that made him afraid of falling, for he overworked himself sadly, at his years, in watching and praying, and walking so many miles to speak the Word, as well as carrying on his trade of linen-weaving. And when we got to the village, the people were expecting him, for he'd appointed the time and the place when he was there before, and such of them as cared to hear the Word of Life were assembled on a spot where the cottages was thickest, so as others might be drawn to come. But he felt as he couldn't stand up to preach, and he was forced to lie down in the first of the cottages we came to. So I went to tell the people, thinking we'd go into one of the houses, and I would read and pray with them. But as I passed along by the cottages and saw the aged and trembling women at the doors, and the hard looks of the men, who seemed to have their eyes no more filled with the sight of the Sabbath morning than if they had been dumb oxen that never looked up to the sky, I felt a great movement in my soul, and I trembled as if I was shaken by a strong spirit entering into my weak body. And I went to where the little flock of people was gathered together, and stepped on the low wall that was built against the green hillside, and I spoke the words that were given to me abundantly. And they all came round me out of all the cottages, and many wept over their sins, and have since been joined to the Lord. That was the beginning of my preaching, sir, and I've preached ever since.”"
q00448,,0.00,unresolved,408,“He must be a miserable prig who would act the pedagogue here: one might as well go and lecture the trees for growing in their own shape.”
q00449,,0.00,unresolved,409,“And you never feel any embarrassment from the sense of your youth—that you are a lovely young woman on whom men's eyes are fixed?”
q00450,,0.00,unresolved,410,"“No, I've no room for such feelings, and I don't believe the people ever take notice about that. I think, sir, when God makes His presence felt through us, we are like the burning bush: Moses never took any heed what sort of bush it was—he only saw the brightness of the Lord. I've preached to as rough ignorant people as can be in the villages about Snowfield—men that looked very hard and wild—but they never said an uncivil word to me, and often thanked me kindly as they made way for me to pass through the midst of them.”"
q00451,,0.00,unresolved,411,"“That I can believe—that I can well believe,”"
q00452,,0.00,unresolved,411,"“And what did you think of your hearers last night, now? Did you find them quiet and attentive?”"
q00453,,0.00,unresolved,412,"“Very quiet, sir, but I saw no signs of any great work upon them, except in a young girl named Bessy Cranage, towards whom my heart yearned greatly, when my eyes first fell on her blooming youth, given up to folly and vanity. I had some private talk and prayer with her afterwards, and I trust her heart is touched. But I've noticed that in these villages where the people lead a quiet life among the green pastures and the still waters, tilling the ground and tending the cattle, there's a strange deadness to the Word, as different as can be from the great towns, like Leeds, where I once went to visit a holy woman who preaches there. It's wonderful how rich is the harvest of souls up those high-walled streets, where you seemed to walk as in a prison-yard, and the ear is deafened with the sounds of worldly toil. I think maybe it is because the promise is sweeter when this life is so dark and weary, and the soul gets more hungry when the body is ill at ease.”"
q00454,,0.00,unresolved,413,"“Why, yes, our farm-labourers are not easily roused. They take life almost as slowly as the sheep and cows. But we have some intelligent workmen about here. I daresay you know the Bedes; Seth Bede , by the by, is a Methodist.”"
q00455,,0.00,unresolved,414,"“Yes, I know Seth well, and his brother Adam a little. Seth is a gracious young man—sincere and without offence; and Adam is like the patriarch Joseph, for his great skill and knowledge and the kindness he shows to his brother and his parents.”"
q00456,,0.00,unresolved,415,"“Perhaps you don't know the trouble that has just happened to them? Their father, Matthias Bede, was drowned in the Willow Brook last night, not far from his own door. I'm going now to see Adam.”"
q00457,Dinah,0.98,after-verb-name,416,"“Ah, their poor aged mother!”"
q00458,Dinah,0.91,same-paragraph,416,"“She will mourn heavily, for Seth has told me she's of an anxious, troubled heart. I must go and see if I can give her any help.”"
q00459,Dinah,0.96,before-name-verb,417,"“Good-bye. I hear you are going away soon; but this will not be the last visit you will pay your aunt—so we shall meet again, I hope.”"
q00460,,0.00,unresolved,418,"“I've never asked after Mrs. Irwine and the Miss Irwines, sir; I hope they're as well as usual.”"
q00461,,0.00,unresolved,419,"“Yes, thank you, Mrs. Poyser, except that Miss Anne has one of her bad headaches to-day. By the by, we all liked that nice cream-cheese you sent us—my mother especially.”"
q00462,,0.00,unresolved,420,"“I'm very glad, indeed, sir. It is but seldom I make one, but I remembered Mrs. Irwine was fond of 'em. Please to give my duty to her, and to Miss Kate and Miss Anne. They've never been to look at my poultry this long while, and I've got some beautiful speckled chickens, black and white, as Miss Kate might like to have some of amongst hers.”"
q00463,,0.00,unresolved,421,"“Well, I'll tell her; she must come and see them. Good-bye,”"
q00464,Irwine,0.91,same-paragraph,422,"“Just ride slowly on, Irwine,”"
q00465,Irwine,0.96,before-name-verb,422,"“I'll overtake you in three minutes. I'm only going to speak to the shepherd about the whelps. Good-bye, Mrs. Poyser; tell your husband I shall come and have a long talk with him soon.”"
q00466,,0.00,unresolved,425,"“Why, Mr. Irwine wasn't angry, then? What did he say to you, Dinah? Didn't he scold you for preaching?”"
q00467,,0.00,unresolved,426,"“No, he was not at all angry; he was very friendly to me. I was quite drawn out to speak to him; I hardly know how, for I had always thought of him as a worldly Sadducee. But his countenance is as pleasant as the morning sunshine.”"
q00468,,0.00,unresolved,427,“Pleasant! and what else did y' expect to find him but pleasant?”
q00469,,0.00,unresolved,427,"“I should think his countenance is pleasant indeed! And him a gentleman born, and's got a mother like a picter. You may go the country round and not find such another woman turned sixty-six. It's summat-like to see such a man as that i' the desk of a Sunday! As I say to Poyser, it's like looking at a full crop o' wheat, or a pasture with a fine dairy o' cows in it; it makes you think the world's comfortable-like. But as for such creaturs as you Methodisses run after, I'd as soon go to look at a lot o' bare-ribbed runts on a common. Fine folks they are to tell you what's right, as look as if they'd never tasted nothing better than bacon-sword and sour-cake i' their lives. But what did Mr. Irwine say to you about that fool's trick o' preaching on the Green?”"
q00470,,0.00,unresolved,428,"“He only said he'd heard of it; he didn't seem to feel any displeasure about it. But, dear aunt, don't think any more about that. He told me something that I'm sure will cause you sorrow, as it does me. Thias Bede was drowned last night in the Willow Brook, and I'm thinking that the aged mother will be greatly in need of comfort. Perhaps I can be of use to her, so I have fetched my bonnet and am going to set out.”"
q00471,,0.00,unresolved,429,"“Dear heart, dear heart! But you must have a cup o' tea first, child,”"
q00472,,0.00,unresolved,429,"“The kettle's boiling—we'll have it ready in a minute; and the young uns 'ull be in and wanting theirs directly. I'm quite willing you should go and see th' old woman, for you're one as is allays welcome in trouble, Methodist or no Methodist; but, for the matter o' that, it's the flesh and blood folks are made on as makes the difference. Some cheeses are made o' skimmed milk and some o' new milk, and it's no matter what you call 'em, you may tell which is which by the look and the smell. But as to Thias Bede, he's better out o' the way nor in—God forgi' me for saying so—for he's done little this ten year but make trouble for them as belonged to him; and I think it 'ud be well for you to take a little bottle o' rum for th' old woman, for I daresay she's got never a drop o' nothing to comfort her inside. Sit down, child, and be easy, for you shan't stir out till you've had a cup o' tea, and so I tell you.”"
q00473,Molly,0.91,same-paragraph,431,"“Molly,”"
q00474,Molly,0.96,before-name-verb,431,“just run out and get me a bunch of dock-leaves: the butter's ready to pack up now.”
q00475,,0.00,unresolved,432,"“D' you hear what's happened, Hetty?”"
q00476,,0.00,unresolved,433,“No; how should I hear anything?”
q00477,,0.00,unresolved,434,"“Not as you'd care much, I daresay, if you did hear; for you're too feather-headed to mind if everybody was dead, so as you could stay upstairs a-dressing yourself for two hours by the clock. But anybody besides yourself 'ud mind about such things happening to them as think a deal more of you than you deserve. But Adam Bede and all his kin might be drownded for what you'd care—you'd be perking at the glass the next minute.”"
q00478,,0.00,unresolved,435,“Adam Bede—drowned?”
q00479,Dinah,0.98,after-verb-name,436,"“No, my dear, no,”"
q00480,Dinah,0.91,same-paragraph,436,"“Not Adam. Adam's father, the old man, is drowned. He was drowned last night in the Willow Brook. Mr. Irwine has just told me about it.”"
q00481,Molly,0.98,after-verb-name,437,"“Oh, how dreadful!”"
q00482,,0.00,unresolved,440,“Adam knew a fine sight more o' the natur o' things than those as thought themselves his betters”
q00483,,0.00,unresolved,440,“something like”
q00484,,0.00,unresolved,441,"“Adam Bede may be working for wage now, but he'll be a master-man some day, as sure as I sit in this chair. Mester Burge is in the right on't to want him to go partners and marry his daughter, if it's true what they say; the woman as marries him 'ull have a good take, be't Lady day or Michaelmas,”"
q00485,,0.00,unresolved,441,"“Ah,”"
q00486,,0.00,unresolved,441,"“it's all very fine having a ready-made rich man, but mayhappen he'll be a ready-made fool; and it's no use filling your pocket full o' money if you've got a hole in the corner. It'll do you no good to sit in a spring-cart o' your own, if you've got a soft to drive you: he'll soon turn you over into the ditch. I allays said I'd never marry a man as had got no brains; for where's the use of a woman having brains of her own if she's tackled to a geck as everybody's a-laughing at? She might as well dress herself fine to sit back'ards on a donkey.”"
q00487,,0.00,unresolved,442,"“Mary Burge, indeed! Such a sallow-faced girl: if she put on a bit of pink ribbon, she looked as yellow as a crow-flower and her hair was as straight as a hank of cotton.”"
q00488,,0.00,unresolved,445,"“What fascinated you so in Mrs. Poyser's dairy, Arthur ? Have you become an amateur of damp quarries and skimming dishes?”"
q00489,,0.00,unresolved,446,"“No, I went to look at the pretty butter-maker Hetty Sorrel. She's a perfect Hebe; and if I were an artist, I would paint her. It's amazing what pretty girls one sees among the farmers' daughters, when the men are such clowns. That common, round, red face one sees sometimes in the men—all cheek and no features, like Martin Poyser's—comes out in the women of the family as the most charming phiz imaginable.”"
q00490,,0.00,unresolved,447,"“Well, I have no objection to your contemplating Hetty in an artistic light, but I must not have you feeding her vanity and filling her little noddle with the notion that she's a great beauty, attractive to fine gentlemen, or you will spoil her for a poor man's wife—honest Craig's, for example, whom I have seen bestowing soft glances on her. The little puss seems already to have airs enough to make a husband as miserable as it's a law of nature for a quiet man to be when he marries a beauty. Apropos of marrying, I hope our friend Adam will get settled, now the poor old man's gone. He will only have his mother to keep in future, and I've a notion that there's a kindness between him and that nice modest girl, Mary Burge, from something that fell from old Jonathan one day when I was talking to him. But when I mentioned the subject to Adam he looked uneasy and turned the conversation. I suppose the love-making doesn't run smooth, or perhaps Adam hangs back till he's in a better position. He has independence of spirit enough for two men—rather an excess of pride, if anything.”"
q00491,,0.00,unresolved,448,"“That would be a capital match for Adam. He would slip into old Burge's shoes and make a fine thing of that building business, I'll answer for him. I should like to see him well settled in this parish; he would be ready then to act as my grand-vizier when I wanted one. We could plan no end of repairs and improvements together. I've never seen the girl, though, I think—at least I've never looked at her.”"
q00492,,0.00,unresolved,449,"“Look at her next Sunday at church—she sits with her father on the left of the reading-desk. You needn't look quite so much at Hetty Sorrel then. When I've made up my mind that I can't afford to buy a tempting dog, I take no notice of him, because if he took a strong fancy to me and looked lovingly at me, the struggle between arithmetic and inclination might become unpleasantly severe. I pique myself on my wisdom there, Arthur , and as an old fellow to whom wisdom had become cheap, I bestow it upon you.”"
q00493,,0.00,unresolved,450,"“Thank you. It may stand me in good stead some day though I don't know that I have any present use for it. Bless me! How the brook has overflowed. Suppose we have a canter, now we're at the bottom of the hill.”"
q00494,,0.00,unresolved,456,“Where is Adam?”
q00495,,0.00,unresolved,457,“What art goin' to do?”
q00496,Seth,0.98,after-verb-name,458,"“I want thee to have a cup of tea, Mother,”"
q00497,Seth,0.94,before-verb-name,458,"“It'll do thee good; and I'll put two or three of these things away, and make the house look more comfortable.”"
q00498,,0.00,unresolved,459,"“Comfortable! How canst talk o' ma'in' things comfortable? Let a-be, let a-be. There's no comfort for me no more,”"
q00499,,0.00,unresolved,459,"“now thy poor feyther's gone, as I'n washed for and mended, an' got's victual for him for thirty 'ear, an' him allays so pleased wi' iverything I done for him, an' used to be so handy an' do the jobs for me when I war ill an' cumbered wi' th' babby, an' made me the posset an' brought it upstairs as proud as could be, an' carried the lad as war as heavy as two children for five mile an' ne'er grumbled, all the way to Warson Wake, 'cause I wanted to go an' see my sister, as war dead an' gone the very next Christmas as e'er come. An' him to be drownded in the brook as we passed o'er the day we war married an' come home together, an' he'd made them lots o' shelves for me to put my plates an' things on, an' showed 'em me as proud as could be, 'cause he know'd I should be pleased. An' he war to die an' me not to know, but to be a-sleepin' i' my bed, as if I caredna nought about it. Eh! An' me to live to see that! An' us as war young folks once, an' thought we should do rarely when we war married. Let a-be, lad, let a-be! I wonna ha' no tay. I carena if I ne'er ate nor drink no more. When one end o' th' bridge tumbles down, where's th' use o' th' other stannin'? I may's well die, an' foller my old man. There's no knowin' but he'll want me.”"
q00500,Lisbeth,0.96,before-name-verb,461,"“I'll go an' see arter Adam, for I canna think where he's gotten; an' I want him to go upstairs wi' me afore it's dark, for the minutes to look at the corpse is like the meltin' snow.”"
q00501,Seth,0.96,before-name-verb,462,"“Adam's asleep in the workshop, mother. Thee'dst better not wake him. He was o'erwrought with work and trouble.”"
q00502,,0.00,unresolved,463,“Wake him? Who's a-goin' to wake him? I shanna wake him wi' lookin' at him. I hanna seen the lad this two hour—I'd welly forgot as he'd e'er growed up from a babby when's feyther carried him.”
q00503,,0.00,unresolved,465,"“Eh, my lad, my lad!”"
q00504,,0.00,unresolved,465,"“thee'st got nobody now but thy old mother to torment thee and be a burden to thee. Thy poor feyther 'ull ne'er anger thee no more; an' thy mother may's well go arter him—the sooner the better—for I'm no good to nobody now. One old coat 'ull do to patch another, but it's good for nought else. Thee'dst like to ha' a wife to mend thy clothes an' get thy victual, better nor thy old mother. An' I shall be nought but cumber, a-sittin' i' th' chimney-corner. (Adam winced and moved uneasily; he dreaded, of all things, to hear his mother speak of Hetty.) But if thy feyther had lived, he'd ne'er ha' wanted me to go to make room for another, for he could no more ha' done wi'out me nor one side o' the scissars can do wi'out th' other. Eh, we should ha' been both flung away together, an' then I shouldna ha' seen this day, an' one buryin' 'ud ha' done for us both.”"
q00505,,0.00,unresolved,467,"“I know thee couldst do better wi'out me, for thee couldst go where thee likedst an' marry them as thee likedst. But I donna want to say thee nay, let thee bring home who thee wut; I'd ne'er open my lips to find faut, for when folks is old an' o' no use, they may think theirsens well off to get the bit an' the sup, though they'n to swallow ill words wi't. An' if thee'st set thy heart on a lass as'll bring thee nought and waste all, when thee mightst ha' them as 'ud make a man on thee, I'll say nought, now thy feyther's dead an' drownded, for I'm no better nor an old haft when the blade's gone.”"
q00506,,0.00,unresolved,469,"“Thee wutna go upstairs an' see thy feyther then? I'n done everythin' now, an' he'd like thee to go an' look at him, for he war allays so pleased when thee wast mild to him.”"
q00507,Adam,0.96,before-name-verb,470,"“Yes, mother; let us go upstairs. Come, Seth, let us go together.”"
q00508,Lisbeth,0.96,before-name-verb,471,"“She will be quieter by and by, now we have been upstairs”"
q00509,Lisbeth,0.96,before-name-verb,472,"“Dear sister, the Lord has sent me to see if I can be a comfort to you.”"
q00510,Dinah,0.96,before-name-verb,475,"“Why, ye're a workin' woman!”"
q00511,,0.00,unresolved,476,"“Yes, I am Dinah Morris, and I work in the cotton-mill when I am at home.”"
q00512,Lisbeth,0.98,after-verb-name,477,“Ah!”
q00513,Lisbeth,0.94,before-verb-name,477,"“ye comed in so light, like the shadow on the wall, an' spoke i' my ear, as I thought ye might be a sperrit. Ye've got a'most the face o' one as is a-sittin' on the grave i' Adam's new Bible.”"
q00514,Lisbeth,0.78,neighbor-continuation,478,"“I come from the Hall Farm now. You know Mrs. Poyser—she's my aunt, and she has heard of your great affliction, and is very sorry; and I'm come to see if I can be any help to you in your trouble; for I know your sons Adam and Seth, and I know you have no daughter; and when the clergyman told me how the hand of God was heavy upon you, my heart went out towards you, and I felt a command to come and be to you in the place of a daughter in this grief, if you will let me.”"
q00515,Lisbeth,0.98,after-verb-name,479,"“Ah! I know who y' are now; y' are a Methody, like Seth; he's tould me on you,”"
q00516,Seth,0.96,before-name-verb,479,"“Ye'll make it out as trouble's a good thing, like he allays does. But where's the use o' talkin' to me a-that'n? Ye canna make the smart less wi' talkin'. Ye'll ne'er make me believe as it's better for me not to ha' my old man die in's bed, if he must die, an' ha' the parson to pray by him, an' me to sit by him, an' tell him ne'er to mind th' ill words I've gi'en him sometimes when I war angered, an' to gi' him a bit an' a sup, as long as a bit an' a sup he'd swallow. But eh! To die i' the cold water, an' us close to him, an' ne'er to know; an' me a-sleepin', as if I ne'er belonged to him no more nor if he'd been a journeyman tramp from nobody knows where!”"
q00517,Lisbeth,0.96,before-name-verb,480,"“Yes, dear friend, your affliction is great. It would be hardness of heart to say that your trouble was not heavy to bear. God didn't send me to you to make light of your sorrow, but to mourn with you, if you will let me. If you had a table spread for a feast, and was making merry with your friends, you would think it was kind to let me come and sit down and rejoice with you, because you'd think I should like to share those good things; but I should like better to share in your trouble and your labour, and it would seem harder to me if you denied me that. You won't send me away? You're not angry with me for coming?”"
q00518,,0.00,unresolved,481,"“Nay, nay; angered! who said I war angered? It war good on you to come. An' Seth, why donna ye get her some tay? Ye war in a hurry to get some for me, as had no need, but ye donna think o' gettin' 't for them as wants it. Sit ye down; sit ye down. I thank you kindly for comin', for it's little wage ye get by walkin' through the wet fields to see an old woman like me.... Nay, I'n got no daughter o' my own—ne'er had one—an' I warna sorry, for they're poor queechy things, gells is; I allays wanted to ha' lads, as could fend for theirsens. An' the lads 'ull be marryin'—I shall ha' daughters eno', an' too many. But now, do ye make the tay as ye like it, for I'n got no taste i' my mouth this day—it's all one what I swaller—it's all got the taste o' sorrow wi't.”"
q00519,,0.00,unresolved,484,"“Thee may'st well talk o' trouble bein' a good thing, Seth, for thee thriv'st on't. Thee look'st as if thee know'dst no more o' care an' cumber nor when thee wast a babby a-lyin' awake i' th' cradle. For thee'dst allays lie still wi' thy eyes open, an' Adam ne'er 'ud lie still a minute when he wakened. Thee wast allays like a bag o' meal as can ne'er be bruised—though, for the matter o' that, thy poor feyther war just such another. But ye've got the same look too”"
q00520,,0.00,unresolved,484,"“I reckon it's wi' bein' a Methody. Not as I'm a-findin' faut wi' ye for't, for ye've no call to be frettin', an' somehow ye looken sorry too. Eh! Well, if the Methodies are fond o' trouble, they're like to thrive: it's a pity they canna ha't all, an' take it away from them as donna like it. I could ha' gi'en 'em plenty; for when I'd gotten my old man I war worreted from morn till night; and now he's gone, I'd be glad for the worst o'er again.”"
q00521,Dinah,0.98,after-verb-name,485,"“Yes,”"
q00522,Dinah,0.91,same-paragraph,485,"“yes, I remember too, when my dear aunt died, I longed for the sound of her bad cough in the nights, instead of the silence that came when she was gone. But now, dear friend, drink this other cup of tea and eat a little more.”"
q00523,Lisbeth,0.98,after-verb-name,486,“What!”
q00524,Lisbeth,0.91,same-paragraph,486,"“had ye got no feyther and mother, then, as ye war so sorry about your aunt?”"
q00525,,0.00,unresolved,487,"“No, I never knew a father or mother; my aunt brought me up from a baby. She had no children, for she was never married and she brought me up as tenderly as if I'd been her own child.”"
q00526,,0.00,unresolved,488,"“Eh, she'd fine work wi' ye, I'll warrant, bringin' ye up from a babby, an' her a lone woman—it's ill bringin' up a cade lamb. But I daresay ye warna franzy, for ye look as if ye'd ne'er been angered i' your life. But what did ye do when your aunt died, an' why didna ye come to live in this country, bein' as Mrs. Poyser's your aunt too?”"
q00527,Lisbeth,0.96,before-name-verb,490,"“Ye've got a notion o' cleanin' up. I wouldna mind ha'in ye for a daughter, for ye wouldna spend the lad's wage i' fine clothes an' waste. Ye're not like the lasses o' this countryside. I reckon folks is different at Snowfield from what they are here.”"
q00528,Dinah,0.98,after-verb-name,491,"“They have a different sort of life, many of 'em,”"
q00529,Dinah,0.94,before-verb-name,491,"“they work at different things—some in the mill, and many in the mines, in the villages round about. But the heart of man is the same everywhere, and there are the children of this world and the children of light there as well as elsewhere. But we've many more Methodists there than in this country.”"
q00530,Dinah,0.78,neighbor-continuation,492,"“Well, I didna know as the Methody women war like ye, for there's Will Maskery's wife, as they say's a big Methody, isna pleasant to look at, at all. I'd as lief look at a tooad. An' I'm thinkin' I wouldna mind if ye'd stay an' sleep here, for I should like to see ye i' th' house i' th' mornin'. But mayhappen they'll be lookin for ye at Mester Poyser's.”"
q00531,Dinah,0.98,after-verb-name,493,"“No,”"
q00532,Dinah,0.94,before-verb-name,493,"“they don't expect me, and I should like to stay, if you'll let me.”"
q00533,Dinah,0.78,neighbor-continuation,494,"“Well, there's room; I'n got my bed laid i' th' little room o'er the back kitchen, an' ye can lie beside me. I'd be glad to ha' ye wi' me to speak to i' th' night, for ye've got a nice way o' talkin'. It puts me i' mind o' the swallows as was under the thack last 'ear when they fust begun to sing low an' soft-like i' th' mornin'. Eh, but my old man war fond o' them birds! An' so war Adam, but they'n ne'er comed again this 'ear. Happen they're dead too.”"
q00534,Dinah,0.98,after-verb-name,495,"“There,”"
q00535,Dinah,0.94,before-verb-name,495,"“now the kitchen looks tidy, and now, dear Mother—for I'm your daughter to-night, you know—I should like you to wash your face and have a clean cap on. Do you remember what David did, when God took away his child from him? While the child was yet alive he fasted and prayed to God to spare it, and he would neither eat nor drink, but lay on the ground all night, beseeching God for the child. But when he knew it was dead, he rose up from the ground and washed and anointed himself, and changed his clothes, and ate and drank; and when they asked him how it was that he seemed to have left off grieving now the child was dead, he said, ‘While the child was yet alive, I fasted and wept; for I said, Who can tell whether God will be gracious to me, that the child may live? But now he is dead, wherefore should I fast? Can I bring him back again? I shall go to him, but he shall not return to me.'”"
q00536,Lisbeth,0.98,after-verb-name,496,"“Eh, that's a true word,”"
q00537,Lisbeth,0.94,before-verb-name,496,"“Yea, my old man wonna come back to me, but I shall go to him—the sooner the better. Well, ye may do as ye like wi' me: there's a clean cap i' that drawer, an' I'll go i' the back kitchen an' wash my face. An' Seth, thee may'st reach down Adam's new Bible wi' th' picters in, an' she shall read us a chapter. Eh, I like them words—‘I shall go to him, but he wonna come back to me.'”"
q00538,,0.00,unresolved,497,“she was never left to herself; but it was always given her when to keep silence and when to speak.”
q00539,,0.00,unresolved,501,"“There's nothing but what's bearable as long as a man can work,”"
q00540,,0.00,unresolved,501,"“the natur o' things doesn't change, though it seems as if one's own life was nothing but change. The square o' four is sixteen, and you must lengthen your lever in proportion to your weight, is as true when a man's miserable as when he's happy; and the best o' working is, it gives you a grip hold o' things outside your own lot.”"
q00541,Dinah,0.98,after-verb-name,504,"“How do you do, Adam Bede?”"
q00542,Adam Bede,0.96,before-name-verb,504,“I trust you feel rested and strengthened again to bear the burden and heat of the day.”
q00543,Dinah,0.98,after-verb-name,506,"“I was quite taken by surprise; it was very good of you to come and see my mother in her trouble,”"
q00544,Dinah,0.98,after-verb-name,506,"“I hope my mother was thankful to have you,”"
q00545,Dinah,0.98,after-verb-name,507,"“Yes,”"
q00546,Dinah,0.94,before-verb-name,507,"“she seemed greatly comforted after a while, and she's had a good deal of rest in the night, by times. She was fast asleep when I left her.”"
q00547,Adam,0.98,after-verb-name,508,“Who was it took the news to the Hall Farm?”
q00548,,0.00,unresolved,509,"“It was Mr. Irwine, the clergyman, told me, and my aunt was grieved for your mother when she heard it, and wanted me to come; and so is my uncle, I'm sure, now he's heard it, but he was gone out to Rosseter all yesterday. They'll look for you there as soon as you've got time to go, for there's nobody round that hearth but what's glad to see you.”"
q00549,,0.00,unresolved,511,“But you won't be there yourself any longer?”
q00550,,0.00,unresolved,512,"“No, I go back to Snowfield on Saturday, and I shall have to set out to Treddleston early, to be in time for the Oakbourne carrier. So I must go back to the farm to-night, that I may have the last day with my aunt and her children. But I can stay here all to-day, if your mother would like me; and her heart seemed inclined towards me last night.”"
q00551,Adam,0.97,after-name-verb,513,"“Ah, then, she's sure to want you to-day. If mother takes to people at the beginning, she's sure to get fond of 'em; but she's a strange way of not liking young women. Though, to be sure,”"
q00552,Adam,0.96,before-name-verb,513,“her not liking other young women is no reason why she shouldn't like you.”
q00553,Adam,0.98,after-verb-name,515,"“You see Gyp bids you welcome,”"
q00554,Gyp,0.96,before-name-verb,515,“and he's very slow to welcome strangers.”
q00555,Dinah,0.98,after-verb-name,516,“Poor dog!”
q00556,Dinah,0.94,before-verb-name,516,"“I've a strange feeling about the dumb things as if they wanted to speak, and it was a trouble to 'em because they couldn't. I can't help being sorry for the dogs always, though perhaps there's no need. But they may well have more in them than they know how to make us understand, for we can't say half what we feel, with all our words.”"
q00557,,0.00,unresolved,519,"“Ye might ha' made the parridge worse,”"
q00558,,0.00,unresolved,519,"“I can ate it wi'out its turnin' my stomach. It might ha' been a trifle thicker an' no harm, an' I allays putten a sprig o' mint in mysen; but how's ye t' know that? The lads arena like to get folks as 'll make their parridge as I'n made it for 'em; it's well if they get onybody as 'll make parridge at all. But ye might do, wi' a bit o' showin'; for ye're a stirrin' body in a mornin', an' ye've a light heel, an' ye've cleaned th' house well enough for a ma'shift.”"
q00559,Adam,0.98,after-verb-name,520,"“Makeshift, mother?”"
q00560,Adam,0.94,before-verb-name,520,"“Why, I think the house looks beautiful. I don't know how it could look better.”"
q00561,,0.00,unresolved,521,"“Thee dostna know? Nay; how's thee to know? Th' men ne'er know whether the floor's cleaned or cat-licked. But thee'lt know when thee gets thy parridge burnt, as it's like enough to be when I'n gi'en o'er makin' it. Thee'lt think thy mother war good for summat then.”"
q00562,Seth,0.98,after-verb-name,522,"“Dinah,”"
q00563,Dinah,0.96,before-name-verb,522,“do come and sit down now and have your breakfast. We're all served now.”
q00564,Dinah,0.98,after-verb-name,523,"“Aye, come an' sit ye down—do,”"
q00565,Dinah,0.98,after-verb-name,523,"“an' ate a morsel; ye'd need, arter bein' upo' your legs this hour an' half a'ready. Come, then,”"
q00566,Lisbeth,0.96,before-name-verb,523,"“I'll be loath for ye t' go, but ye canna stay much longer, I doubt. I could put up wi' ye i' th' house better nor wi' most folks.”"
q00567,Dinah,0.98,after-verb-name,524,"“I'll stay till to-night if you're willing,”"
q00568,Dinah,0.94,before-verb-name,524,"“I'd stay longer, only I'm going back to Snowfield on Saturday, and I must be with my aunt to-morrow.”"
q00569,,0.00,unresolved,525,"“Eh, I'd ne'er go back to that country. My old man come from that Stonyshire side, but he left it when he war a young un, an' i' the right on't too; for he said as there war no wood there, an' it 'ud ha' been a bad country for a carpenter.”"
q00570,Adam,0.98,after-verb-name,526,"“Ah,”"
q00571,Adam,0.94,before-verb-name,526,"“I remember father telling me when I was a little lad that he made up his mind if ever he moved it should be south'ard. But I'm not so sure about it. Bartle Massey says—and he knows the South—as the northern men are a finer breed than the southern, harder-headed and stronger-bodied, and a deal taller. And then he says in some o' those counties it's as flat as the back o' your hand, and you can see nothing of a distance without climbing up the highest trees. I couldn't abide that. I like to go to work by a road that'll take me up a bit of a hill, and see the fields for miles round me, and a bridge, or a town, or a bit of a steeple here and there. It makes you feel the world's a big place, and there's other men working in it with their heads and hands besides yourself.”"
q00572,Seth,0.98,after-verb-name,527,"“I like th' hills best,”"
q00573,Seth,0.94,before-verb-name,527,"“when the clouds are over your head and you see the sun shining ever so far off, over the Loamford way, as I've often done o' late, on the stormy days. It seems to me as if that was heaven where there's always joy and sunshine, though this life's dark and cloudy.”"
q00574,Dinah,0.98,after-verb-name,528,"“Oh, I love the Stonyshire side,”"
q00575,Dinah,0.94,before-verb-name,528,"“I shouldn't like to set my face towards the countries where they're rich in corn and cattle, and the ground so level and easy to tread; and to turn my back on the hills where the poor people have to live such a hard life and the men spend their days in the mines away from the sunlight. It's very blessed on a bleak cold day, when the sky is hanging dark over the hill, to feel the love of God in one's soul, and carry it to the lonely, bare, stone houses, where there's nothing else to give comfort.”"
q00576,Lisbeth,0.98,after-verb-name,529,“Eh!”
q00577,Adam,0.98,after-verb-name,529,"“that's very well for ye to talk, as looks welly like the snowdrop-flowers as ha' lived for days an' days when I'n gethered 'em, wi' nothin' but a drop o' water an' a peep o' daylight; but th' hungry foulks had better leave th' hungry country. It makes less mouths for the scant cake. But,”"
q00578,Adam,0.94,before-verb-name,529,"“donna thee talk o' goin' south'ard or north'ard, an' leavin' thy feyther and mother i' the churchyard, an' goin' to a country as they know nothin' on. I'll ne'er rest i' my grave if I donna see thee i' the churchyard of a Sunday.”"
q00579,Adam,0.98,after-verb-name,530,"“Donna fear, mother,”"
q00580,Adam,0.94,before-verb-name,530,"“If I hadna made up my mind not to go, I should ha' been gone before now.”"
q00581,Lisbeth,0.98,after-verb-name,532,“What art goin' to do?”
q00582,Lisbeth,0.94,before-verb-name,532,“Set about thy feyther's coffin?”
q00583,Adam,0.98,after-verb-name,533,"“No, mother,”"
q00584,Adam,0.94,before-verb-name,533,“we're going to take the wood to the village and have it made there.”
q00585,,0.00,unresolved,534,"“Nay, my lad, nay,”"
q00586,,0.00,unresolved,534,"“thee wotna let nobody make thy feyther's coffin but thysen? Who'd make it so well? An' him as know'd what good work war, an's got a son as is the head o' the village an' all Treddles'on too, for cleverness.”"
q00587,,0.00,unresolved,535,"“Very well, mother, if that's thy wish, I'll make the coffin at home; but I thought thee wouldstna like to hear the work going on.”"
q00588,,0.00,unresolved,536,“An' why shouldna I like 't? It's the right thing to be done. An' what's liking got to do wi't? It's choice o' mislikings is all I'n got i' this world. One morsel's as good as another when your mouth's out o' taste. Thee mun set about it now this mornin' fust thing. I wonna ha' nobody to touch the coffin but thee.”
q00589,Seth,0.98,after-verb-name,538,"“No, Mother,”"
q00590,Seth,0.91,same-paragraph,538,"“I'll not consent but Seth shall have a hand in it too, if it's to be done at home. I'll go to the village this forenoon, because Mr. Burge 'ull want to see me, and Seth shall stay at home and begin the coffin. I can come back at noon, and then he can go.”"
q00591,,0.00,unresolved,539,"“Nay, nay,”"
q00592,,0.00,unresolved,539,"“I'n set my heart on't as thee shalt ma' thy feyther's coffin. Thee't so stiff an' masterful, thee't ne'er do as thy mother wants thee. Thee wast often angered wi' thy feyther when he war alive; thee must be the better to him now he's gone. He'd ha' thought nothin' on't for Seth to ma's coffin.”"
q00593,Seth,0.98,after-verb-name,540,"“Say no more, Adam, say no more,”"
q00594,Adam,0.96,before-name-verb,540,"“Mother's in the right. I'll go to work, and do thee stay at home.”"
q00595,,0.00,unresolved,542,“Seth Bede!”
q00596,,0.00,unresolved,542,"“I won't say farewell. I shall see you again when you come from work. So as I'm at the farm before dark, it will be quite soon enough.”"
q00597,,0.00,unresolved,543,"“Thank you, Dinah; I should like to walk home with you once more. It'll perhaps be the last time.”"
q00598,Dinah,0.96,before-name-verb,544,"“You'll have sweet peace in your mind to-day, Seth, for your tenderness and long-suffering towards your aged mother.”"
q00599,Adam,0.96,before-name-verb,545,"“I don't wonder at thee for loving her, Seth. She's got a face like a lily.”"
q00600,Adam,0.96,before-name-verb,546,"“Aye, Addy, I do love her—too much, I doubt. But she doesna love me, lad, only as one child o' God loves another. She'll never love any man as a husband—that's my belief.”"
q00601,,0.00,unresolved,547,"“Nay, lad, there's no telling; thee mustna lose heart. She's made out o' stuff with a finer grain than most o' the women; I can see that clear enough. But if she's better than they are in other things, I canna think she'll fall short of 'em in loving.”"
q00602,,0.00,unresolved,549,"“God help the lad, and me too,”"
q00603,,0.00,unresolved,549,"“We're like enough to find life a tough job—hard work inside and out. It's a strange thing to think of a man as can lift a chair with his teeth and walk fifty mile on end, trembling and turning hot and cold at only a look from one woman out of all the rest i' the world. It's a mystery we can give no account of; but no more we can of the sprouting o' the seed, for that matter.”"
q00604,Pym,0.98,after-verb-name,552,"“I mean to go to Eagledale and fish for a week or so,”"
q00605,Pym,0.91,same-paragraph,552,"“I shall take you with me, Pym, and set off this morning; so be ready by half-past eleven.”"
q00606,,0.00,unresolved,553,“When the heart of a man is oppressed with care.”
q00607,,0.00,unresolved,553,"“No! I'm a devil of a fellow for getting myself into a hobble, but I always take care the load shall fall on my own shoulders.”"
q00608,,0.00,unresolved,554,“a good fellow”
q00609,,0.00,unresolved,554,“nice.”
q00610,,0.00,unresolved,554,"“good fellow,”"
q00611,,0.00,unresolved,558,"“You must have Meg saddled for me and brought to the door at half-past eleven, and I shall want Rattler saddled for Pym at the same time. Do you hear?”"
q00612,John,0.98,after-verb-name,559,"“Yes, I hear, I hear, Cap'n,”"
q00613,Meg,0.91,same-paragraph,561,"“Well, Meg, my pretty girl,”"
q00614,Meg,0.96,before-name-verb,561,“we'll have a glorious canter this morning.”
q00615,John,0.98,after-verb-name,562,"“Nay, your honour, I donna see as that can be,”"
q00616,,0.00,unresolved,563,“Not be? Why not?”
q00617,,0.00,unresolved,564,"“Why, she's got lamed.”"
q00618,,0.00,unresolved,565,"“Lamed, confound you! What do you mean?”"
q00619,,0.00,unresolved,566,"“Why, th' lad took her too close to Dalton's hosses, an' one on 'em flung out at her, an' she's got her shank bruised o' the near foreleg.”"
q00620,,0.00,unresolved,567,“who-ho's”
q00621,,0.00,unresolved,568,"“Salkeld would have drunk a bottle of port every day,”"
q00622,,0.00,unresolved,568,"“but I'm not well seasoned enough for that. Well, since I can't go to Eagledale, I'll have a gallop on Rattler to Norburne this morning, and lunch with Gawaine.”"
q00623,,0.00,unresolved,570,“taking”
q00624,Dalton,0.98,after-verb-name,572,"“The cap'n's been ridin' the devil's own pace,”"
q00625,Dalton,0.78,neighbor-continuation,573,"“An' I wish he'd get the devil to do's grooming for'n,”"
q00626,Dalton,0.98,after-verb-name,574,"“Aye; he'd hev a deal haimabler groom nor what he has now,”"
q00627,,0.00,unresolved,575,"“If Irwine had said nothing, I shouldn't have thought half so much of Hetty as of Meg's lameness.”"
q00628,Hetty,0.98,after-verb-name,579,"“You are quite right to choose this way of coming to the Chase,”"
q00629,Hetty,0.94,before-verb-name,579,“it is so much prettier as well as shorter than coming by either of the lodges.”
q00630,Hetty,0.97,after-name-verb,580,"“Yes, sir,”"
q00631,,0.00,unresolved,581,“Do you come every week to see Mrs. Pomfret?”
q00632,,0.00,unresolved,582,"“Yes, sir, every Thursday, only when she's got to go out with Miss Donnithorne.”"
q00633,,0.00,unresolved,583,"“And she's teaching you something, is she?”"
q00634,,0.00,unresolved,584,"“Yes, sir, the lace-mending as she learnt abroad, and the stocking-mending—it looks just like the stocking, you can't tell it's been mended; and she teaches me cutting-out too.”"
q00635,,0.00,unresolved,585,“What! are you going to be a lady's maid?”
q00636,,0.00,unresolved,586,“I should like to be one very much indeed.”
q00637,,0.00,unresolved,587,“I suppose Mrs. Pomfret always expects you at this time?”
q00638,,0.00,unresolved,588,"“She expects me at four o'clock. I'm rather late to-day, because my aunt couldn't spare me; but the regular time is four, because that gives us time before Miss Donnithorne's bell rings.”"
q00639,,0.00,unresolved,589,"“Ah, then, I must not keep you now, else I should like to show you the Hermitage. Did you ever see it?”"
q00640,,0.00,unresolved,590,"“No, sir.”"
q00641,,0.00,unresolved,591,"“This is the walk where we turn up to it. But we must not go now. I'll show it you some other time, if you'd like to see it.”"
q00642,,0.00,unresolved,592,"“Yes, please, sir.”"
q00643,,0.00,unresolved,593,"“Do you always come back this way in the evening, or are you afraid to come so lonely a road?”"
q00644,,0.00,unresolved,594,"“Oh no, sir, it's never late; I always set out by eight o'clock, and it's so light now in the evening. My aunt would be angry with me if I didn't get home before nine.”"
q00645,,0.00,unresolved,595,"“Perhaps Craig, the gardener, comes to take care of you?”"
q00646,,0.00,unresolved,596,"“I'm sure he doesn't; I'm sure he never did; I wouldn't let him; I don't like him,”"
q00647,,0.00,unresolved,596,"“Why, Hetty, what makes you cry? I didn't mean to vex you. I wouldn't vex you for the world, you little blossom. Come, don't cry; look at me, else I shall think you won't forgive me.”"
q00648,,0.00,unresolved,598,“I have been hindering you; I must not keep you any longer now. You will be expected at the house. Good-bye.”
q00649,Hetty,0.96,before-name-verb,605,“yes”
q00650,Hetty,0.96,before-name-verb,605,“no.”
q00651,,0.00,unresolved,606,"“That child gets prettier and prettier every day, I do believe,”"
q00652,,0.00,unresolved,606,"“The more's the pity. She'll get neither a place nor a husband any the sooner for it. Sober well-to-do men don't like such pretty wives. When I was a girl, I was more admired than if I had been so very pretty. However, she's reason to be grateful to me for teaching her something to get her bread with, better than farm-house work. They always told me I was good-natured—and that's the truth, and to my hurt too, else there's them in this house that wouldn't be here now to lord it over me in the housekeeper's room.”"
q00653,,0.00,unresolved,611,"“Has something frightened you, Hetty? Have you seen anything in the wood? Don't be frightened—I'll take care of you now.”"
q00654,Hetty,0.96,before-name-verb,612,"“no,”"
q00655,Hetty,0.78,neighbor-continuation,613,"“Come, be cheerful again. Smile at me, and tell me what's the matter. Come, tell me.”"
q00656,Hetty,0.96,before-name-verb,614,"“I thought you wouldn't come,”"
q00657,,0.00,unresolved,615,"“You little frightened bird! Little tearful rose! Silly pet! You won't cry again, now I'm with you, will you?”"
q00658,Hetty,0.96,before-name-verb,618,"“Here we are, almost at the end of the Grove. I wonder how late it is,”"
q00659,Hetty,0.96,before-name-verb,618,"“Twenty minutes past eight—but my watch is too fast. However, I'd better not go any further now. Trot along quickly with your little feet, and get home safely. Good-bye.”"
q00660,Hetty,0.96,before-name-verb,619,“Good-bye”
q00661,,0.00,unresolved,628,"“Eh, I'm loath to see the last on her,”"
q00662,,0.00,unresolved,628,"“I'd ha' been willin' t' ha' her about me till I died and went to lie by my old man. She'd make it easier dyin'—she spakes so gentle an' moves about so still. I could be fast sure that pictur' was drawed for her i' thy new Bible—th' angel a-sittin' on the big stone by the grave. Eh, I wouldna mind ha'in a daughter like that; but nobody ne'er marries them as is good for aught.”"
q00663,,0.00,unresolved,629,"“Well, Mother, I hope thee wilt have her for a daughter; for Seth's got a liking for her, and I hope she'll get a liking for Seth in time.”"
q00664,,0.00,unresolved,630,"“Where's th' use o' talkin' a-that'n? She caresna for Seth. She's goin' away twenty mile aff. How's she to get a likin' for him, I'd like to know? No more nor the cake 'ull come wi'out the leaven. Thy figurin' books might ha' tould thee better nor that, I should think, else thee mightst as well read the commin print, as Seth allays does.”"
q00665,Adam,0.98,after-verb-name,631,"“Nay, Mother,”"
q00666,Adam,0.94,before-verb-name,631,"“the figures tell us a fine deal, and we couldn't go far without 'em, but they don't tell us about folks's feelings. It's a nicer job to calculate them. But Seth's as good-hearted a lad as ever handled a tool, and plenty o' sense, and good-looking too; and he's got the same way o' thinking as Dinah. He deserves to win her, though there's no denying she's a rare bit o' workmanship. You don't see such women turned off the wheel every day.”"
q00667,,0.00,unresolved,632,"“Eh, thee't allays stick up for thy brother. Thee'st been just the same, e'er sin' ye war little uns together. Thee wart allays for halving iverything wi' him. But what's Seth got to do with marryin', as is on'y three-an'-twenty? He'd more need to learn an' lay by sixpence. An' as for his desarving her—she's two 'ear older nor Seth: she's pretty near as old as thee. But that's the way; folks mun allays choose by contrairies, as if they must be sorted like the pork—a bit o' good meat wi' a bit o' offal.”"
q00668,Hetty,0.98,after-verb-name,635,"“ Seth Bede would have come and spoken to you, my dear,”"
q00669,Seth Bede,0.96,before-name-verb,635,“but he's very full of trouble to-night.”
q00670,,0.00,unresolved,638,"“You look very happy to-night, dear child,”"
q00671,,0.00,unresolved,638,"“I shall think of you often when I'm at Snowfield, and see your face before me as it is now. It's a strange thing—sometimes when I'm quite alone, sitting in my room with my eyes closed, or walking over the hills, the people I've seen and known, if it's only been for a few days, are brought before me, and I hear their voices and see them look and move almost plainer than I ever did when they were really with me so as I could touch them. And then my heart is drawn out towards them, and I feel their lot as if it was my own, and I take comfort in spreading it before the Lord and resting in His love, on their behalf as well as my own. And so I feel sure you will come before me.”"
q00672,Adam,0.98,after-verb-name,640,"“It has been a very precious time to me,”"
q00673,Dinah,0.96,before-name-verb,640,"“last night and to-day—seeing two such good sons as Adam and Seth Bede. They are so tender and thoughtful for their aged mother. And she has been telling me what Adam has done, for these many years, to help his father and his brother; it's wonderful what a spirit of wisdom and knowledge he has, and how he's ready to use it all in behalf of them that are feeble. And I'm sure he has a loving spirit too. I've noticed it often among my own people round Snowfield, that the strong, skilful men are often the gentlest to the women and children; and it's pretty to see 'em carrying the little babies as if they were no heavier than little birds. And the babies always seem to like the strong arm best. I feel sure it would be so with Adam Bede. Don't you think so, Hetty?”"
q00674,Hetty,0.98,after-verb-name,641,"“Yes,”"
q00675,,0.00,unresolved,644,"“Why, lasses, ye're rather late to-night,”"
q00676,,0.00,unresolved,644,"“The mother's begun to fidget about you, an' she's got the little un ill. An' how did you leave the old woman Bede, Dinah? Is she much down about the old man? He'd been but a poor bargain to her this five year.”"
q00677,Dinah,0.98,after-verb-name,645,"“She's been greatly distressed for the loss of him,”"
q00678,Dinah,0.94,before-verb-name,645,"“but she's seemed more comforted to-day. Her son Adam's been at home all day, working at his father's coffin, and she loves to have him at home. She's been talking about him to me almost all the day. She has a loving heart, though she's sorely given to fret and be fearful. I wish she had a surer trust to comfort her in her old age.”"
q00679,Adam,0.91,same-paragraph,646,"“Adam's sure enough,”"
q00680,Adam,0.96,before-name-verb,646,"“There's no fear but he'll yield well i' the threshing. He's not one o' them as is all straw and no grain. I'll be bond for him any day, as he'll be a good son to the last. Did he say he'd be coming to see us soon? But come in, come in,”"
q00681,Adam,0.91,same-paragraph,646,“I hadn't need keep y' out any longer.”
q00682,,0.00,unresolved,648,"“right-hand parlour,”"
q00683,Hetty,0.91,same-paragraph,650,"“What a time o' night this is to come home, Hetty!”"
q00684,Hetty,0.96,before-name-verb,650,"“Look at the clock, do; why, it's going on for half-past nine, and I've sent the gells to bed this half-hour, and late enough too; when they've got to get up at half after four, and the mowers' bottles to fill, and the baking; and here's this blessed child wi' the fever for what I know, and as wakeful as if it was dinner-time, and nobody to help me to give her the physic but your uncle, and fine work there's been, and half of it spilt on her night-gown—it's well if she's swallowed more nor 'ull make her worse i'stead o' better. But folks as have no mind to be o' use have allays the luck to be out o' the road when there's anything to be done.”"
q00685,Hetty,0.98,after-verb-name,651,"“I did set out before eight, aunt,”"
q00686,Hetty,0.91,same-paragraph,651,"“But this clock's so much before the clock at the Chase, there's no telling what time it'll be when I get here.”"
q00687,,0.00,unresolved,652,"“What! You'd be wanting the clock set by gentlefolks's time, would you? An' sit up burnin' candle, an' lie a-bed wi' the sun a-bakin' you like a cowcumber i' the frame? The clock hasn't been put forrard for the first time to-day, I reckon.”"
q00688,Totty,0.96,before-name-verb,653,"“Munny, munny,”"
q00689,Totty,0.97,after-name-verb,654,"“Well, then, my pet, Mother's got her, Mother won't leave her; Totty be a good dilling, and go to sleep now,”"
q00690,Totty,0.96,before-name-verb,654,“Don't yock!”
q00691,Martin Poyser,0.98,after-verb-name,655,"“Come, Hetty,”"
q00692,Hetty,0.96,before-name-verb,655,"“go and get your supper i' the pantry, as the things are all put away; an' then you can come and take the little un while your aunt undresses herself, for she won't lie down in bed without her mother. An' I reckon you could eat a bit, Dinah, for they don't keep much of a house down there.”"
q00693,Dinah,0.98,after-verb-name,656,"“No, thank you, Uncle,”"
q00694,Dinah,0.94,before-verb-name,656,"“I ate a good meal before I came away, for Mrs. Bede would make a kettle-cake for me.”"
q00695,Hetty,0.98,after-verb-name,657,"“I don't want any supper,”"
q00696,Hetty,0.94,before-verb-name,657,"“I can hold Totty now, if Aunt wants me.”"
q00697,,0.00,unresolved,658,"“Why, what nonsense that is to talk!”"
q00698,,0.00,unresolved,658,"“Do you think you can live wi'out eatin', an' nourish your inside wi' stickin' red ribbons on your head? Go an' get your supper this minute, child; there's a nice bit o' cold pudding i' the safe—just what you're fond of.”"
q00699,,0.00,unresolved,660,"“Sit down, my dear, an' look as if you knowed what it was to make yourself a bit comfortable i' the world. I warrant the old woman was glad to see you, since you stayed so long.”"
q00700,,0.00,unresolved,661,“She seemed to like having me there at last; but her sons say she doesn't like young women about her commonly; and I thought just at first she was almost angry with me for going.”
q00701,Martin,0.98,after-verb-name,662,"“Eh, it's a poor look-out when th' ould folks doesna like the young uns,”"
q00702,,0.00,unresolved,663,"“Aye, it's ill livin' in a hen-roost for them as doesn't like fleas,”"
q00703,,0.00,unresolved,663,"“We've all had our turn at bein' young, I reckon, be't good luck or ill.”"
q00704,,0.00,unresolved,664,"“But she must learn to 'commodate herself to young women,”"
q00705,,0.00,unresolved,664,“for it isn't to be counted on as Adam and Seth 'ull keep bachelors for the next ten year to please their mother. That 'ud be unreasonable. It isn't right for old nor young nayther to make a bargain all o' their own side. What's good for one's good all round i' the long run. I'm no friend to young fellows a-marrying afore they know the difference atween a crab an' a apple; but they may wait o'er long.”
q00706,,0.00,unresolved,665,"“To be sure,”"
q00707,,0.00,unresolved,665,"“if you go past your dinner-time, there'll be little relish o' your meat. You turn it o'er an' o'er wi' your fork, an' don't eat it after all. You find faut wi' your meat, an' the faut's all i' your own stomach.”"
q00708,Hetty,0.96,before-name-verb,666,"“I can take Totty now, Aunt, if you like.”"
q00709,Rachel,0.91,same-paragraph,667,"“Come, Rachel,”"
q00710,Rachel,0.96,before-name-verb,667,"“thee'dst better let Hetty carry her upstairs, while thee tak'st thy things off. Thee't tired. It's time thee wast in bed. Thee't bring on the pain in thy side again.”"
q00711,,0.00,unresolved,668,"“Well, she may hold her if the child 'ull go to her,”"
q00712,,0.00,unresolved,670,"“Wilt go to Cousin Hetty, my dilling, while mother gets ready to go to bed? Then Totty shall go into Mother's bed, and sleep there all night.”"
q00713,,0.00,unresolved,672,"“Hey, hey,”"
q00714,,0.00,unresolved,672,"“not go to Cousin Hetty? That's like a babby. Totty's a little woman, an' not a babby.”"
q00715,,0.00,unresolved,673,"“It's no use trying to persuade her,”"
q00716,,0.00,unresolved,673,“She allays takes against Hetty when she isn't well. Happen she'll go to Dinah.”
q00717,Hetty,0.96,before-name-verb,674,"“Come Totty, come and let Dinah carry her upstairs along with Mother: poor, poor Mother! she's so tired—she wants to go to bed.”"
q00718,Poyser,0.91,same-paragraph,676,"“You may make the door fast now, Poyser; Alick's been come in this long while,”"
q00719,Poyser,0.96,before-name-verb,676,"“Get me the matches down, Hetty, for I must have the rushlight burning i' my room. Come, Father.”"
q00720,Hetty,0.91,same-paragraph,678,"“Come, Hetty, get to bed,”"
q00721,Hetty,0.96,before-name-verb,678,"“You didna mean to be late, I'll be bound, but your aunt's been worrited to-day. Good-night, my wench, good-night.”"
q00722,,0.00,unresolved,690,"“hatching,”"
q00723,,0.00,unresolved,691,“dear deceit”
q00724,,0.00,unresolved,692,"“She's no better than a peacock, as 'ud strut about on the wall and spread its tail when the sun shone if all the folks i' the parish was dying: there's nothing seems to give her a turn i' th' inside, not even when we thought Totty had tumbled into the pit. To think o' that dear cherub! And we found her wi' her little shoes stuck i' the mud an' crying fit to break her heart by the far horse-pit. But Hetty never minded it, I could see, though she's been at the nussin' o' the child ever since it was a babby. It's my belief her heart's as hard as a pebble.”"
q00725,,0.00,unresolved,693,"“Nay, nay,”"
q00726,,0.00,unresolved,693,"“thee mustn't judge Hetty too hard. Them young gells are like the unripe grain; they'll make good meal by and by, but they're squashy as yet. Thee't see Hetty 'll be all right when she's got a good husband and children of her own.”"
q00727,,0.00,unresolved,694,"“I don't want to be hard upo' the gell. She's got cliver fingers of her own, and can be useful enough when she likes and I should miss her wi' the butter, for she's got a cool hand. An' let be what may, I'd strive to do my part by a niece o' yours—an' that I've done, for I've taught her everything as belongs to a house, an' I've told her her duty often enough, though, God knows, I've no breath to spare, an' that catchin' pain comes on dreadful by times. Wi' them three gells in the house I'd need have twice the strength to keep 'em up to their work. It's like having roast meat at three fires; as soon as you've basted one, another's burnin'.”"
q00728,Dinah,0.91,same-paragraph,697,"“And they all wept sore, and fell on Paul's neck and kissed him.”"
q00729,Dinah,0.96,before-name-verb,697,"“Will you let me come in, Hetty?”"
q00730,Hetty,0.98,after-verb-name,699,"“I knew you were not in bed, my dear,”"
q00731,Hetty,0.91,same-paragraph,699,"“for I heard you moving; and I longed to speak to you again to-night, for it is the last but one that I shall be here, and we don't know what may happen to-morrow to keep us apart. Shall I sit down with you while you do up your hair?”"
q00732,Hetty,0.98,after-verb-name,700,"“Oh yes,”"
q00733,Hetty,0.91,same-paragraph,702,"“Dear Hetty,”"
q00734,Hetty,0.96,before-name-verb,702,"“It has been borne in upon my mind to-night that you may some day be in trouble—trouble is appointed for us all here below, and there comes a time when we need more comfort and help than the things of this life can give. I want to tell you that if ever you are in trouble, and need a friend that will always feel for you and love you, you have got that friend in Dinah Morris at Snowfield, and if you come to her, or send for her, she'll never forget this night and the words she is speaking to you now. Will you remember it, Hetty?”"
q00735,Hetty,0.98,after-verb-name,703,"“Yes,”"
q00736,Hetty,0.94,before-verb-name,703,“But why should you think I shall be in trouble? Do you know of anything?”
q00737,Dinah,0.96,before-name-verb,704,"“Because, dear, trouble comes to us all in this life: we set our hearts on things which it isn't God's will for us to have, and then we go sorrowing; the people we love are taken from us, and we can joy in nothing because they are not with us; sickness comes, and we faint under the burden of our feeble bodies; we go astray and do wrong, and bring ourselves into trouble with our fellow-men. There is no man or woman born into this world to whom some of these trials do not fall, and so I feel that some of them must happen to you; and I desire for you, that while you are young you should seek for strength from your Heavenly Father, that you may have a support which will not fail you in the evil day.”"
q00738,Dinah,0.96,before-name-verb,706,"“Don't talk to me so, Dinah. Why do you come to frighten me? I've never done anything to you. Why can't you let me be?”"
q00739,Dinah,0.96,before-name-verb,707,"“Yes, my dear, you're tired; I won't hinder you any longer. Make haste and get into bed. Good-night.”"
q00740,Adam,0.97,after-name-verb,716,“gentleman”
q00741,Adam,0.97,after-name-verb,716,“gentleman”
q00742,Adam,0.96,before-name-verb,716,“couldn't abide a fellow who thought he made himself fine by being coxy to's betters.”
q00743,Adam,0.78,neighbor-continuation,717,“uncommon”
q00744,Adam,0.91,same-paragraph,718,"“Well, Adam, how are you?”"
q00745,Adam,0.96,before-name-verb,718,"“I could swear to your back a long way off. It's just the same back, only broader, as when you used to carry me on it. Do you remember?”"
q00746,,0.00,unresolved,719,"“Aye, sir, I remember. It 'ud be a poor look-out if folks didn't remember what they did and said when they were lads. We should think no more about old friends than we do about new uns, then.”"
q00747,,0.00,unresolved,720,"“You're going to Broxton, I suppose?”"
q00748,,0.00,unresolved,720,“Are you going to the rectory?”
q00749,,0.00,unresolved,721,"“No, sir, I'm going to see about Bradwell's barn. They're afraid of the roof pushing the walls out, and I'm going to see what can be done with it before we send the stuff and the workmen.”"
q00750,,0.00,unresolved,722,"“Why, Burge trusts almost everything to you now, Adam, doesn't he? I should think he will make you his partner soon. He will, if he's wise.”"
q00751,,0.00,unresolved,723,"“Nay, sir, I don't see as he'd be much the better off for that. A foreman, if he's got a conscience and delights in his work, will do his business as well as if he was a partner. I wouldn't give a penny for a man as 'ud drive a nail in slack because he didn't get extra pay for it.”"
q00752,,0.00,unresolved,724,"“I know that, Adam; I know you work for him as well as if you were working for yourself. But you would have more power than you have now, and could turn the business to better account perhaps. The old man must give up his business sometime, and he has no son; I suppose he'll want a son-in-law who can take to it. But he has rather grasping fingers of his own, I fancy. I daresay he wants a man who can put some money into the business. If I were not as poor as a rat, I would gladly invest some money in that way, for the sake of having you settled on the estate. I'm sure I should profit by it in the end. And perhaps I shall be better off in a year or two. I shall have a larger allowance now I'm of age; and when I've paid off a debt or two, I shall be able to look about me.”"
q00753,Adam,0.97,after-name-verb,725,"“You're very good to say so, sir, and I'm not unthankful. But”"
q00754,Adam,0.96,before-name-verb,725,"“I shouldn't like to make any offers to Mr. Burge, or t' have any made for me. I see no clear road to a partnership. If he should ever want to dispose of the business, that 'ud be a different matter. I should be glad of some money at a fair interest then, for I feel sure I could pay it off in time.”"
q00755,Adam,0.98,after-verb-name,726,"“Very well, Adam,”"
q00756,Adam,0.96,before-name-verb,726,“we'll say no more about it at present. When is your father to be buried?”
q00757,,0.00,unresolved,727,"“On Sunday, sir; Mr. Irwine's coming earlier on purpose. I shall be glad when it's over, for I think my mother 'ull perhaps get easier then. It cuts one sadly to see the grief of old people; they've no way o' working it off, and the new spring brings no new shoots out on the withered tree.”"
q00758,,0.00,unresolved,728,"“Ah, you've had a good deal of trouble and vexation in your life, Adam. I don't think you've ever been hare-brained and light-hearted, like other youngsters. You've always had some care on your mind.”"
q00759,,0.00,unresolved,729,"“Why, yes, sir; but that's nothing to make a fuss about. If we're men and have men's feelings, I reckon we must have men's troubles. We can't be like the birds, as fly from their nest as soon as they've got their wings, and never know their kin when they see 'em, and get a fresh lot every year. I've had enough to be thankful for: I've allays had health and strength and brains to give me a delight in my work; and I count it a great thing as I've had Bartle Massey's night-school to go to. He's helped me to knowledge I could never ha' got by myself.”"
q00760,Adam,0.91,same-paragraph,730,"“What a rare fellow you are, Adam!”"
q00761,Adam,0.96,before-name-verb,730,"“I could hit out better than most men at Oxford, and yet I believe you would knock me into next week if I were to have a battle with you.”"
q00762,Adam,0.98,after-verb-name,731,"“God forbid I should ever do that, sir,”"
q00763,Adam,0.91,same-paragraph,731,"“I used to fight for fun, but I've never done that since I was the cause o' poor Gil Tranter being laid up for a fortnight. I'll never fight any man again, only when he behaves like a scoundrel. If you get hold of a chap that's got no shame nor conscience to stop him, you must try what you can do by bunging his eyes up.”"
q00764,Adam,0.78,neighbor-continuation,732,"“I should think now, Adam, you never have any struggles within yourself. I fancy you would master a wish that you had made up your mind it was not quite right to indulge, as easily as you would knock down a drunken fellow who was quarrelsome with you. I mean, you are never shilly-shally, first making up your mind that you won't do a thing, and then doing it after all?”"
q00765,Adam,0.98,after-verb-name,733,"“Well,”"
q00766,Adam,0.94,before-verb-name,733,"“no. I don't remember ever being see-saw in that way, when I'd made my mind up, as you say, that a thing was wrong. It takes the taste out o' my mouth for things, when I know I should have a heavy conscience after 'em. I've seen pretty clear, ever since I could cast up a sum, as you can never do what's wrong without breeding sin and trouble more than you can ever see. It's like a bit o' bad workmanship—you never see th' end o' the mischief it'll do. And it's a poor look-out to come into the world to make your fellow-creatures worse off instead o' better. But there's a difference between the things folks call wrong. I'm not for making a sin of every little fool's trick, or bit o' nonsense anybody may be let into, like some o' them dissenters. And a man may have two minds whether it isn't worthwhile to get a bruise or two for the sake of a bit o' fun. But it isn't my way to be see-saw about anything: I think my fault lies th' other way. When I've said a thing, if it's only to myself, it's hard for me to go back.”"
q00767,,0.00,unresolved,734,"“Yes, that's just what I expected of you,”"
q00768,,0.00,unresolved,734,"“You've got an iron will, as well as an iron arm. But however strong a man's resolution may be, it costs him something to carry it out, now and then. We may determine not to gather any cherries and keep our hands sturdily in our pockets, but we can't prevent our mouths from watering.”"
q00769,,0.00,unresolved,735,"“That's true, sir, but there's nothing like settling with ourselves as there's a deal we must do without i' this life. It's no use looking on life as if it was Treddles'on Fair, where folks only go to see shows and get fairings. If we do, we shall find it different. But where's the use o' me talking to you, sir? You know better than I do.”"
q00770,,0.00,unresolved,736,"“I'm not so sure of that, Adam. You've had four or five years of experience more than I've had, and I think your life has been a better school to you than college has been to me.”"
q00771,,0.00,unresolved,737,"“Why, sir, you seem to think o' college something like what Bartle Massey does. He says college mostly makes people like bladders—just good for nothing but t' hold the stuff as is poured into 'em. But he's got a tongue like a sharp blade, Bartle has—it never touches anything but it cuts. Here's the turning, sir. I must bid you good-morning, as you're going to the rectory.”"
q00772,,0.00,unresolved,738,"“Good-bye, Adam, good-bye.”"
q00773,,0.00,unresolved,740,"“Hallo, Arthur, that's a good fellow! You're just in time,”"
q00774,,0.00,unresolved,740,"“Carroll, we shall want more coffee and eggs, and haven't you got some cold fowl for us to eat with that ham? Why, this is like old days, Arthur; you haven't been to breakfast with me these five years.”"
q00775,,0.00,unresolved,741,"“It was a tempting morning for a ride before breakfast,”"
q00776,,0.00,unresolved,741,“and I used to like breakfasting with you so when I was reading with you. My grandfather is always a few degrees colder at breakfast than at any other hour in the day. I think his morning bath doesn't agree with him.”
q00777,,0.00,unresolved,743,"“I like breakfast-time better than any other moment in the day,”"
q00778,,0.00,unresolved,743,"“No dust has settled on one's mind then, and it presents a clear mirror to the rays of things. I always have a favourite book by me at breakfast, and I enjoy the bits I pick up then so much, that regularly every morning it seems to me as if I should certainly become studious again. But presently Dent brings up a poor fellow who has killed a hare, and when I've got through my ‘justicing,' as Carroll calls it, I'm inclined for a ride round the glebe, and on my way back I meet with the master of the workhouse, who has got a long story of a mutinous pauper to tell me; and so the day goes on, and I'm always the same lazy fellow before evening sets in. Besides, one wants the stimulus of sympathy, and I have never had that since poor D'Oyley left Treddleston. If you had stuck to your books well, you rascal, I should have had a pleasanter prospect before me. But scholarship doesn't run in your family blood.”"
q00779,,0.00,unresolved,744,"“No indeed. It's well if I can remember a little inapplicable Latin to adorn my maiden speech in Parliament six or seven years hence. ‘Cras ingens iterabimus aequor,' and a few shreds of that sort, will perhaps stick to me, and I shall arrange my opinions so as to introduce them. But I don't think a knowledge of the classics is a pressing want to a country gentleman; as far as I can see, he'd much better have a knowledge of manures. I've been reading your friend Arthur Young's books lately, and there's nothing I should like better than to carry out some of his ideas in putting the farmers on a better management of their land; and, as he says, making what was a wild country, all of the same dark hue, bright and variegated with corn and cattle. My grandfather will never let me have any power while he lives, but there's nothing I should like better than to undertake the Stonyshire side of the estate—it's in a dismal condition—and set improvements on foot, and gallop about from one place to another and overlook them. I should like to know all the labourers, and see them touching their hats to me with a look of goodwill.”"
q00780,,0.00,unresolved,745,"“Bravo, Arthur! A man who has no feeling for the classics couldn't make a better apology for coming into the world than by increasing the quantity of food to maintain scholars—and rectors who appreciate scholars. And whenever you enter on your career of model landlord may I be there to see. You'll want a portly rector to complete the picture, and take his tithe of all the respect and honour you get by your hard work. Only don't set your heart too strongly on the goodwill you are to get in consequence. I'm not sure that men are the fondest of those who try to be useful to them. You know Gawaine has got the curses of the whole neighbourhood upon him about that enclosure. You must make it quite clear to your mind which you are most bent upon, old boy—popularity or usefulness—else you may happen to miss both.”"
q00781,,0.00,unresolved,746,"“Oh! Gawaine is harsh in his manners; he doesn't make himself personally agreeable to his tenants. I don't believe there's anything you can't prevail on people to do with kindness. For my part, I couldn't live in a neighbourhood where I was not respected and beloved. And it's very pleasant to go among the tenants here—they seem all so well inclined to me I suppose it seems only the other day to them since I was a little lad, riding on a pony about as big as a sheep. And if fair allowances were made to them, and their buildings attended to, one could persuade them to farm on a better plan, stupid as they are.”"
q00782,,0.00,unresolved,747,"“Then mind you fall in love in the right place, and don't get a wife who will drain your purse and make you niggardly in spite of yourself. My mother and I have a little discussion about you sometimes: she says, ‘I'll never risk a single prophecy on Arthur until I see the woman he falls in love with.' She thinks your lady-love will rule you as the moon rules the tides. But I feel bound to stand up for you, as my pupil you know, and I maintain that you're not of that watery quality. So mind you don't disgrace my judgment.”"
q00783,,0.00,unresolved,748,“But I think it is hardly an argument against a man's general strength of character that he should be apt to be mastered by love. A fine constitution doesn't insure one against smallpox or any other of those inevitable diseases. A man may be very firm in other matters and yet be under a sort of witchery from a woman.”
q00784,,0.00,unresolved,749,"“Yes; but there's this difference between love and smallpox, or bewitchment either—that if you detect the disease at an early stage and try change of air, there is every chance of complete escape without any further development of symptoms. And there are certain alternative doses which a man may administer to himself by keeping unpleasant consequences before his mind: this gives you a sort of smoked glass through which you may look at the resplendent fair one and discern her true outline; though I'm afraid, by the by, the smoked glass is apt to be missing just at the moment it is most wanted. I daresay, now, even a man fortified with a knowledge of the classics might be lured into an imprudent marriage, in spite of the warning given him by the chorus in the Prometheus.”"
q00785,,0.00,unresolved,750,"“Yes, that's the worst of it. It's a desperately vexatious thing, that after all one's reflections and quiet determinations, we should be ruled by moods that one can't calculate on beforehand. I don't think a man ought to be blamed so much if he is betrayed into doing things in that way, in spite of his resolutions.”"
q00786,,0.00,unresolved,751,"“Ah, but the moods lie in his nature, my boy, just as much as his reflections did, and more. A man can never do anything at variance with his own nature. He carries within him the germ of his most exceptional action; and if we wise people make eminent fools of ourselves on any particular occasion, we must endure the legitimate conclusion that we carry a few grains of folly to our ounce of wisdom.”"
q00787,,0.00,unresolved,752,"“Well, but one may be betrayed into doing things by a combination of circumstances, which one might never have done otherwise.”"
q00788,,0.00,unresolved,753,"“Why, yes, a man can't very well steal a bank-note unless the bank-note lies within convenient reach; but he won't make us think him an honest man because he begins to howl at the bank-note for falling in his way.”"
q00789,,0.00,unresolved,754,“But surely you don't think a man who struggles against a temptation into which he falls at last as bad as the man who never struggles at all?”
q00790,,0.00,unresolved,755,"“No, certainly; I pity him in proportion to his struggles, for they foreshadow the inward suffering which is the worst form of Nemesis. Consequences are unpitying. Our deeds carry their terrible consequences, quite apart from any fluctuations that went before—consequences that are hardly ever confined to ourselves. And it is best to fix our minds on that certainty, instead of considering what may be the elements of excuse for us. But I never knew you so inclined for moral discussion, Arthur? Is it some danger of your own that you are considering in this philosophical, general way?”"
q00791,,0.00,unresolved,757,"“Oh no, no danger,”"
q00792,,0.00,unresolved,757,“I don't know that I am more liable to irresolution than other people; only there are little incidents now and then that set one speculating on what might happen in the future.”
q00793,,0.00,unresolved,759,"“By the way, Arthur, at your colonel's birthday fête there were some transparencies that made a great effect in honour of Britannia, and Pitt, and the Loamshire Militia, and, above all, the ‘generous youth,' the hero of the day. Don't you think you should get up something of the same sort to astonish our weak minds?”"
q00794,,0.00,unresolved,763,“This Rector of Broxton is little better than a pagan!”
q00795,,0.00,unresolved,763,“How much more edifying it would have been if you had made him give Arthur some truly spiritual advice! You might have put into his mouth the most beautiful things—quite as good as reading a sermon.”
q00796,,0.00,unresolved,765,"“Do improve the facts a little, then; make them more accordant with those correct views which it is our privilege to possess. The world is not just what we like; do touch it up with a tasteful pencil, and make believe it is not quite such a mixed entangled affair. Let all people who hold unexceptionable opinions act unexceptionably. Let your most faulty characters always be on the wrong side, and your virtuous ones on the right. Then we shall see at a glance whom we are to condemn and whom we are to approve. Then we shall be able to admire, without the slightest disturbance of our prepossessions: we shall hate and despise with that true ruminant relish which belongs to undoubting confidence.”"
q00797,,0.00,unresolved,768,“Foh!”
q00798,,0.00,unresolved,768,"“what vulgar details! What good is there in taking all these pains to give an exact likeness of old women and clowns? What a low phase of life! What clumsy, ugly people!”"
q00799,,0.00,unresolved,769,"“lords of their kind,”"
q00800,Adam,0.98,after-verb-name,771,"“But,”"
q00801,Adam,0.94,before-verb-name,771,"“I've seen pretty clear, ever since I was a young un, as religion's something else besides notions. It isn't notions sets people doing the right thing—it's feelings. It's the same with the notions in religion as it is with math'matics—a man may be able to work problems straight off in's head as he sits by the fire and smokes his pipe, but if he has to make a machine or a building, he must have a will and a resolution and love something else better than his own ease. Somehow, the congregation began to fall off, and people began to speak light o' Mr. Ryde. I believe he meant right at bottom; but, you see, he was sourish-tempered, and was for beating down prices with the people as worked for him; and his preaching wouldn't go down well with that sauce. And he wanted to be like my lord judge i' the parish, punishing folks for doing wrong; and he scolded 'em from the pulpit as if he'd been a Ranter, and yet he couldn't abide the Dissenters, and was a deal more set against 'em than Mr. Irwine was. And then he didn't keep within his income, for he seemed to think at first go-off that six hundred a-year was to make him as big a man as Mr. Donnithorne. That's a sore mischief I've often seen with the poor curates jumping into a bit of a living all of a sudden. Mr. Ryde was a deal thought on at a distance, I believe, and he wrote books, but as for math'matics and the natur o' things, he was as ignorant as a woman. He was very knowing about doctrines, and used to call 'em the bulwarks of the Reformation; but I've always mistrusted that sort o' learning as leaves folks foolish and unreasonable about business. Now Mester Irwine was as different as could be: as quick!—he understood what you meant in a minute, and he knew all about building, and could see when you'd made a good job. And he behaved as much like a gentleman to the farmers, and th' old women, and the labourers, as he did to the gentry. You never saw him interfering and scolding, and trying to play th' emperor. Ah, he was a fine man as ever you set eyes on; and so kind to's mother and sisters. That poor sickly Miss Anne—he seemed to think more of her than of anybody else in the world. There wasn't a soul in the parish had a word to say against him; and his servants stayed with him till they were so old and pottering, he had to hire other folks to do their work.”"
q00802,,0.00,unresolved,772,"“Well,”"
q00803,,0.00,unresolved,772,"“that was an excellent way of preaching in the weekdays; but I daresay, if your old friend Mr. Irwine were to come to life again, and get into the pulpit next Sunday, you would be rather ashamed that he didn't preach better after all your praise of him.”"
q00804,Adam,0.98,after-verb-name,773,"“Nay, nay,”"
q00805,Adam,0.91,same-paragraph,773,"“nobody has ever heard me say Mr. Irwine was much of a preacher. He didn't go into deep speritial experience; and I know there s a deal in a man's inward life as you can't measure by the square, and say, ‘Do this and that 'll follow,' and, ‘Do that and this 'll follow.' There's things go on in the soul, and times when feelings come into you like a rushing mighty wind, as the Scripture says, and part your life in two a'most, so you look back on yourself as if you was somebody else. Those are things as you can't bottle up in a ‘do this' and ‘do that'; and I'll go so far with the strongest Methodist ever you'll find. That shows me there's deep speritial things in religion. You can't make much out wi' talking about it, but you feel it. Mr. Irwine didn't go into those things—he preached short moral sermons, and that was all. But then he acted pretty much up to what he said; he didn't set up for being so different from other folks one day, and then be as like 'em as two peas the next. And he made folks love him and respect him, and that was better nor stirring up their gall wi' being overbusy. Mrs. Poyser used to say—you know she would have her word about everything—she said, Mr. Irwine was like a good meal o' victual, you were the better for him without thinking on it, and Mr. Ryde was like a dose o' physic, he gripped you and worreted you, and after all he left you much the same.”"
q00806,,0.00,unresolved,774,"“But didn't Mr. Ryde preach a great deal more about that spiritual part of religion that you talk of, Adam? Couldn't you get more out of his sermons than out of Mr. Irwine's?”"
q00807,,0.00,unresolved,775,"“Eh, I knowna. He preached a deal about doctrines. But I've seen pretty clear, ever since I was a young un, as religion's something else besides doctrines and notions. I look at it as if the doctrines was like finding names for your feelings, so as you can talk of 'em when you've never known 'em, just as a man may talk o' tools when he knows their names, though he's never so much as seen 'em, still less handled 'em. I've heard a deal o' doctrine i' my time, for I used to go after the Dissenting preachers along wi' Seth, when I was a lad o' seventeen, and got puzzling myself a deal about th' Arminians and the Calvinists. The Wesleyans, you know, are strong Arminians; and Seth, who could never abide anything harsh and was always for hoping the best, held fast by the Wesleyans from the very first; but I thought I could pick a hole or two in their notions, and I got disputing wi' one o' the class leaders down at Treddles'on, and harassed him so, first o' this side and then o' that, till at last he said, ‘Young man, it's the devil making use o' your pride and conceit as a weapon to war against the simplicity o' the truth.' I couldn't help laughing then, but as I was going home, I thought the man wasn't far wrong. I began to see as all this weighing and sifting what this text means and that text means, and whether folks are saved all by God's grace, or whether there goes an ounce o' their own will to't, was no part o' real religion at all. You may talk o' these things for hours on end, and you'll only be all the more coxy and conceited for't. So I took to going nowhere but to church, and hearing nobody but Mr. Irwine, for he said nothing but what was good and what you'd be the wiser for remembering. And I found it better for my soul to be humble before the mysteries o' God's dealings, and not be making a clatter about what I could never understand. And they're poor foolish questions after all; for what have we got either inside or outside of us but what comes from God? If we've got a resolution to do right, He gave it us, I reckon, first or last; but I see plain enough we shall never do it without a resolution, and that's enough for me.”"
q00808,,0.00,unresolved,776,"“Aye, sir, I've said it often, and I'll say it again, they're a poor lot i' this parish—a poor lot, sir, big and little.”"
q00809,,0.00,unresolved,776,"“a poor lot, sir, big and little, and them as comes for a go o' gin are no better than them as comes for a pint o' twopenny—a poor lot.”"
q00810,,0.00,unresolved,779,"“Hetty, Hetty, don't you know church begins at two, and it's gone half after one a'ready? Have you got nothing better to think on this good Sunday as poor old Thias Bede's to be put into the ground, and him drownded i' th' dead o' the night, as it's enough to make one's back run cold, but you must be 'dizening yourself as if there was a wedding i'stid of a funeral?”"
q00811,Hetty,0.98,after-verb-name,780,"“Well, Aunt,”"
q00812,Hetty,0.94,before-verb-name,780,"“I can't be ready so soon as everybody else, when I've got Totty's things to put on. And I'd ever such work to make her stand still.”"
q00813,,0.00,unresolved,782,"“Come, Hetty—come, little uns!”"
q00814,,0.00,unresolved,783,“little uns”
q00815,,0.00,unresolved,784,"“Church! Nay—I'n gotten summat else to think on,”"
q00816,,0.00,unresolved,784,“Whissuntide.”
q00817,Martin Poyser,0.98,after-verb-name,785,"“There's Father a-standing at the yard-gate,”"
q00818,Martin Poyser,0.94,before-verb-name,785,"“I reckon he wants to watch us down the field. It's wonderful what sight he has, and him turned seventy-five.”"
q00819,,0.00,unresolved,786,"“Ah, I often think it's wi' th' old folks as it is wi' the babbies,”"
q00820,,0.00,unresolved,786,"“they're satisfied wi' looking, no matter what they're looking at. It's God A'mighty's way o' quietening 'em, I reckon, afore they go to sleep.”"
q00821,,0.00,unresolved,788,"“They'll ha' putten Thias Bede i' the ground afore ye get to the churchyard,”"
q00822,,0.00,unresolved,788,"“It 'ud ha' been better luck if they'd ha' buried him i' the forenoon when the rain was fallin'; there's no likelihoods of a drop now; an' the moon lies like a boat there, dost see? That's a sure sign o' fair weather—there's a many as is false but that's sure.”"
q00823,,0.00,unresolved,789,"“Aye, aye,”"
q00824,,0.00,unresolved,789,“I'm in hopes it'll hold up now.”
q00825,,0.00,unresolved,790,"“Mind what the parson says, mind what the parson says, my lads,”"
q00826,Totty,0.98,after-verb-name,791,"“Dood-bye, Dandad,”"
q00827,Totty,0.94,before-verb-name,791,“Me doin' to church. Me dot my neklace on. Dive me a peppermint.”
q00828,,0.00,unresolved,792,"“deep little wench,”"
q00829,,0.00,unresolved,794,“keep”
q00830,Sally,0.91,same-paragraph,795,"“There's that shorthorned Sally,”"
q00831,Sally,0.96,before-name-verb,795,"“I begin to hate the sight o' the cow; and I say now what I said three weeks ago, the sooner we get rid of her the better, for there's that little yallow cow as doesn't give half the milk, and yet I've twice as much butter from her.”"
q00832,,0.00,unresolved,796,"“Why, thee't not like the women in general,”"
q00833,,0.00,unresolved,796,"“they like the shorthorns, as give such a lot o' milk. There's Chowne's wife wants him to buy no other sort.”"
q00834,,0.00,unresolved,797,"“What's it sinnify what Chowne's wife likes? A poor soft thing, wi' no more head-piece nor a sparrow. She'd take a big cullender to strain her lard wi', and then wonder as the scratchin's run through. I've seen enough of her to know as I'll niver take a servant from her house again—all hugger-mugger—and you'd niver know, when you went in, whether it was Monday or Friday, the wash draggin' on to th' end o' the week; and as for her cheese, I know well enough it rose like a loaf in a tin last year. And then she talks o' the weather bein' i' fault, as there's folks 'ud stand on their heads and then say the fault was i' their boots.”"
q00835,Totty,0.91,same-paragraph,798,"“Well, Chowne's been wanting to buy Sally, so we can get rid of her if thee lik'st,”"
q00836,Totty,0.98,after-verb-name,798,"“Aye, them as choose a soft for a wife may's well buy up the shorthorns, for if you get your head stuck in a bog, your legs may's well go after it. Eh! Talk o' legs, there's legs for you,”"
q00837,Totty,0.91,same-paragraph,798,"“There's shapes! An' she's got such a long foot, she'll be her father's own child.”"
q00838,,0.00,unresolved,799,"“Aye, she'll be welly such a one as Hetty i' ten years' time, on'y she's got thy coloured eyes. I niver remember a blue eye i' my family; my mother had eyes as black as sloes, just like Hetty's.”"
q00839,,0.00,unresolved,800,"“The child 'ull be none the worse for having summat as isn't like Hetty. An' I'm none for having her so overpretty. Though for the matter o' that, there's people wi' light hair an' blue eyes as pretty as them wi' black. If Dinah had got a bit o' colour in her cheeks, an' didn't stick that Methodist cap on her head, enough to frighten the cows, folks 'ud think her as pretty as Hetty.”"
q00840,,0.00,unresolved,801,"“Nay, nay,”"
q00841,,0.00,unresolved,801,“thee dostna know the pints of a woman. The men 'ud niver run after Dinah as they would after Hetty.”
q00842,,0.00,unresolved,802,"“What care I what the men 'ud run after? It's well seen what choice the most of 'em know how to make, by the poor draggle-tails o' wives you see, like bits o' gauze ribbin, good for nothing when the colour's gone.”"
q00843,,0.00,unresolved,803,"“Well, well, thee canstna say but what I knowed how to make a choice when I married thee,”"
q00844,,0.00,unresolved,803,“and thee wast twice as buxom as Dinah ten year ago.”
q00845,,0.00,unresolved,804,"“I niver said as a woman had need to be ugly to make a good missis of a house. There's Chowne's wife ugly enough to turn the milk an' save the rennet, but she'll niver save nothing any other way. But as for Dinah, poor child, she's niver likely to be buxom as long as she'll make her dinner o' cake and water, for the sake o' giving to them as want. She provoked me past bearing sometimes; and, as I told her, she went clean again' the Scriptur', for that says, ‘Love your neighbour as yourself'; ‘but,' I said, ‘if you loved your neighbour no better nor you do yourself, Dinah, it's little enough you'd do for him. You'd be thinking he might do well enough on a half-empty stomach.' Eh, I wonder where she is this blessed Sunday! Sitting by that sick woman, I daresay, as she'd set her heart on going to all of a sudden.”"
q00846,,0.00,unresolved,805,"“Ah, it was a pity she should take such megrims into her head, when she might ha' stayed wi' us all summer, and eaten twice as much as she wanted, and it 'ud niver ha' been missed. She made no odds in th' house at all, for she sat as still at her sewing as a bird on the nest, and was uncommon nimble at running to fetch anything. If Hetty gets married, theed'st like to ha' Dinah wi' thee constant.”"
q00847,,0.00,unresolved,806,"“It's no use thinking o' that,”"
q00848,,0.00,unresolved,806,"“You might as well beckon to the flying swallow as ask Dinah to come an' live here comfortable, like other folks. If anything could turn her, I should ha' turned her, for I've talked to her for a hour on end, and scolded her too; for she's my own sister's child, and it behoves me to do what I can for her. But eh, poor thing, as soon as she'd said us ‘good-bye' an' got into the cart, an' looked back at me with her pale face, as is welly like her Aunt Judith come back from heaven, I begun to be frightened to think o' the set-downs I'd given her; for it comes over you sometimes as if she'd a way o' knowing the rights o' things more nor other folks have. But I'll niver give in as that's 'cause she's a Methodist, no more nor a white calf's white 'cause it eats out o' the same bucket wi' a black un.”"
q00849,,0.00,unresolved,807,"“Nay,”"
q00850,,0.00,unresolved,807,"“I'm no opinion o' the Methodists. It's on'y tradesfolks as turn Methodists; you nuver knew a farmer bitten wi' them maggots. There's maybe a workman now an' then, as isn't overclever at's work, takes to preachin' an' that, like Seth Bede. But you see Adam, as has got one o' the best head-pieces hereabout, knows better; he's a good Churchman, else I'd never encourage him for a sweetheart for Hetty.”"
q00851,,0.00,unresolved,808,"“Why, goodness me,”"
q00852,,0.00,unresolved,808,"“look where Molly is with them lads! They're the field's length behind us. How could you let 'em do so, Hetty? Anybody might as well set a pictur' to watch the children as you. Run back and tell 'em to come on.”"
q00853,,0.00,unresolved,809,"“Dey naughty, naughty boys—me dood.”"
q00854,Molly,0.96,before-name-verb,810,“Lawks!”
q00855,Hetty,0.96,before-name-verb,811,"“We've found the speckled turkey's nest, Mother!”"
q00856,,0.00,unresolved,812,"“Ah,”"
q00857,,0.00,unresolved,812,"“that's a good lad; why, where is it?”"
q00858,,0.00,unresolved,813,"“Down in ever such a hole, under the hedge. I saw it first, looking after the greenfinch, and she sat on th' nest.”"
q00859,,0.00,unresolved,814,"“You didn't frighten her, I hope,”"
q00860,,0.00,unresolved,814,“else she'll forsake it.”
q00861,,0.00,unresolved,815,"“No, I went away as still as still, and whispered to Molly—didn't I, Molly?”"
q00862,,0.00,unresolved,816,"“Well, well, now come on,”"
q00863,,0.00,unresolved,816,"“and walk before Father and Mother, and take your little sister by the hand. We must go straight on now. Good boys don't look after the birds of a Sunday.”"
q00864,Marty,0.98,after-verb-name,817,"“But, Mother,”"
q00865,Marty,0.94,before-verb-name,817,“you said you'd give half-a-crown to find the speckled turkey's nest. Mayn't I have the half-crown put into my money-box?”
q00866,,0.00,unresolved,818,"“We'll see about that, my lad, if you walk along now, like a good boy.”"
q00867,Marty,0.98,after-verb-name,820,"“Mother,”"
q00868,Marty,0.91,same-paragraph,820,“Marty's got ever so much more money in his box nor I've got in mine.”
q00869,Totty,0.98,after-verb-name,821,"“Munny, me want half-a-toun in my bots,”"
q00870,,0.00,unresolved,822,"“Hush, hush, hush,”"
q00871,,0.00,unresolved,822,"“did ever anybody hear such naughty children? Nobody shall ever see their money-boxes any more, if they don't make haste and go on to church.”"
q00872,,0.00,unresolved,823,"“bullheads,”"
q00873,,0.00,unresolved,824,“sweltered”
q00874,,0.00,unresolved,825,"“It a'most makes your fingers itch to be at the hay now the sun shines so,”"
q00875,,0.00,unresolved,825,“Big Meadow.”
q00876,,0.00,unresolved,825,"“But it's poor foolishness to think o' saving by going against your conscience. There's that Jim Wakefield, as they used to call ‘Gentleman Wakefield,' used to do the same of a Sunday as o' weekdays, and took no heed to right or wrong, as if there was nayther God nor devil. An' what's he come to? Why, I saw him myself last market-day a-carrying a basket wi' oranges in't.”"
q00877,,0.00,unresolved,826,"“Ah, to be sure,”"
q00878,,0.00,unresolved,826,"“you make but a poor trap to catch luck if you go and bait it wi' wickedness. The money as is got so's like to burn holes i' your pocket. I'd niver wish us to leave our lads a sixpence but what was got i' the rightful way. And as for the weather, there's One above makes it, and we must put up wi't: it's nothing of a plague to what the wenches are.”"
q00879,,0.00,unresolved,828,“bus'ness.”
q00880,,0.00,unresolved,830,"“burial,”"
q00881,,0.00,unresolved,834,“good words”
q00882,,0.00,unresolved,836,"“It donna smell,”"
q00883,,0.00,unresolved,837,“Absolution”
q00884,,0.00,unresolved,841,“Thou sweep'st us off as with a flood; We vanish hence like dreams”
q00885,,0.00,unresolved,843,"“Father, you know it was all right between us; I never forgot what I owed you when I was a lad; you forgive me if I have been too hot and hasty now and then!”"
q00886,Adam,0.97,after-name-verb,844,"“Ah! I was always too hard,”"
q00887,Adam,0.96,before-name-verb,844,"“It's a sore fault in me as I'm so hot and out o' patience with people when they do wrong, and my heart gets shut up against 'em, so as I can't bring myself to forgive 'em. I see clear enough there's more pride nor love in my soul, for I could sooner make a thousand strokes with th' hammer for my father than bring myself to say a kind word to him. And there went plenty o' pride and temper to the strokes, as the devil will be having his finger in what we call our duties as well as our sins. Mayhap the best thing I ever did in my life was only doing what was easiest for myself. It's allays been easier for me to work nor to sit still, but the real tough job for me 'ud be to master my own will and temper and go right against my own pride. It seems to me now, if I was to find Father at home to-night, I should behave different; but there's no knowing—perhaps nothing 'ud be a lesson to us if it didn't come too late. It's well we should feel as life's a reckoning we can't make twice over; there's no real making amends in this world, any more nor you can mend a wrong subtraction by doing your addition right.”"
q00888,,0.00,unresolved,845,“In the midst of life we are in death”
q00889,,0.00,unresolved,846,"“The peace of God, which passeth all understanding,”"
q00890,,0.00,unresolved,848,"“Well, Mrs. Bede,”"
q00891,,0.00,unresolved,848,“you must keep up your heart; husbands and wives must be content when they've lived to rear their children and see one another's hair grey.”
q00892,,0.00,unresolved,849,"“Aye, aye,”"
q00893,,0.00,unresolved,849,"“they wonna have long to wait for one another then, anyhow. And ye've got two o' the strapping'st sons i' th' country; and well you may, for I remember poor Thias as fine a broad-shouldered fellow as need to be; and as for you, Mrs. Bede, why you're straighter i' the back nor half the young women now.”"
q00894,Lisbeth,0.98,after-verb-name,850,"“Eh,”"
q00895,Lisbeth,0.94,before-verb-name,850,“it's poor luck for the platter to wear well when it's broke i' two. The sooner I'm laid under the thorn the better. I'm no good to nobody now.”
q00896,Seth,0.96,before-name-verb,851,"“Nay, Mother, thee mustna say so. Thy sons 'ull never get another mother.”"
q00897,,0.00,unresolved,852,"“That's true, lad, that's true,”"
q00898,,0.00,unresolved,852,"“and it's wrong on us to give way to grief, Mrs. Bede; for it's like the children cryin' when the fathers and mothers take things from 'em. There's One above knows better nor us.”"
q00899,,0.00,unresolved,853,"“Ah,”"
q00900,,0.00,unresolved,853,"“an' it's poor work allays settin' the dead above the livin'. We shall all on us be dead some time, I reckon—it 'ud be better if folks 'ud make much on us beforehand, i'stid o' beginnin' when we're gone. It's but little good you'll do a-watering the last year's crop.”"
q00901,Adam,0.91,same-paragraph,854,"“Well, Adam,”"
q00902,Adam,0.96,before-name-verb,854,"“you'll come and see us again now, I hope. I hanna had a talk with you this long while, and the missis here wants you to see what can be done with her best spinning-wheel, for it's got broke, and it'll be a nice job to mend it—there'll want a bit o' turning. You'll come as soon as you can now, will you?”"
q00903,,0.00,unresolved,856,"“lass was well enough,”"
q00904,,0.00,unresolved,856,“a man might do worse”
q00905,,0.00,unresolved,857,“knew his business”
q00906,,0.00,unresolved,857,"“You're mighty fond o' Craig, but for my part, I think he's welly like a cock as thinks the sun's rose o' purpose to hear him crow.”"
q00907,,0.00,unresolved,857,“bringing up”
q00908,,0.00,unresolved,858,"“Well, Mr. Poyser,”"
q00909,,0.00,unresolved,858,"“ye'll not be carrying your hay to-morrow, I'm thinking. The glass sticks at ‘change,' and ye may rely upo' my word as we'll ha' more downfall afore twenty-four hours is past. Ye see that darkish-blue cloud there upo' the 'rizon—ye know what I mean by the 'rizon, where the land and sky seems to meet?”"
q00910,,0.00,unresolved,859,"“Aye, aye, I see the cloud,”"
q00911,,0.00,unresolved,859,"“'rizon or no 'rizon. It's right o'er Mike Holdsworth's fallow, and a foul fallow it is.”"
q00912,Adam,0.98,after-verb-name,860,"“Well, you mark my words, as that cloud 'ull spread o'er the sky pretty nigh as quick as you'd spread a tarpaulin over one o' your hay-ricks. It's a great thing to ha' studied the look o' the clouds. Lord bless you! Th' met'orological almanecks can learn me nothing, but there's a pretty sight o' things I could let them up to, if they'd just come to me. And how are you, Mrs. Poyser?—thinking o' getherin' the red currants soon, I reckon. You'd a deal better gether 'em afore they're o'erripe, wi' such weather as we've got to look forward to. How do ye do, Mistress Bede?”"
q00913,Adam,0.91,same-paragraph,860,"“I hope y' enjoyed them spinach and gooseberries as I sent Chester with th' other day. If ye want vegetables while ye're in trouble, ye know where to come to. It's well known I'm not giving other folks' things away, for when I've supplied the house, the garden's my own spekilation, and it isna every man th' old squire could get as 'ud be equil to the undertaking, let alone asking whether he'd be willing I've got to run my calkilation fine, I can tell you, to make sure o' getting back the money as I pay the squire. I should like to see some o' them fellows as make the almanecks looking as far before their noses as I've got to do every year as comes.”"
q00914,,0.00,unresolved,861,"“They look pretty fur, though,”"
q00915,,0.00,unresolved,861,"“Why, what could come truer nor that pictur o' the cock wi' the big spurs, as has got its head knocked down wi' th' anchor, an' th' firin', an' the ships behind? Why, that pictur was made afore Christmas, and yit it's come as true as th' Bible. Why, th' cock's France, an' th' anchor's Nelson—an' they told us that beforehand.”"
q00916,,0.00,unresolved,862,“Pee—ee-eh!”
q00917,,0.00,unresolved,862,"“A man doesna want to see fur to know as th' English 'ull beat the French. Why, I know upo' good authority as it's a big Frenchman as reaches five foot high, an' they live upo' spoon-meat mostly. I knew a man as his father had a particular knowledge o' the French. I should like to know what them grasshoppers are to do against such fine fellows as our young Captain Arthur. Why, it 'ud astonish a Frenchman only to look at him; his arm's thicker nor a Frenchman's body, I'll be bound, for they pinch theirsells in wi' stays; and it's easy enough, for they've got nothing i' their insides.”"
q00918,Adam,0.98,after-verb-name,863,"“Where is the captain, as he wasna at church to-day?”"
q00919,Adam,0.94,before-verb-name,863,"“I was talking to him o' Friday, and he said nothing about his going away.”"
q00920,,0.00,unresolved,864,"“Oh, he's only gone to Eagledale for a bit o' fishing; I reckon he'll be back again afore many days are o'er, for he's to be at all th' arranging and preparing o' things for the comin' o' age o' the 30th o' July. But he's fond o' getting away for a bit, now and then. Him and th' old squire fit one another like frost and flowers.”"
q00921,,0.00,unresolved,865,“good-bye.”
q00922,,0.00,unresolved,865,"“nothing to say again' him, on'y it was a pity he couldna be hatched o'er again, an' hatched different.”"
q00923,,0.00,unresolved,866,“Where's Father?”
q00924,,0.00,unresolved,867,“growing pain”
q00925,,0.00,unresolved,870,“The weather”
q00926,,0.00,unresolved,870,"“the weather, you see, 's a ticklish thing, an' a fool 'ull hit on't sometimes when a wise man misses; that's why the almanecks get so much credit. It's one o' them chancy things as fools thrive on.”"
q00927,,0.00,unresolved,874,“to part wi' th' lad”
q00928,,0.00,unresolved,875,"“A pretty building I'm making, without either bricks or timber. I'm up i' the garret a'ready, and haven't so much as dug the foundation.”"
q00929,,0.00,unresolved,876,“firmer on his legs”
q00930,,0.00,unresolved,876,“nice”
q00931,Lisbeth,0.91,same-paragraph,877,"“Let alone, lad! Thee'st got too much gristle i' thy bones yet”"
q00932,Lisbeth,0.97,after-name-verb,877,"“the commin print,”"
q00933,,0.00,unresolved,878,“Where shall I find their like?”
q00934,Lisbeth,0.98,after-verb-name,882,“What's thee got thy Sunday cloose on for?”
q00935,Lisbeth,0.94,before-verb-name,882,“Thee artna goin' to th' school i' thy best coat?”
q00936,Adam,0.98,after-verb-name,883,"“No, Mother,”"
q00937,Adam,0.94,before-verb-name,883,"“I'm going to the Hall Farm, but mayhap I may go to the school after, so thee mustna wonder if I'm a bit late. Seth 'ull be at home in half an hour—he's only gone to the village; so thee wutna mind.”"
q00938,Adam,0.78,neighbor-continuation,884,"“Eh, an' what's thee got thy best cloose on for to go to th' Hall Farm? The Poyser folks see'd thee in 'em yesterday, I warrand. What dost mean by turnin' worki'day into Sunday a-that'n? It's poor keepin' company wi' folks as donna like to see thee i' thy workin' jacket.”"
q00939,Adam,0.98,after-verb-name,885,"“Good-bye, mother, I can't stay,”"
q00940,Hetty,0.96,before-name-verb,886,"“Nay, my lad, thee wutna go away angered wi' thy mother, an' her got nought to do but to sit by hersen an' think on thee?”"
q00941,Adam,0.98,after-verb-name,887,"“Nay, nay, Mother,”"
q00942,Adam,0.91,same-paragraph,887,"“I'm not angered. But I wish, for thy own sake, thee'dst be more contented to let me do what I've made up my mind to do. I'll never be no other than a good son to thee as long as we live. But a man has other feelings besides what he owes to's father and mother, and thee oughtna to want to rule over me body and soul. And thee must make up thy mind as I'll not give way to thee where I've a right to do what I like. So let us have no more words about it.”"
q00943,Lisbeth,0.98,after-verb-name,888,"“Eh,”"
q00944,Lisbeth,0.91,same-paragraph,888,"“and' who likes to see thee i' thy best cloose better nor thy mother? An' when thee'st got thy face washed as clean as the smooth white pibble, an' thy hair combed so nice, and thy eyes a-sparklin'—what else is there as thy old mother should like to look at half so well? An' thee sha't put on thy Sunday cloose when thee lik'st for me—I'll ne'er plague thee no moor about'n.”"
q00945,Adam,0.98,after-verb-name,889,"“Well, well; good-bye, mother,”"
q00946,Adam,0.96,before-name-verb,889,"“Eh, he'll be tellin' me as he's goin' to bring her home one o' these days; an' she'll be missis o'er me, and I mun look on, belike, while she uses the blue-edged platters, and breaks 'em, mayhap, though there's ne'er been one broke sin' my old man an' me bought 'em at the fair twenty 'ear come next Whissuntide. Eh!”"
q00947,Adam,0.91,same-paragraph,889,"“but she'll ne'er knit the lad's stockin's, nor foot 'em nayther, while I live; an' when I'm gone, he'll bethink him as nobody 'ull ne'er fit's leg an' foot as his old mother did. She'll know nothin' o' narrowin' an' heelin', I warrand, an' she'll make a long toe as he canna get's boot on. That's what comes o' marr'in' young wenches. I war gone thirty, an' th' feyther too, afore we war married; an' young enough too. She'll be a poor dratchell by then she's thirty, a-marr'in' a-that'n, afore her teeth's all come.”"
q00948,Adam,0.78,neighbor-continuation,890,“Mrs. Poyser within?”
q00949,Adam,0.98,after-verb-name,891,"“Come in, Mr. Bede, come in,”"
q00950,Adam,0.91,same-paragraph,891,"“You may come into the dairy if you will, for I canna justly leave the cheese.”"
q00951,,0.00,unresolved,893,"“Why, you might think you war come to a dead-house,”"
q00952,,0.00,unresolved,893,"“they're all i' the meadow; but Martin's sure to be in afore long, for they're leaving the hay cocked to-night, ready for carrying first thing to-morrow. I've been forced t' have Nancy in, upo' 'count as Hetty must gether the red currants to-night; the fruit allays ripens so contrairy, just when every hand's wanted. An' there's no trustin' the children to gether it, for they put more into their own mouths nor into the basket; you might as well set the wasps to gether the fruit.”"
q00953,,0.00,unresolved,894,"“I could be looking at your spinning-wheel, then, and see what wants doing to it. Perhaps it stands in the house, where I can find it?”"
q00954,,0.00,unresolved,895,"“No, I've put it away in the right-hand parlour; but let it be till I can fetch it and show it you. I'd be glad now if you'd go into the garden and tell Hetty to send Totty in. The child 'ull run in if she's told, an' I know Hetty's lettin' her eat too many currants. I'll be much obliged to you, Mr. Bede, if you'll go and send her in; an' there's the York and Lankester roses beautiful in the garden now—you'll like to see 'em. But you'd like a drink o' whey first, p'r'aps; I know you're fond o' whey, as most folks is when they hanna got to crush it out.”"
q00955,Adam,0.98,after-verb-name,896,"“Thank you, Mrs. Poyser,”"
q00956,Adam,0.94,before-verb-name,896,“a drink o' whey's allays a treat to me. I'd rather have it than beer any day.”
q00957,,0.00,unresolved,897,"“Aye, aye,”"
q00958,,0.00,unresolved,897,"“the smell o' bread's sweet t' everybody but the baker. The Miss Irwines allays say, ‘Oh, Mrs. Poyser, I envy you your dairy; and I envy you your chickens; and what a beautiful thing a farm-house is, to be sure!' An' I say, ‘Yes; a farm-house is a fine thing for them as look on, an' don't know the liftin', an' the stannin', an' the worritin' o' th' inside as belongs to't.'”"
q00959,Adam,0.98,after-verb-name,898,"“Why, Mrs. Poyser, you wouldn't like to live anywhere else but in a farm-house, so well as you manage it,”"
q00960,Adam,0.94,before-verb-name,898,"“and there can be nothing to look at pleasanter nor a fine milch cow, standing up to'ts knees in pasture, and the new milk frothing in the pail, and the fresh butter ready for market, and the calves, and the poultry. Here's to your health, and may you allays have strength to look after your own dairy, and set a pattern t' all the farmers' wives in the country.”"
q00961,,0.00,unresolved,900,"“Have a little more, Mr. Bede?”"
q00962,,0.00,unresolved,901,"“No, thank you; I'll go into the garden now, and send in the little lass.”"
q00963,,0.00,unresolved,902,"“Aye, do; and tell her to come to her mother in the dairy.”"
q00964,,0.00,unresolved,903,“hide-and-seek.”
q00965,,0.00,unresolved,904,"“Now, then, Totty, hold out your pinny—there's a duck.”"
q00966,Adam,0.96,before-name-verb,905,"“There now, Totty, you've got your cherries. Run into the house with 'em to Mother—she wants you—she's in the dairy. Run in this minute—there's a good little girl.”"
q00967,Adam,0.98,after-verb-name,907,"“Tommy, my lad, take care you're not shot for a little thieving bird,”"
q00968,Hetty,0.98,after-verb-name,909,"“I frightened you,”"
q00969,Hetty,0.94,before-verb-name,909,“let me pick the currants up.”
q00970,,0.00,unresolved,912,"“There's not many more currants to get,”"
q00971,,0.00,unresolved,912,“I shall soon ha' done now.”
q00972,Adam,0.98,after-verb-name,913,"“I'll help you,”"
q00973,Hetty,0.98,after-verb-name,918,"“That'll do,”"
q00974,Hetty,0.94,before-verb-name,918,“Aunt wants me to leave some on the trees. I'll take 'em in now.”
q00975,Adam,0.98,after-verb-name,919,"“It's very well I came to carry the basket,”"
q00976,Adam,0.94,before-verb-name,919,“for it 'ud ha' been too heavy for your little arms.”
q00977,Adam,0.78,neighbor-continuation,920,“No; I could ha' carried it with both hands.”
q00978,Adam,0.98,after-verb-name,921,"“Oh, I daresay,”"
q00979,Adam,0.94,before-verb-name,921,“and been as long getting into the house as a little ant carrying a caterpillar. Have you ever seen those tiny fellows carrying things four times as big as themselves?”
q00980,Hetty,0.98,after-verb-name,922,"“No,”"
q00981,,0.00,unresolved,923,"“Oh, I used to watch 'em often when I was a lad. But now, you see, I can carry the basket with one arm, as if it was an empty nutshell, and give you th' other arm to lean on. Won't you? Such big arms as mine were made for little arms like yours to lean on.”"
q00982,,0.00,unresolved,925,“Have you ever been to Eagledale?”
q00983,Adam,0.98,after-verb-name,926,"“Yes,”"
q00984,Adam,0.91,same-paragraph,926,"“Ten years ago, when I was a lad, I went with father to see about some work there. It's a wonderful sight—rocks and caves such as you never saw in your life. I never had a right notion o' rocks till I went there.”"
q00985,,0.00,unresolved,927,“How long did it take to get there?”
q00986,,0.00,unresolved,928,"“Why, it took us the best part o' two days' walking. But it's nothing of a day's journey for anybody as has got a first-rate nag. The captain 'ud get there in nine or ten hours, I'll be bound, he's such a rider. And I shouldn't wonder if he's back again to-morrow; he's too active to rest long in that lonely place, all by himself, for there's nothing but a bit of a inn i' that part where he's gone to fish. I wish he'd got th' estate in his hands; that 'ud be the right thing for him, for it 'ud give him plenty to do, and he'd do't well too, for all he's so young; he's got better notions o' things than many a man twice his age. He spoke very handsome to me th' other day about lending me money to set up i' business; and if things came round that way, I'd rather be beholding to him nor to any man i' the world.”"
q00987,Adam,0.97,after-name-verb,930,“How pretty the roses are now!”
q00988,Adam,0.96,before-name-verb,930,"“See! I stole the prettiest, but I didna mean to keep it myself. I think these as are all pink, and have got a finer sort o' green leaves, are prettier than the striped uns, don't you?”"
q00989,,0.00,unresolved,932,"“It smells very sweet,”"
q00990,,0.00,unresolved,932,"“those striped uns have no smell. Stick it in your frock, and then you can put it in water after. It 'ud be a pity to let it fade.”"
q00991,,0.00,unresolved,934,"“Ah,”"
q00992,,0.00,unresolved,934,"“that's like the ladies in the pictures at the Chase; they've mostly got flowers or feathers or gold things i' their hair, but somehow I don't like to see 'em; they allays put me i' mind o' the painted women outside the shows at Treddles'on Fair. What can a woman have to set her off better than her own hair, when it curls so, like yours? If a woman's young and pretty, I think you can see her good looks all the better for her being plain dressed. Why, Dinah Morris looks very nice, for all she wears such a plain cap and gown. It seems to me as a woman's face doesna want flowers; it's almost like a flower itself. I'm sure yours is.”"
q00993,Hetty,0.98,after-verb-name,935,"“Oh, very well,”"
q00994,Hetty,0.91,same-paragraph,935,"“I'll put one o' Dinah's caps on when we go in, and you'll see if I look better in it. She left one behind, so I can take the pattern.”"
q00995,,0.00,unresolved,936,"“Nay, nay, I don't want you to wear a Methodist cap like Dinah's. I daresay it's a very ugly cap, and I used to think when I saw her here as it was nonsense for her to dress different t' other people; but I never rightly noticed her till she came to see mother last week, and then I thought the cap seemed to fit her face somehow as th ‘acorn-cup fits th' acorn, and I shouldn't like to see her so well without it. But you've got another sort o' face; I'd have you just as you are now, without anything t' interfere with your own looks. It's like when a man's singing a good tune—you don't want t' hear bells tinkling and interfering wi' the sound.”"
q00996,,0.00,unresolved,938,“whups”
q00997,,0.00,unresolved,938,“shop-rag”
q00998,Adam,0.91,same-paragraph,939,"“Well, Adam, I'm glad to see ye,”"
q00999,Adam,0.96,before-name-verb,939,"“What! ye've been helping Hetty to gether the curran's, eh? Come, sit ye down, sit ye down. Why, it's pretty near a three-week since y' had your supper with us; and the missis has got one of her rare stuffed chines. I'm glad ye're come.”"
q01000,Hetty,0.91,same-paragraph,940,"“Hetty,”"
q01001,Hetty,0.96,before-name-verb,940,"“run upstairs and send Molly down. She's putting Totty to bed, and I want her to draw th' ale, for Nancy's busy yet i' the dairy. You can see to the child. But whativer did you let her run away from you along wi' Tommy for, and stuff herself wi' fruit as she can't eat a bit o' good victual?”"
q01002,,0.00,unresolved,944,"“What a time that gell is drawing th' ale, to be sure!”"
q01003,,0.00,unresolved,944,"“I think she sets the jug under and forgets to turn the tap, as there's nothing you can't believe o' them wenches: they'll set the empty kettle o' the fire, and then come an hour after to see if the water boils.”"
q01004,,0.00,unresolved,945,"“She's drawin' for the men too,”"
q01005,,0.00,unresolved,945,“Thee shouldst ha' told her to bring our jug up first.”
q01006,,0.00,unresolved,946,“Told her?”
q01007,,0.00,unresolved,946,"“Yes, I might spend all the wind i' my body, an' take the bellows too, if I was to tell them gells everything as their own sharpness wonna tell 'em. Mr. Bede, will you take some vinegar with your lettuce? Aye you're i' the right not. It spoils the flavour o' the chine, to my thinking. It's poor eating where the flavour o' the meat lies i' the cruets. There's folks as make bad butter and trusten to the salt t' hide it.”"
q01008,,0.00,unresolved,948,"“Molly, I niver knew your equils—to think o' your poor mother as is a widow, an' I took you wi' as good as no character, an' the times an' times I've told you....”"
q01009,,0.00,unresolved,949,“Ello!”
q01010,Molly,0.97,after-name-verb,950,“There you go!”
q01011,Molly,0.96,before-name-verb,950,"“It's what I told you 'ud come, over and over again; and there's your month's wage gone, and more, to pay for that jug as I've had i' the house this ten year, and nothing ever happened to't before; but the crockery you've broke sin' here in th' house you've been 'ud make a parson swear—God forgi' me for saying so—an' if it had been boiling wort out o' the copper, it 'ud ha' been the same, and you'd ha' been scalded and very like lamed for life, as there's no knowing but what you will be some day if you go on; for anybody 'ud think you'd got the St. Vitus's Dance, to see the things you've throwed down. It's a pity but what the bits was stacked up for you to see, though it's neither seeing nor hearing as 'ull make much odds to you—anybody 'ud think you war case-hardened.”"
q01012,,0.00,unresolved,952,"“Ah,”"
q01013,,0.00,unresolved,952,"“you'll do no good wi' crying an' making more wet to wipe up. It's all your own wilfulness, as I tell you, for there's nobody no call to break anything if they'll only go the right way to work. But wooden folks had need ha' wooden things t' handle. And here must I take the brown-and-white jug, as it's niver been used three times this year, and go down i' the cellar myself, and belike catch my death, and be laid up wi' inflammation....”"
q01014,,0.00,unresolved,954,“Did ever anybody see the like?”
q01015,,0.00,unresolved,954,"“The jugs are bewitched, I think. It's them nasty glazed handles—they slip o'er the finger like a snail.”"
q01016,,0.00,unresolved,955,"“Why, thee'st let thy own whip fly i' thy face,”"
q01017,,0.00,unresolved,956,"“It's all very fine to look on and grin,”"
q01018,,0.00,unresolved,956,"“but there's times when the crockery seems alive an' flies out o' your hand like a bird. It's like the glass, sometimes, 'ull crack as it stands. What is to be broke will be broke, for I never dropped a thing i' my life for want o' holding it, else I should never ha' kept the crockery all these 'ears as I bought at my own wedding. And Hetty, are you mad? Whativer do you mean by coming down i' that way, and making one think as there's a ghost a-walking i' th' house?”"
q01019,Hetty,0.91,same-paragraph,958,"“Why, Hetty, lass, are ye turned Methodist?”"
q01020,Hetty,0.96,before-name-verb,958,"“You must pull your face a deal longer before you'll do for one; mustna she, Adam? How come you put them things on, eh?”"
q01021,Hetty,0.98,after-verb-name,959,"“Adam said he liked Dinah's cap and gown better nor my clothes,”"
q01022,Adam,0.96,before-name-verb,959,“He says folks looks better in ugly clothes.”
q01023,Dinah,0.98,after-verb-name,960,"“Nay, nay,”"
q01024,Adam,0.94,before-verb-name,960,"“I only said they seemed to suit Dinah. But if I'd said you'd look pretty in 'em, I should ha' said nothing but what was true.”"
q01025,Hetty,0.91,same-paragraph,961,"“Why, thee thought'st Hetty war a ghost, didstna?”"
q01026,Hetty,0.96,before-name-verb,961,“Thee look'dst as scared as scared.”
q01027,,0.00,unresolved,962,"“It little sinnifies how I looked,”"
q01028,,0.00,unresolved,962,"“looks 'ull mend no jugs, nor laughing neither, as I see. Mr. Bede, I'm sorry you've to wait so long for your ale, but it's coming in a minute. Make yourself at home wi' th' cold potatoes: I know you like 'em. Tommy, I'll send you to bed this minute, if you don't give over laughing. What is there to laugh at, I should like to know? I'd sooner cry nor laugh at the sight o' that poor thing's cap; and there's them as 'ud be better if they could make theirselves like her i' more ways nor putting on her cap. It little becomes anybody i' this house to make fun o' my sister's child, an' her just gone away from us, as it went to my heart to part wi' her. An' I know one thing, as if trouble was to come, an' I was to be laid up i' my bed, an' the children was to die—as there's no knowing but what they will—an' the murrain was to come among the cattle again, an' everything went to rack an' ruin, I say we might be glad to get sight o' Dinah's cap again, wi' her own face under it, border or no border. For she's one o' them things as looks the brightest on a rainy day, and loves you the best when you're most i' need on't.”"
q01029,,0.00,unresolved,963,"“You'd better take the things off again, my lass; it hurts your aunt to see 'em.”"
q01030,,0.00,unresolved,964,"“hopping,”"
q01031,Adam,0.98,after-verb-name,965,"“Ah,”"
q01032,Adam,0.94,before-verb-name,965,"“here's a nice bit o' turning wanted. It's a pretty wheel. I must have it up at the turning-shop in the village and do it there, for I've no convenence for turning at home. If you'll send it to Mr. Burge's shop i' the morning, I'll get it done for you by Wednesday. I've been turning it over in my mind,”"
q01033,Adam,0.91,same-paragraph,965,"“to make a bit more convenence at home for nice jobs o' cabinet-making. I've always done a deal at such little things in odd hours, and they're profitable, for there's more workmanship nor material in 'em. I look for me and Seth to get a little business for ourselves i' that way, for I know a man at Rosseter as 'ull take as many things as we should make, besides what we could get orders for round about.”"
q01034,Adam,0.78,neighbor-continuation,966,"“master-man,”"
q01035,Adam,0.98,after-verb-name,967,"“I shall take a step farther,”"
q01036,Adam,0.94,before-verb-name,967,"“and go on to see Mester Massey, for he wasn't at church yesterday, and I've not seen him for a week past. I've never hardly known him to miss church before.”"
q01037,,0.00,unresolved,968,"“Aye,”"
q01038,,0.00,unresolved,968,"“we've heared nothing about him, for it's the boys' hollodays now, so we can give you no account.”"
q01039,,0.00,unresolved,969,“But you'll niver think o' going there at this hour o' the night?”
q01040,Adam,0.98,after-verb-name,970,"“Oh, Mester Massey sits up late,”"
q01041,Adam,0.94,before-verb-name,970,“An' the night-school's not over yet. Some o' the men don't come till late—they've got so far to walk. And Bartle himself's never in bed till it's gone eleven.”
q01042,,0.00,unresolved,971,"“I wouldna have him to live wi' me, then,”"
q01043,,0.00,unresolved,971,"“a-dropping candle-grease about, as you're like to tumble down o' the floor the first thing i' the morning.”"
q01044,Martin,0.98,after-verb-name,972,"“Aye, eleven o'clock's late—it's late,”"
q01045,Martin,0.94,before-verb-name,972,"“I ne'er sot up so i' my life, not to say as it warna a marr'in', or a christenin', or a wake, or th' harvest supper. Eleven o'clock's late.”"
q01046,Adam,0.98,after-verb-name,973,"“Why, I sit up till after twelve often,”"
q01047,Adam,0.94,before-verb-name,973,"“but it isn't t' eat and drink extry, it's to work extry. Good-night, Mrs. Poyser; good-night, Hetty.”"
q01048,Hetty,0.96,before-name-verb,974,"“Come again, come again!”"
q01049,,0.00,unresolved,975,"“Aye, think o' that now,”"
q01050,,0.00,unresolved,975,"“Sitting up till past twelve to do extry work! Ye'll not find many men o' six-an' twenty as 'ull do to put i' the shafts wi' him. If you can catch Adam for a husband, Hetty, you'll ride i' your own spring-cart some day, I'll be your warrant.”"
q01051,,0.00,unresolved,982,"“Nay, Bill, nay,”"
q01052,,0.00,unresolved,982,"“begin that again, and then perhaps, it'll come to you what d-r-y spells. It's the same lesson you read last week, you know.”"
q01053,,0.00,unresolved,983,“Bill”
q01054,,0.00,unresolved,983,"“uncommon alike, there was no tellin' 'em one from another,”"
q01055,,0.00,unresolved,983,"“right off,”"
q01056,,0.00,unresolved,984,"“got religion,”"
q01057,,0.00,unresolved,984,"“Brimstone,”"
q01058,,0.00,unresolved,985,“little chap”
q01059,,0.00,unresolved,986,"“The grass is green,”"
q01060,,0.00,unresolved,986,"“The sticks are dry,”"
q01061,,0.00,unresolved,986,“The corn is ripe”
q01062,,0.00,unresolved,987,“off-hand”
q01063,,0.00,unresolved,988,"“Now, you see, you don't do this thing a bit better than you did a fortnight ago, and I'll tell you what's the reason. You want to learn accounts—that's well and good. But you think all you need do to learn accounts is to come to me and do sums for an hour or so, two or three times a-week; and no sooner do you get your caps on and turn out of doors again than you sweep the whole thing clean out of your mind. You go whistling about, and take no more care what you're thinking of than if your heads were gutters for any rubbish to swill through that happened to be in the way; and if you get a good notion in 'em, it's pretty soon washed out again. You think knowledge is to be got cheap—you'll come and pay Bartle Massey sixpence a-week, and he'll make you clever at figures without your taking any trouble. But knowledge isn't to be got with paying sixpence, let me tell you. If you're to know figures, you must turn 'em over in your heads and keep your thoughts fixed on 'em. There's nothing you can't turn into a sum, for there's nothing but what's got number in it—even a fool. You may say to yourselves, ‘I'm one fool, and Jack's another; if my fool's head weighed four pound, and Jack's three pound three ounces and three quarters, how many pennyweights heavier would my head be than Jack's?' A man that had got his heart in learning figures would make sums for himself and work 'em in his head. When he sat at his shoemaking, he'd count his stitches by fives, and then put a price on his stitches, say half a farthing, and then see how much money he could get in an hour; and then ask himself how much money he'd get in a day at that rate; and then how much ten workmen would get working three, or twenty, or a hundred years at that rate—and all the while his needle would be going just as fast as if he left his head empty for the devil to dance in. But the long and the short of it is—I'll have nobody in my night-school that doesn't strive to learn what he comes to learn, as hard as if he was striving to get out of a dark hole into broad daylight. I'll send no man away because he's stupid: if Billy Taft, the idiot, wanted to learn anything, I'd not refuse to teach him. But I'll not throw away good knowledge on people who think they can get it by the sixpenn'orth, and carry it away with 'em as they would an ounce of snuff. So never come to me again, if you can't show that you've been working with your own heads, instead of thinking that you can pay for mine to work for you. That's the last word I've got to say to you.”"
q01064,Jacob,0.91,same-paragraph,989,“somehow.”
q01065,Jacob,0.96,before-name-verb,989,"“to finish off th' alphabet, like, though ampusand would ha' done as well, for what he could see.”"
q01066,Adam,0.97,after-name-verb,990,"“Good-nights,”"
q01067,Adam,0.96,before-name-verb,990,"“Shall I put the candles out, Mr. Massey?”"
q01068,Bartle,0.98,after-verb-name,991,"“Yes, my boy, yes, all but this, which I'll carry into the house; and just lock the outer door, now you're near it,”"
q01069,,0.00,unresolved,993,"“Well, Vixen , well then, how are the babbies?”"
q01070,Adam,0.98,after-verb-name,994,"“Why, you've got a family, I see, Mr. Massey?”"
q01071,Adam,0.94,before-verb-name,994,“How's that? I thought it was against the law here.”
q01072,Vixen,0.98,after-verb-name,995,“Law? What's the use o' law when a man's once such a fool as to let a woman into his house?”
q01073,Bartle,0.96,before-name-verb,995,"“If I'd known Vixen was a woman, I'd never have held the boys from drowning her; but when I'd got her into my hand, I was forced to take to her. And now you see what she's brought me to—the sly, hypocritical wench”"
q01074,,0.00,unresolved,995,"“and contrived to be brought to bed on a Sunday at church-time. I've wished again and again I'd been a bloody minded man, that I could have strangled the mother and the brats with one cord.”"
q01075,Adam,0.98,after-verb-name,996,"“I'm glad it was no worse a cause kept you from church,”"
q01076,Adam,0.94,before-verb-name,996,“I was afraid you must be ill for the first time i' your life. And I was particularly sorry not to have you at church yesterday.”
q01077,Bartle,0.98,after-verb-name,997,"“Ah, my boy, I know why, I know why,”"
q01078,Bartle,0.91,same-paragraph,997,"“You've had a rough bit o' road to get over since I saw you—a rough bit o' road. But I'm in hopes there are better times coming for you. I've got some news to tell you. But I must get my supper first, for I'm hungry, I'm hungry. Sit down, sit down.”"
q01079,Bartle,0.98,after-verb-name,999,"“Now, then, my boy, draw up, draw up. We'll not talk about business till we've had our supper. No man can be wise on an empty stomach. But,”"
q01080,Bartle,0.94,before-verb-name,999,"“I must give Vixen her supper too, confound her! Though she'll do nothing with it but nourish those unnecessary babbies. That's the way with these women—they've got no head-pieces to nourish, and so their food all runs either to fat or to brats.”"
q01081,Adam,0.98,after-verb-name,1001,"“I've had my supper, Mr. Massey,”"
q01082,Adam,0.94,before-verb-name,1001,"“so I'll look on while you eat yours. I've been at the Hall Farm, and they always have their supper betimes, you know: they don't keep your late hours.”"
q01083,Bartle,0.98,after-verb-name,1002,"“I know little about their hours,”"
q01084,Bartle,0.91,same-paragraph,1002,"“It's a house I seldom go into, though I'm fond of the boys, and Martin Poyser's a good fellow. There's too many women in the house for me: I hate the sound of women's voices; they're always either a-buzz or a-squeak—always either a-buzz or a-squeak. Mrs. Poyser keeps at the top o' the talk like a fife; and as for the young lasses, I'd as soon look at water-grubs. I know what they'll turn to—stinging gnats, stinging gnats. Here, take some ale, my boy: it's been drawn for you—it's been drawn for you.”"
q01085,Adam,0.98,after-verb-name,1003,"“Nay, Mr. Massey,”"
q01086,Adam,0.91,same-paragraph,1003,"“don't be so hard on the creaturs God has made to be companions for us. A working-man 'ud be badly off without a wife to see to th' house and the victual, and make things clean and comfortable.”"
q01087,,0.00,unresolved,1004,"“Nonsense! It's the silliest lie a sensible man like you ever believed, to say a woman makes a house comfortable. It's a story got up because the women are there and something must be found for 'em to do. I tell you there isn't a thing under the sun that needs to be done at all, but what a man can do better than a woman, unless it's bearing children, and they do that in a poor make-shift way; it had better ha' been left to the men—it had better ha' been left to the men. I tell you, a woman 'ull bake you a pie every week of her life and never come to see that the hotter th' oven the shorter the time. I tell you, a woman 'ull make your porridge every day for twenty years and never think of measuring the proportion between the meal and the milk—a little more or less, she'll think, doesn't signify. The porridge will be awk'ard now and then: if it's wrong, it's summat in the meal, or it's summat in the milk, or it's summat in the water. Look at me! I make my own bread, and there's no difference between one batch and another from year's end to year's end; but if I'd got any other woman besides Vixen in the house, I must pray to the Lord every baking to give me patience if the bread turned out heavy. And as for cleanliness, my house is cleaner than any other house on the Common, though the half of 'em swarm with women. Will Baker's lad comes to help me in a morning, and we get as much cleaning done in one hour, without any fuss, as a woman 'ud get done in three, and all the while be sending buckets o' water after your ankles, and let the fender and the fire-irons stand in the middle o' the floor half the day for you to break your shins against 'em. Don't tell me about God having made such creatures to be companions for us! I don't say but He might make Eve to be a companion to Adam in Paradise—there was no cooking to be spoilt there, and no other woman to cackle with and make mischief, though you see what mischief she did as soon as she'd an opportunity. But it's an impious, unscriptural opinion to say a woman's a blessing to a man now; you might as well say adders and wasps, and foxes and wild beasts are a blessing, when they're only the evils that belong to this state o' probation, which it's lawful for a man to keep as clear of as he can in this life, hoping to get quit of 'em for ever in another—hoping to get quit of 'em for ever in another.”"
q01088,,0.00,unresolved,1006,"“Quiet, Vixen !”"
q01089,,0.00,unresolved,1006,“You're like the rest o' the women—always putting in your word before you know why.”
q01090,Bartle,0.96,before-name-verb,1007,"“Oh, I've seen many places—I've been a deal in the south,”"
q01091,Bartle,0.96,before-name-verb,1007,“the south.”
q01092,Bartle,0.98,after-verb-name,1008,"“Now then, my boy,”"
q01093,Bartle,0.91,same-paragraph,1008,"“now then, we'll have a little talk. But tell me first, have you heard any particular news to-day?”"
q01094,Adam,0.98,after-verb-name,1009,"“No,”"
q01095,Adam,0.94,before-verb-name,1009,“not as I remember.”
q01096,Adam,0.78,neighbor-continuation,1010,"“Ah, they'll keep it close, they'll keep it close, I daresay. But I found it out by chance; and it's news that may concern you, Adam, else I'm a man that don't know a superficial square foot from a solid.”"
q01097,Adam,0.96,before-name-verb,1011,"“Satchell's got a paralytic stroke. I found it out from the lad they sent to Treddleston for the doctor, before seven o'clock this morning. He's a good way beyond sixty, you know; it's much if he gets over it.”"
q01098,Adam,0.98,after-verb-name,1012,"“Well,”"
q01099,Adam,0.94,before-verb-name,1012,"“I daresay there'd be more rejoicing than sorrow in the parish at his being laid up. He's been a selfish, tale-bearing, mischievous fellow; but, after all, there's nobody he's done so much harm to as to th' old squire. Though it's the squire himself as is to blame—making a stupid fellow like that a sort o' man-of-all-work, just to save th' expense of having a proper steward to look after th' estate. And he's lost more by ill management o' the woods, I'll be bound, than 'ud pay for two stewards. If he's laid on the shelf, it's to be hoped he'll make way for a better man, but I don't see how it's like to make any difference to me.”"
q01100,Bartle,0.98,after-verb-name,1013,"“But I see it, but I see it,”"
q01101,Bartle,0.94,before-verb-name,1013,"“and others besides me. The captain's coming of age now—you know that as well as I do—and it's to be expected he'll have a little more voice in things. And I know, and you know too, what 'ud be the captain's wish about the woods, if there was a fair opportunity for making a change. He's said in plenty of people's hearing that he'd make you manager of the woods to-morrow, if he'd the power. Why, Carroll, Mr. Irwine's butler, heard him say so to the parson not many days ago. Carroll looked in when we were smoking our pipes o' Saturday night at Casson's, and he told us about it; and whenever anybody says a good word for you, the parson's ready to back it, that I'll answer for. It was pretty well talked over, I can tell you, at Casson's, and one and another had their fling at you; for if donkeys set to work to sing, you're pretty sure what the tune'll be.”"
q01102,Adam,0.98,after-verb-name,1014,"“Why, did they talk it over before Mr. Burge?”"
q01103,Adam,0.94,before-verb-name,1014,“or wasn't he there o' Saturday?”
q01104,Adam,0.78,neighbor-continuation,1015,"“Oh, he went away before Carroll came; and Casson—he's always for setting other folks right, you know—would have it Burge was the man to have the management of the woods. ‘A substantial man,' says he, ‘with pretty near sixty years' experience o' timber: it 'ud be all very well for Adam Bede to act under him, but it isn't to be supposed the squire 'ud appoint a young fellow like Adam, when there's his elders and betters at hand!' But I said, ‘That's a pretty notion o' yours, Casson. Why, Burge is the man to buy timber; would you put the woods into his hands and let him make his own bargains? I think you don't leave your customers to score their own drink, do you? And as for age, what that's worth depends on the quality o' the liquor. It's pretty well known who's the backbone of Jonathan Burge's business.'”"
q01105,Adam,0.98,after-verb-name,1016,"“I thank you for your good word, Mr. Massey,”"
q01106,Adam,0.94,before-verb-name,1016,"“But, for all that, Casson was partly i' the right for once. There's not much likelihood that th' old squire 'ud ever consent t' employ me. I offended him about two years ago, and he's never forgiven me.”"
q01107,Bartle,0.98,after-verb-name,1017,"“Why, how was that? You never told me about it,”"
q01108,Bartle,0.78,neighbor-continuation,1018,"“Oh, it was a bit o' nonsense. I'd made a frame for a screen for Miss Lyddy—she's allays making something with her worsted-work, you know—and she'd given me particular orders about this screen, and there was as much talking and measuring as if we'd been planning a house. However, it was a nice bit o' work, and I liked doing it for her. But, you know, those little friggling things take a deal o' time. I only worked at it in overhours—often late at night—and I had to go to Treddleston over an' over again about little bits o' brass nails and such gear; and I turned the little knobs and the legs, and carved th' open work, after a pattern, as nice as could be. And I was uncommon pleased with it when it was done. And when I took it home, Miss Lyddy sent for me to bring it into her drawing-room, so as she might give me directions about fastening on the work—very fine needlework, Jacob and Rachel a-kissing one another among the sheep, like a picture—and th' old squire was sitting there, for he mostly sits with her. Well, she was mighty pleased with the screen, and then she wanted to know what pay she was to give me. I didn't speak at random—you know it's not my way; I'd calculated pretty close, though I hadn't made out a bill, and I said, ‘One pound thirteen.' That was paying for the mater'als and paying me, but none too much, for my work. Th' old squire looked up at this, and peered in his way at the screen, and said, ‘One pound thirteen for a gimcrack like that! Lydia, my dear, if you must spend money on these things, why don't you get them at Rosseter, instead of paying double price for clumsy work here? Such things are not work for a carpenter like Adam. Give him a guinea, and no more.' Well, Miss Lyddy, I reckon, believed what he told her, and she's not overfond o' parting with the money herself—she's not a bad woman at bottom, but she's been brought up under his thumb; so she began fidgeting with her purse, and turned as red as her ribbon. But I made a bow, and said, ‘No, thank you, madam; I'll make you a present o' the screen, if you please. I've charged the regular price for my work, and I know it's done well; and I know, begging His Honour's pardon, that you couldn't get such a screen at Rosseter under two guineas. I'm willing to give you my work—it's been done in my own time, and nobody's got anything to do with it but me; but if I'm paid, I can't take a smaller price than I asked, because that 'ud be like saying I'd asked more than was just. With your leave, madam, I'll bid you good-morning.' I made my bow and went out before she'd time to say any more, for she stood with the purse in her hand, looking almost foolish. I didn't mean to be disrespectful, and I spoke as polite as I could; but I can give in to no man, if he wants to make it out as I'm trying to overreach him. And in the evening the footman brought me the one pound thirteen wrapped in paper. But since then I've seen pretty clear as th' old squire can't abide me.”"
q01109,Bartle,0.98,after-verb-name,1019,"“That's likely enough, that's likely enough,”"
q01110,Bartle,0.94,before-verb-name,1019,"“The only way to bring him round would be to show him what was for his own interest, and that the captain may do—that the captain may do.”"
q01111,Adam,0.98,after-verb-name,1020,"“Nay, I don't know,”"
q01112,Adam,0.94,before-verb-name,1020,"“the squire's 'cute enough but it takes something else besides 'cuteness to make folks see what'll be their interest in the long run. It takes some conscience and belief in right and wrong, I see that pretty clear. You'd hardly ever bring round th' old squire to believe he'd gain as much in a straightfor'ard way as by tricks and turns. And, besides, I've not much mind to work under him: I don't want to quarrel with any gentleman, more particular an old gentleman turned eighty, and I know we couldn't agree long. If the captain was master o' th' estate, it 'ud be different: he's got a conscience and a will to do right, and I'd sooner work for him nor for any man living.”"
q01113,,0.00,unresolved,1021,"“Well, well, my boy, if good luck knocks at your door, don't you put your head out at window and tell it to be gone about its business, that's all. You must learn to deal with odd and even in life, as well as in figures. I tell you now, as I told you ten years ago, when you pommelled young Mike Holdsworth for wanting to pass a bad shilling before you knew whether he was in jest or earnest—you're overhasty and proud, and apt to set your teeth against folks that don't square to your notions. It's no harm for me to be a bit fiery and stiff-backed—I'm an old schoolmaster, and shall never want to get on to a higher perch. But where's the use of all the time I've spent in teaching you writing and mapping and mensuration, if you're not to get for'ard in the world and show folks there's some advantage in having a head on your shoulders, instead of a turnip? Do you mean to go on turning up your nose at every opportunity because it's got a bit of a smell about it that nobody finds out but yourself? It's as foolish as that notion o' yours that a wife is to make a working-man comfortable. Stuff and nonsense! Stuff and nonsense! Leave that to fools that never got beyond a sum in simple addition. Simple addition enough! Add one fool to another fool, and in six years' time six fools more—they're all of the same denomination, big and little's nothing to do with the sum!”"
q01114,Adam,0.97,after-name-verb,1023,"“There's a good deal o' sense in what you say, Mr. Massey,”"
q01115,Adam,0.96,before-name-verb,1023,"“as there always is. But you'll give in that it's no business o' mine to be building on chances that may never happen. What I've got to do is to work as well as I can with the tools and mater'als I've got in my hands. If a good chance comes to me, I'll think o' what you've been saying; but till then, I've got nothing to do but to trust to my own hands and my own head-piece. I'm turning over a little plan for Seth and me to go into the cabinet-making a bit by ourselves, and win a extra pound or two in that way. But it's getting late now—it'll be pretty near eleven before I'm at home, and Mother may happen to lie awake; she's more fidgety nor usual now. So I'll bid you good-night.”"
q01116,Bartle,0.98,after-verb-name,1024,"“Well, well, we'll go to the gate with you—it's a fine night,”"
q01117,Adam,0.98,after-verb-name,1025,"“Come to the music o' Friday night, if you can, my boy,”"
q01118,Adam,0.98,after-verb-name,1026,"“Aye, aye,”"
q01119,,0.00,unresolved,1027,"“Aye, aye,”"
q01120,,0.00,unresolved,1027,"“there you go, stalking along—stalking along; but you wouldn't have been what you are if you hadn't had a bit of old lame Bartle inside you. The strongest calf must have something to suck at. There's plenty of these big, lumbering fellows 'ud never have known their A B C if it hadn't been for Bartle Massey. Well, well, Vixen , you foolish wench, what is it, what is it? I must go in, must I? Aye, aye, I'm never to have a will o' my own any more. And those pups—what do you think I'm to do with 'em, when they're twice as big as you? For I'm pretty sure the father was that hulking bull-terrier of Will Baker's—wasn't he now, eh, you sly hussy?”"
q01121,Bartle,0.98,after-verb-name,1028,“But where's the use of talking to a woman with babbies?”
q01122,Bartle,0.94,before-verb-name,1028,“She's got no conscience—no conscience; it's all run to milk.”
q01123,,0.00,unresolved,1031,“the heir”
q01124,,0.00,unresolved,1032,“real”
q01125,Hetty,0.98,after-verb-name,1033,"“Little, little ears!”"
q01126,Hetty,0.94,before-verb-name,1033,“I wish I had some pretty ear-rings!”
q01127,,0.00,unresolved,1036,"“for,”"
q01128,,0.00,unresolved,1036,"“there's no danger of anybody's breaking in—everybody'll be at the Chase, thieves an' all. If we lock th' house up, all the men can go: it's a day they wonna see twice i' their lives.”"
q01129,,0.00,unresolved,1036,"“I never left the house to take care of itself since I was a missis, and I never will. There's been ill-looking tramps enoo' about the place this last week, to carry off every ham an' every spoon we'n got; and they all collogue together, them tramps, as it's a mercy they hanna come and poisoned the dogs and murdered us all in our beds afore we knowed, some Friday night when we'n got the money in th' house to pay the men. And it's like enough the tramps know where we're going as well as we do oursens; for if Old Harry wants any work done, you may be sure he'll find the means.”"
q01130,,0.00,unresolved,1037,"“Nonsense about murdering us in our beds,”"
q01131,,0.00,unresolved,1037,"“I've got a gun i' our room, hanna I? and thee'st got ears as 'ud find it out if a mouse was gnawing the bacon. Howiver, if thee wouldstna be easy, Alick can stay at home i' the forepart o' the day, and Tim can come back tow'rds five o'clock, and let Alick have his turn. They may let Growler loose if anybody offers to do mischief, and there's Alick's dog too, ready enough to set his tooth in a tramp if Alick gives him a wink.”"
q01132,,0.00,unresolved,1039,“th' heir”
q01133,,0.00,unresolved,1039,"“Let brotherly love continue,”"
q01134,,0.00,unresolved,1041,"“Why, the Chase is like a fair a'ready,”"
q01135,,0.00,unresolved,1041,"“I should ha' thought there wasna so many people i' the two parishes. Mercy on us! How hot it is out o' the shade! Come here, Totty, else your little face 'ull be burnt to a scratchin'! They might ha' cooked the dinners i' that open space an' saved the fires. I shall go to Mrs. Best's room an' sit down.”"
q01136,,0.00,unresolved,1042,"“Stop a bit, stop a bit,”"
q01137,,0.00,unresolved,1042,"“There's th' waggin coming wi' th' old folks in't; it'll be such a sight as wonna come o'er again, to see 'em get down an' walk along all together. You remember some on 'em i' their prime, eh, Father?”"
q01138,Martin,0.98,after-verb-name,1043,"“Aye, aye,”"
q01139,Martin,0.91,same-paragraph,1043,"“I remember Jacob Taft walking fifty mile after the Scotch raybels, when they turned back from Stoniton.”"
q01140,Martin,0.98,after-verb-name,1045,"“Well, Mester Taft,”"
q01141,Taft,0.96,before-name-verb,1045,"“you're hearty yet. You can enjoy yoursen to-day, for-all you're ninety an' better.”"
q01142,Feyther Taft,0.98,after-verb-name,1046,"“Your sarvant, mesters, your sarvant,”"
q01143,,0.00,unresolved,1049,"“Upon my word,”"
q01144,,0.00,unresolved,1049,"“I think the cottagers have the best of it: these cloisters make a delightful dining-room on a hot day. That was capital advice of yours, Irwine, about the dinners—to let them be as orderly and comfortable as possible, and only for the tenants: especially as I had only a limited sum after all; for though my grandfather talked of a carte blanche, he couldn't make up his mind to trust me, when it came to the point.”"
q01145,,0.00,unresolved,1050,"“Never mind, you'll give more pleasure in this quiet way,”"
q01146,,0.00,unresolved,1050,"“In this sort of thing people are constantly confounding liberality with riot and disorder. It sounds very grand to say that so many sheep and oxen were roasted whole, and everybody ate who liked to come; but in the end it generally happens that no one has had an enjoyable meal. If the people get a good dinner and a moderate quantity of ale in the middle of the day, they'll be able to enjoy the games as the day cools. You can't hinder some of them from getting too much towards evening, but drunkenness and darkness go better together than drunkenness and daylight.”"
q01147,,0.00,unresolved,1051,"“Well, I hope there won't be much of it. I've kept the Treddleston people away by having a feast for them in the town; and I've got Casson and Adam Bede and some other good fellows to look to the giving out of ale in the booths, and to take care things don't go too far. Come, let us go up above now and see the dinner-tables for the large tenants.”"
q01148,,0.00,unresolved,1053,“What a capital thing it is that they saved this piece of the old abbey!”
q01149,,0.00,unresolved,1053,"“If I'm ever master here, I shall do up the gallery in first-rate style. We've got no room in the house a third as large as this. That second table is for the farmers' wives and children: Mrs. Best said it would be more comfortable for the mothers and children to be by themselves. I was determined to have the children, and make a regular family thing of it. I shall be ‘the old squire' to those little lads and lasses some day, and they'll tell their children what a much finer young fellow I was than my own son. There's a table for the women and children below as well. But you will see them all—you will come up with me after dinner, I hope?”"
q01150,,0.00,unresolved,1054,"“Yes, to be sure,”"
q01151,,0.00,unresolved,1054,“I wouldn't miss your maiden speech to the tenantry.”
q01152,,0.00,unresolved,1055,"“And there will be something else you'll like to hear,”"
q01153,,0.00,unresolved,1055,"“Let us go into the library and I'll tell you all about it while my grandfather is in the drawing-room with the ladies. Something that will surprise you,”"
q01154,,0.00,unresolved,1055,“My grandfather has come round after all.”
q01155,,0.00,unresolved,1056,"“What, about Adam?”"
q01156,,0.00,unresolved,1057,"“Yes; I should have ridden over to tell you about it, only I was so busy. You know I told you I had quite given up arguing the matter with him—I thought it was hopeless—but yesterday morning he asked me to come in here to him before I went out, and astonished me by saying that he had decided on all the new arrangements he should make in consequence of old Satchell being obliged to lay by work, and that he intended to employ Adam in superintending the woods at a salary of a guinea a-week, and the use of a pony to be kept here. I believe the secret of it is, he saw from the first it would be a profitable plan, but he had some particular dislike of Adam to get over—and besides, the fact that I propose a thing is generally a reason with him for rejecting it. There's the most curious contradiction in my grandfather: I know he means to leave me all the money he has saved, and he is likely enough to have cut off poor Aunt Lydia, who has been a slave to him all her life, with only five hundred a-year, for the sake of giving me all the more; and yet I sometimes think he positively hates me because I'm his heir. I believe if I were to break my neck, he would feel it the greatest misfortune that could befall him, and yet it seems a pleasure to him to make my life a series of petty annoyances.”"
q01157,,0.00,unresolved,1058,"“Ah, my boy, it is not only woman's love that is ἀπέρωτος ἒρως as old Æschylus calls it. There's plenty of ‘unloving love' in the world of a masculine kind. But tell me about Adam. Has he accepted the post? I don't see that it can be much more profitable than his present work, though, to be sure, it will leave him a good deal of time on his own hands.”"
q01158,,0.00,unresolved,1059,"“Well, I felt some doubt about it when I spoke to him and he seemed to hesitate at first. His objection was that he thought he should not be able to satisfy my grandfather. But I begged him as a personal favour to me not to let any reason prevent him from accepting the place, if he really liked the employment and would not be giving up anything that was more profitable to him. And he assured me he should like it of all things—it would be a great step forward for him in business, and it would enable him to do what he had long wished to do, to give up working for Burge. He says he shall have plenty of time to superintend a little business of his own, which he and Seth will carry on, and will perhaps be able to enlarge by degrees. So he has agreed at last, and I have arranged that he shall dine with the large tenants to-day; and I mean to announce the appointment to them, and ask them to drink Adam's health. It's a little drama I've got up in honour of my friend Adam. He's a fine fellow, and I like the opportunity of letting people know that I think so.”"
q01159,,0.00,unresolved,1060,"“A drama in which friend Arthur piques himself on having a pretty part to play,”"
q01160,,0.00,unresolved,1060,"“My part, you know, is always that of the old fogy who sees nothing to admire in the young folks. I don't like to admit that I'm proud of my pupil when he does graceful things. But I must play the amiable old gentleman for once, and second your toast in honour of Adam. Has your grandfather yielded on the other point too, and agreed to have a respectable man as steward?”"
q01161,,0.00,unresolved,1061,"“Oh no,”"
q01162,,0.00,unresolved,1061,"“He's got some project or other about letting the Chase Farm and bargaining for a supply of milk and butter for the house. But I ask no questions about it—it makes me too angry. I believe he means to do all the business himself, and have nothing in the shape of a steward. It's amazing what energy he has, though.”"
q01163,,0.00,unresolved,1062,"“Well, we'll go to the ladies now,”"
q01164,,0.00,unresolved,1062,“I want to tell my mother what a splendid throne you've prepared for her under the marquee.”
q01165,,0.00,unresolved,1063,"“Yes, and we must be going to luncheon too,”"
q01166,,0.00,unresolved,1063,"“It must be two o'clock, for there is the gong beginning to sound for the tenants' dinners.”"
q01167,Seth,0.91,same-paragraph,1066,"“Seth, lad,”"
q01168,Seth,0.96,before-name-verb,1066,"“the captain has sent to say I'm to dine upstairs—he wishes it particular, Mr. Mills says, so I suppose it 'ud be behaving ill for me not to go. But I don't like sitting up above thee and mother, as if I was better than my own flesh and blood. Thee't not take it unkind, I hope?”"
q01169,Seth,0.98,after-verb-name,1067,"“Nay, nay, lad,”"
q01170,Seth,0.94,before-verb-name,1067,"“thy honour's our honour; and if thee get'st respect, thee'st won it by thy own deserts. The further I see thee above me, the better, so long as thee feel'st like a brother to me. It's because o' thy being appointed over the woods, and it's nothing but what's right. That's a place o' trust, and thee't above a common workman now.”"
q01171,Adam,0.98,after-verb-name,1068,"“Aye,”"
q01172,Adam,0.94,before-verb-name,1068,"“but nobody knows a word about it yet. I haven't given notice to Mr. Burge about leaving him, and I don't like to tell anybody else about it before he knows, for he'll be a good bit hurt, I doubt. People 'ull be wondering to see me there, and they'll like enough be guessing the reason and asking questions, for there's been so much talk up and down about my having the place, this last three weeks.”"
q01173,,0.00,unresolved,1069,"“Well, thee canst say thee wast ordered to come without being told the reason. That's the truth. And mother 'ull be fine and joyful about it. Let's go and tell her.”"
q01174,,0.00,unresolved,1070,“joked”
q01175,Adam,0.98,after-verb-name,1071,"“Well, Mester Massey,”"
q01176,Adam,0.91,same-paragraph,1071,“I'm going to dine upstairs with you to-day: the captain's sent me orders.”
q01177,Bartle,0.98,after-verb-name,1072,“Ah!”
q01178,Bartle,0.94,before-verb-name,1072,“Then there's something in the wind—there's something in the wind. Have you heard anything about what the old squire means to do?”
q01179,Adam,0.98,after-verb-name,1073,"“Why, yes,”"
q01180,Adam,0.94,before-verb-name,1073,"“I'll tell you what I know, because I believe you can keep a still tongue in your head if you like, and I hope you'll not let drop a word till it's common talk, for I've particular reasons against its being known.”"
q01181,,0.00,unresolved,1074,"“Trust to me, my boy, trust to me. I've got no wife to worm it out of me and then run out and cackle it in everybody's hearing. If you trust a man, let him be a bachelor—let him be a bachelor.”"
q01182,,0.00,unresolved,1075,"“Well, then, it was so far settled yesterday that I'm to take the management o' the woods. The captain sent for me t' offer it me, when I was seeing to the poles and things here and I've agreed to't. But if anybody asks any questions upstairs, just you take no notice, and turn the talk to something else, and I'll be obliged to you. Now, let us go on, for we're pretty nigh the last, I think.”"
q01183,Bartle,0.98,after-verb-name,1076,"“I know what to do, never fear,”"
q01184,Bartle,0.94,before-verb-name,1076,"“The news will be good sauce to my dinner. Aye, aye, my boy, you'll get on. I'll back you for an eye at measuring and a head-piece for figures, against any man in this county and you've had good teaching—you've had good teaching.”"
q01185,,0.00,unresolved,1078,"“It stands to sense,”"
q01186,,0.00,unresolved,1078,"“as old Mr. Poyser, as is th' oldest man i' the room, should sit at top o' the table. I wasn't butler fifteen year without learning the rights and the wrongs about dinner.”"
q01187,Martin,0.98,after-verb-name,1079,"“Nay, nay,”"
q01188,Martin,0.94,before-verb-name,1079,“I'n gi'en up to my son; I'm no tenant now: let my son take my place. Th' ould foulks ha' had their turn: they mun make way for the young uns.”
q01189,Luke Britton,0.98,after-verb-name,1080,"“I should ha' thought the biggest tenant had the best right, more nor th' oldest,”"
q01190,Luke Britton,0.91,same-paragraph,1080,“there's Mester Holdsworth has more land nor anybody else on th' estate.”
q01191,,0.00,unresolved,1081,"“Well,”"
q01192,,0.00,unresolved,1081,"“suppose we say the man wi' the foulest land shall sit at top; then whoever gets th' honour, there'll be no envying on him.”"
q01193,,0.00,unresolved,1082,"“Eh, here's Mester Massey,”"
q01194,,0.00,unresolved,1082,"“the schoolmaster ought to be able to tell you what's right. Who's to sit at top o' the table, Mr. Massey?”"
q01195,Bartle,0.98,after-verb-name,1083,"“Why, the broadest man,”"
q01196,Bartle,0.94,before-verb-name,1083,“and then he won't take up other folks' room; and the next broadest must sit at bottom.”
q01197,,0.00,unresolved,1085,“rather lifted up and peppery-like”
q01198,Adam,0.98,after-verb-name,1086,"“Well, Mr. Bede, you're one o' them as mounts hup'ards apace,”"
q01199,Adam,0.94,before-verb-name,1086,"“You've niver dined here before, as I remember.”"
q01200,Adam,0.98,after-verb-name,1087,"“No, Mr. Casson,”"
q01201,Adam,0.91,same-paragraph,1087,"“I've never dined here before, but I come by Captain Donnithorne's wish, and I hope it's not disagreeable to anybody here.”"
q01202,,0.00,unresolved,1088,"“Nay, nay,”"
q01203,,0.00,unresolved,1088,“we're glad ye're come. Who's got anything to say again' it?”
q01204,,0.00,unresolved,1089,"“And ye'll sing us ‘Over the hills and far away,' after dinner, wonna ye?”"
q01205,,0.00,unresolved,1089,“That's a song I'm uncommon fond on.”
q01206,,0.00,unresolved,1090,“Peeh!”
q01207,,0.00,unresolved,1090,"“it's not to be named by side o' the Scotch tunes. I've never cared about singing myself; I've had something better to do. A man that's got the names and the natur o' plants in's head isna likely to keep a hollow place t' hold tunes in. But a second cousin o' mine, a drovier, was a rare hand at remembering the Scotch tunes. He'd got nothing else to think on.”"
q01208,Bartle Massey,0.98,after-verb-name,1091,“The Scotch tunes!”
q01209,Bartle Massey,0.94,before-verb-name,1091,"“I've heard enough o' the Scotch tunes to last me while I live. They're fit for nothing but to frighten the birds with—that's to say, the English birds, for the Scotch birds may sing Scotch for what I know. Give the lads a bagpipe instead of a rattle, and I'll answer for it the corn 'll be safe.”"
q01210,,0.00,unresolved,1092,"“Yes, there's folks as find a pleasure in undervallying what they know but little about,”"
q01211,Bartle,0.97,after-name-verb,1093,"“Why, the Scotch tunes are just like a scolding, nagging woman,”"
q01212,Bartle,0.96,before-name-verb,1093,"“They go on with the same thing over and over again, and never come to a reasonable end. Anybody 'ud think the Scotch tunes had always been asking a question of somebody as deaf as old Taft, and had never got an answer yet.”"
q01213,Hetty,0.96,before-name-verb,1094,"“Oh dear, Aunt, I wish you'd speak to Totty; she keeps putting her legs up so, and messing my frock.”"
q01214,,0.00,unresolved,1095,"“What's the matter wi' the child? She can niver please you,”"
q01215,,0.00,unresolved,1095,"“Let her come by the side o' me, then. I can put up wi' her.”"
q01216,,0.00,unresolved,1099,"“My grandfather and I hope all our friends here have enjoyed their dinner, and find my birthday ale good. Mr. Irwine and I are come to taste it with you, and I am sure we shall all like anything the better that the rector shares with us.”"
q01217,,0.00,unresolved,1100,"“Captain, my neighbours have put it upo' me to speak for 'em to-day, for where folks think pretty much alike, one spokesman's as good as a score. And though we've mayhappen got contrairy ways o' thinking about a many things—one man lays down his land one way an' another another—an' I'll not take it upon me to speak to no man's farming, but my own—this I'll say, as we're all o' one mind about our young squire. We've pretty nigh all on us known you when you war a little un, an' we've niver known anything on you but what was good an' honorable. You speak fair an' y' act fair, an' we're joyful when we look forrard to your being our landlord, for we 'lieve you mean to do right by everybody, an' 'ull make no man's bread bitter to him if you can help it. That's what I mean, an' that's what we all mean; and when a man's said what he means, he'd better stop, for th' ale 'ull be none the better for stannin'. An' I'll not say how we like th' ale yet, for we couldna well taste it till we'd drunk your health in it; but the dinner was good, an' if there's anybody hasna enjoyed it, it must be the fault of his own inside. An' as for the rector's company, it's well known as that's welcome t' all the parish wherever he may be; an' I hope, an' we all hope, as he'll live to see us old folks, an' our children grown to men an' women an' Your Honour a family man. I've no more to say as concerns the present time, an' so we'll drink our young squire's health—three times three.”"
q01218,,0.00,unresolved,1102,"“I thank you all, my good friends and neighbours,”"
q01219,,0.00,unresolved,1102,"“for the good opinion of me, and the kind feelings towards me which Mr. Poyser has been expressing on your behalf and on his own, and it will always be my heartiest wish to deserve them. In the course of things we may expect that, if I live, I shall one day or other be your landlord; indeed, it is on the ground of that expectation that my grandfather has wished me to celebrate this day and to come among you now; and I look forward to this position, not merely as one of power and pleasure for myself, but as a means of benefiting my neighbours. It hardly becomes so young a man as I am to talk much about farming to you, who are most of you so much older, and are men of experience; still, I have interested myself a good deal in such matters, and learned as much about them as my opportunities have allowed; and when the course of events shall place the estate in my hands, it will be my first desire to afford my tenants all the encouragement a landlord can give them, in improving their land and trying to bring about a better practice of husbandry. It will be my wish to be looked on by all my deserving tenants as their best friend, and nothing would make me so happy as to be able to respect every man on the estate, and to be respected by him in return. It is not my place at present to enter into particulars; I only meet your good hopes concerning me by telling you that my own hopes correspond to them—that what you expect from me I desire to fulfil; and I am quite of Mr. Poyser's opinion, that when a man has said what he means, he had better stop. But the pleasure I feel in having my own health drunk by you would not be perfect if we did not drink the health of my grandfather, who has filled the place of both parents to me. I will say no more, until you have joined me in drinking his health on a day when he has wished me to appear among you as the future representative of his name and family.”"
q01220,,0.00,unresolved,1103,“he'd better not ha' stirred a kettle o' sour broth.”
q01221,,0.00,unresolved,1103,"“I thank you, both for my grandfather and myself; and now there is one more thing I wish to tell you, that you may share my pleasure about it, as I hope and believe you will. I think there can be no man here who has not a respect, and some of you, I am sure, have a very high regard, for my friend Adam Bede. It is well known to every one in this neighbourhood that there is no man whose word can be more depended on than his; that whatever he undertakes to do, he does well, and is as careful for the interests of those who employ him as for his own. I'm proud to say that I was very fond of Adam when I was a little boy, and I have never lost my old feeling for him—I think that shows that I know a good fellow when I find him. It has long been my wish that he should have the management of the woods on the estate, which happen to be very valuable, not only because I think so highly of his character, but because he has the knowledge and the skill which fit him for the place. And I am happy to tell you that it is my grandfather's wish too, and it is now settled that Adam shall manage the woods—a change which I am sure will be very much for the advantage of the estate; and I hope you will by and by join me in drinking his health, and in wishing him all the prosperity in life that he deserves. But there is a still older friend of mine than Adam Bede present, and I need not tell you that it is Mr. Irwine. I'm sure you will agree with me that we must drink no other person's health until we have drunk his. I know you have all reason to love him, but no one of his parishioners has so much reason as I. Come, charge your glasses, and let us drink to our excellent rector—three times three!”"
q01222,,0.00,unresolved,1105,"“This is not the first time, by a great many,”"
q01223,,0.00,unresolved,1105,"“that I have had to thank my parishioners for giving me tokens of their goodwill, but neighbourly kindness is among those things that are the more precious the older they get. Indeed, our pleasant meeting to-day is a proof that when what is good comes of age and is likely to live, there is reason for rejoicing, and the relation between us as clergyman and parishioners came of age two years ago, for it is three-and-twenty years since I first came among you, and I see some tall fine-looking young men here, as well as some blooming young women, that were far from looking as pleasantly at me when I christened them as I am happy to see them looking now. But I'm sure you will not wonder when I say that among all those young men, the one in whom I have the strongest interest is my friend Mr. Arthur Donnithorne, for whom you have just expressed your regard. I had the pleasure of being his tutor for several years, and have naturally had opportunities of knowing him intimately which cannot have occurred to any one else who is present; and I have some pride as well as pleasure in assuring you that I share your high hopes concerning him, and your confidence in his possession of those qualities which will make him an excellent landlord when the time shall come for him to take that important position among you. We feel alike on most matters on which a man who is getting towards fifty can feel in common with a young man of one-and-twenty, and he has just been expressing a feeling which I share very heartily, and I would not willingly omit the opportunity of saying so. That feeling is his value and respect for Adam Bede. People in a high station are of course more thought of and talked about and have their virtues more praised, than those whose lives are passed in humble everyday work; but every sensible man knows how necessary that humble everyday work is, and how important it is to us that it should be done well. And I agree with my friend Mr. Arthur Donnithorne in feeling that when a man whose duty lies in that sort of work shows a character which would make him an example in any station, his merit should be acknowledged. He is one of those to whom honour is due, and his friends should delight to honour him. I know Adam Bede well—I know what he is as a workman, and what he has been as a son and brother—and I am saying the simplest truth when I say that I respect him as much as I respect any man living. But I am not speaking to you about a stranger; some of you are his intimate friends, and I believe there is not one here who does not know enough of him to join heartily in drinking his health.”"
q01224,,0.00,unresolved,1106,"“A bumper to Adam Bede, and may he live to have sons as faithful and clever as himself!”"
q01225,,0.00,unresolved,1107,“Tough work”
q01226,,0.00,unresolved,1109,"“I'm quite taken by surprise,”"
q01227,,0.00,unresolved,1109,"“I didn't expect anything o' this sort, for it's a good deal more than my wages. But I've the more reason to be grateful to you, Captain, and to you, Mr. Irwine, and to all my friends here, who've drunk my health and wished me well. It 'ud be nonsense for me to be saying, I don't at all deserve th' opinion you have of me; that 'ud be poor thanks to you, to say that you've known me all these years and yet haven't sense enough to find out a great deal o' the truth about me. You think, if I undertake to do a bit o' work, I'll do it well, be my pay big or little—and that's true. I'd be ashamed to stand before you here if it wasna true. But it seems to me that's a man's plain duty, and nothing to be conceited about, and it's pretty clear to me as I've never done more than my duty; for let us do what we will, it's only making use o' the sperrit and the powers that ha' been given to us. And so this kindness o' yours, I'm sure, is no debt you owe me, but a free gift, and as such I accept it and am thankful. And as to this new employment I've taken in hand, I'll only say that I took it at Captain Donnithorne's desire, and that I'll try to fulfil his expectations. I'd wish for no better lot than to work under him, and to know that while I was getting my own bread I was taking care of his int'rests. For I believe he's one o' those gentlemen as wishes to do the right thing, and to leave the world a bit better than he found it, which it's my belief every man may do, whether he's gentle or simple, whether he sets a good bit o' work going and finds the money, or whether he does the work with his own hands. There's no occasion for me to say any more about what I feel towards him: I hope to show it through the rest o' my life in my actions.”"
q01228,,0.00,unresolved,1111,"“How do you do, Mrs. Poyser?”"
q01229,,0.00,unresolved,1111,“Weren't you pleased to hear your husband make such a good speech to-day?”
q01230,,0.00,unresolved,1112,"“Oh, sir, the men are mostly so tongue-tied—you're forced partly to guess what they mean, as you do wi' the dumb creaturs.”"
q01231,,0.00,unresolved,1113,“What! you think you could have made it better for him?”
q01232,,0.00,unresolved,1114,"“Well, sir, when I want to say anything, I can mostly find words to say it in, thank God. Not as I'm a-finding faut wi' my husband, for if he's a man o' few words, what he says he'll stand to.”"
q01233,,0.00,unresolved,1115,"“I'm sure I never saw a prettier party than this,”"
q01234,,0.00,unresolved,1115,"“My aunt and the Miss Irwines will come up and see you presently. They were afraid of the noise of the toasts, but it would be a shame for them not to see you at table.”"
q01235,Wiry Ben,0.94,before-verb-name,1119,"“the lissom'st, springest fellow i' the country,”"
q01236,,0.00,unresolved,1122,"“Upon my word it's a pretty sight,”"
q01237,,0.00,unresolved,1122,"“and it's the last fête-day I'm likely to see, unless you make haste and get married, Arthur. But take care you get a charming bride, else I would rather die without seeing her.”"
q01238,,0.00,unresolved,1123,"“You're so terribly fastidious, Godmother,”"
q01239,,0.00,unresolved,1123,“I'm afraid I should never satisfy you with my choice.”
q01240,,0.00,unresolved,1124,"“Well, I won't forgive you if she's not handsome. I can't be put off with amiability, which is always the excuse people are making for the existence of plain people. And she must not be silly; that will never do, because you'll want managing, and a silly woman can't manage you. Who is that tall young man, Dauphin, with the mild face? There, standing without his hat, and taking such care of that tall old woman by the side of him—his mother, of course. I like to see that.”"
q01241,,0.00,unresolved,1125,"“What, don't you know him, Mother?”"
q01242,,0.00,unresolved,1125,"“That is Seth Bede, Adam's brother—a Methodist, but a very good fellow. Poor Seth has looked rather down-hearted of late; I thought it was because of his father's dying in that sad way, but Joshua Rann tells me he wanted to marry that sweet little Methodist preacher who was here about a month ago, and I suppose she refused him.”"
q01243,,0.00,unresolved,1126,"“Ah, I remember hearing about her. But there are no end of people here that I don't know, for they're grown up and altered so since I used to go about.”"
q01244,,0.00,unresolved,1127,“What excellent sight you have!”
q01245,,0.00,unresolved,1127,“to see the expression of that young man's face so far off. His face is nothing but a pale blurred spot to me. But I fancy I have the advantage of you when we come to look close. I can read small print without spectacles.”
q01246,,0.00,unresolved,1128,"“Ah, my dear sir, you began with being very near-sighted, and those near-sighted eyes always wear the best. I want very strong spectacles to read with, but then I think my eyes get better and better for things at a distance. I suppose if I could live another fifty years, I should be blind to everything that wasn't out of other people's sight, like a man who stands in a well and sees nothing but the stars.”"
q01247,,0.00,unresolved,1129,"“See,”"
q01248,,0.00,unresolved,1129,"“the old women are ready to set out on their race now. Which do you bet on, Gawaine?”"
q01249,,0.00,unresolved,1130,"“The long-legged one, unless they're going to have several heats, and then the little wiry one may win.”"
q01250,,0.00,unresolved,1131,"“There are the Poysers, Mother, not far off on the right hand,”"
q01251,,0.00,unresolved,1131,“Mrs. Poyser is looking at you. Do take notice of her.”
q01252,,0.00,unresolved,1132,"“To be sure I will,”"
q01253,,0.00,unresolved,1132,“A woman who sends me such excellent cream-cheese is not to be neglected. Bless me! What a fat child that is she is holding on her knee! But who is that pretty girl with dark eyes?”
q01254,Miss Lydia Donnithorne,0.98,after-verb-name,1133,"“That is Hetty Sorrel,”"
q01255,Miss Lydia Donnithorne,0.94,before-verb-name,1133,"“Martin Poyser's niece—a very likely young person, and well-looking too. My maid has taught her fine needlework, and she has mended some lace of mine very respectably indeed—very respectably.”"
q01256,,0.00,unresolved,1134,"“Why, she has lived with the Poysers six or seven years, Mother; you must have seen her,”"
q01257,,0.00,unresolved,1135,"“No, I've never seen her, child—at least not as she is now,”"
q01258,,0.00,unresolved,1135,"“Well-looking, indeed! She's a perfect beauty! I've never seen anything so pretty since my young days. What a pity such beauty as that should be thrown away among the farmers, when it's wanted so terribly among the good families without fortune! I daresay, now, she'll marry a man who would have thought her just as pretty if she had had round eyes and red hair.”"
q01259,,0.00,unresolved,1137,"“No, Mother,”"
q01260,,0.00,unresolved,1137,"“I can't agree with you there. The common people are not quite so stupid as you imagine. The commonest man, who has his ounce of sense and feeling, is conscious of the difference between a lovely, delicate woman and a coarse one. Even a dog feels a difference in their presence. The man may be no better able than the dog to explain the influence the more refined beauty has on him, but he feels it.”"
q01261,,0.00,unresolved,1138,"“Bless me, Dauphin, what does an old bachelor like you know about it?”"
q01262,,0.00,unresolved,1139,"“Oh, that is one of the matters in which old bachelors are wiser than married men, because they have time for more general contemplation. Your fine critic of woman must never shackle his judgment by calling one woman his own. But, as an example of what I was saying, that pretty Methodist preacher I mentioned just now told me that she had preached to the roughest miners and had never been treated with anything but the utmost respect and kindness by them. The reason is—though she doesn't know it—that there's so much tenderness, refinement, and purity about her. Such a woman as that brings with her ‘airs from heaven' that the coarsest fellow is not insensible to.”"
q01263,,0.00,unresolved,1140,"“Here's a delicate bit of womanhood, or girlhood, coming to receive a prize, I suppose,”"
q01264,,0.00,unresolved,1140,"“She must be one of the racers in the sacks, who had set off before we came.”"
q01265,,0.00,unresolved,1141,“bit of womanhood”
q01266,Miss Lydia,0.98,after-verb-name,1143,"“Here is the prize for the first sack-race,”"
q01267,Miss Lydia,0.91,same-paragraph,1143,“an excellent grogram gown and a piece of flannel.”
q01268,,0.00,unresolved,1144,"“You didn't think the winner was to be so young, I suppose, Aunt?”"
q01269,,0.00,unresolved,1144,"“Couldn't you find something else for this girl, and save that grim-looking gown for one of the older women?”"
q01270,Miss Lydia,0.98,after-verb-name,1145,"“I have bought nothing but what is useful and substantial,”"
q01271,Miss Lydia,0.94,before-verb-name,1145,"“I should not think of encouraging a love of finery in young women of that class. I have a scarlet cloak, but that is for the old woman who wins.”"
q01272,Bessy Cranage,0.91,same-paragraph,1147,"“This is Bessy Cranage, mother,”"
q01273,Bessy Cranage,0.96,before-name-verb,1147,"“Chad Cranage's daughter. You remember Chad Cranage, the blacksmith?”"
q01274,,0.00,unresolved,1148,"“Yes, to be sure,”"
q01275,,0.00,unresolved,1148,"“Well, Bessy, here is your prize—excellent warm things for winter. I'm sure you have had hard work to win them this warm day.”"
q01276,,0.00,unresolved,1150,"“Poor girl,”"
q01277,,0.00,unresolved,1150,“I think she's disappointed. I wish it had been something more to her taste.”
q01278,Miss Lydia,0.98,after-verb-name,1151,"“She's a bold-looking young person,”"
q01279,Miss Lydia,0.94,before-verb-name,1151,“Not at all one I should like to encourage.”
q01280,,0.00,unresolved,1153,“What's the matter wi' ye?”
q01281,,0.00,unresolved,1153,"“Ye'n sweltered yoursen, I reckon, running that fool's race. An' here, they'n gi'en you lots o' good grogram and flannel, as should ha' been gi'en by good rights to them as had the sense to keep away from such foolery. Ye might spare me a bit o' this grogram to make clothes for the lad—ye war ne'er ill-natured, Bess; I ne'er said that on ye.”"
q01282,,0.00,unresolved,1154,"“Ye may take it all, for what I care,”"
q01283,Chad,0.98,after-verb-name,1155,"“Well, I could do wi't, if so be ye want to get rid on't,”"
q01284,,0.00,unresolved,1158,"“What's this, what's this?”"
q01285,,0.00,unresolved,1158,"“Is it something you've arranged, Arthur? Here's the clerk coming with his fiddle, and a smart fellow with a nosegay in his button-hole.”"
q01286,,0.00,unresolved,1159,"“No,”"
q01287,,0.00,unresolved,1159,"“I know nothing about it. By Jove, he's going to dance! It's one of the carpenters—I forget his name at this moment.”"
q01288,Wiry Ben,0.91,same-paragraph,1160,"“It's Ben Cranage—Wiry Ben, they call him,”"
q01289,Wiry Ben,0.96,before-name-verb,1160,"“rather a loose fish, I think. Anne, my dear, I see that fiddle-scraping is too much for you: you're getting tired. Let me take you in now, that you may rest till dinner.”"
q01290,,0.00,unresolved,1161,"“White Cockade,”"
q01291,,0.00,unresolved,1162,“Bird Waltz”
q01292,,0.00,unresolved,1163,“Bravo!”
q01293,,0.00,unresolved,1164,“What dost think o' that?”
q01294,,0.00,unresolved,1164,"“He goes as pat to the music as if he was made o' clockwork. I used to be a pretty good un at dancing myself when I was lighter, but I could niver ha' hit it just to th' hair like that.”"
q01295,,0.00,unresolved,1165,"“It's little matter what his limbs are, to my thinking,”"
q01296,,0.00,unresolved,1165,"“He's empty enough i' the upper story, or he'd niver come jigging an' stamping i' that way, like a mad grasshopper, for the gentry to look at him. They're fit to die wi' laughing, I can see.”"
q01297,,0.00,unresolved,1166,"“Well, well, so much the better, it amuses 'em,”"
q01298,,0.00,unresolved,1166,"“But they're going away now, t' have their dinner, I reckon. We'll move about a bit, shall we, and see what Adam Bede's doing. He's got to look after the drinking and things: I doubt he hasna had much fun.”"
q01299,,0.00,unresolved,1170,"“Eh, it's fine talkin' o' dancin',”"
q01300,,0.00,unresolved,1170,"“an' thy father not a five week in's grave. An' I wish I war there too, i'stid o' bein' left to take up merrier folks's room above ground.”"
q01301,Adam,0.98,after-verb-name,1171,"“Nay, don't look at it i' that way, Mother,”"
q01302,Adam,0.94,before-verb-name,1171,"“I don't mean to dance—I shall only look on. And since the captain wishes me to be there, it 'ud look as if I thought I knew better than him to say as I'd rather not stay. And thee know'st how he's behaved to me to-day.”"
q01303,Adam,0.78,neighbor-continuation,1172,"“Eh, thee't do as thee lik'st, for thy old mother's got no right t' hinder thee. She's nought but th' old husk, and thee'st slipped away from her, like the ripe nut.”"
q01304,Adam,0.98,after-verb-name,1173,"“Well, Mother,”"
q01305,Hetty,0.98,after-verb-name,1173,"“I'll go and tell the captain as it hurts thy feelings for me to stay, and I'd rather go home upo' that account: he won't take it ill then, I daresay, and I'm willing.”"
q01306,,0.00,unresolved,1174,"“Nay, nay, I wonna ha' thee do that—the young squire 'ull be angered. Go an' do what thee't ordered to do, an' me and Seth 'ull go whome. I know it's a grit honour for thee to be so looked on—an' who's to be prouder on it nor thy mother? Hadna she the cumber o' rearin' thee an' doin' for thee all these 'ears?”"
q01307,Adam,0.98,after-verb-name,1175,"“Well, good-bye, then, Mother—good-bye, lad—remember Gyp when you get home,”"
q01308,Adam,0.91,same-paragraph,1176,"“Why, Adam, I'm glad to get sight on y' again,”"
q01309,Adam,0.96,before-name-verb,1176,"“You're going t' have a bit o' fun, I hope, now your work's all done. And here's Hetty has promised no end o' partners, an' I've just been askin' her if she'd agreed to dance wi' you, an' she says no.”"
q01310,Adam,0.98,after-verb-name,1177,"“Well, I didn't think o' dancing to-night,”"
q01311,,0.00,unresolved,1178,“Nonsense!”
q01312,,0.00,unresolved,1178,"“Why, everybody's goin' to dance to-night, all but th' old squire and Mrs. Irwine. Mrs. Best's been tellin' us as Miss Lyddy and Miss Irwine 'ull dance, an' the young squire 'ull pick my wife for his first partner, t' open the ball: so she'll be forced to dance, though she's laid by ever sin' the Christmas afore the little un was born. You canna for shame stand still, Adam, an' you a fine young fellow and can dance as well as anybody.”"
q01313,,0.00,unresolved,1179,"“Nay, nay,”"
q01314,,0.00,unresolved,1179,"“it 'ud be unbecomin'. I know the dancin's nonsense, but if you stick at everything because it's nonsense, you wonna go far i' this life. When your broth's ready-made for you, you mun swallow the thickenin', or else let the broth alone.”"
q01315,Adam,0.98,after-verb-name,1180,"“Then if Hetty 'ull dance with me,”"
q01316,Hetty,0.96,before-name-verb,1180,“I'll dance whichever dance she's free.”
q01317,Hetty,0.98,after-verb-name,1181,"“I've got no partner for the fourth dance,”"
q01318,Hetty,0.94,before-verb-name,1181,"“I'll dance that with you, if you like.”"
q01319,,0.00,unresolved,1182,"“Ah,”"
q01320,,0.00,unresolved,1182,"“but you mun dance the first dance, Adam, else it'll look partic'ler. There's plenty o' nice partners to pick an' choose from, an' it's hard for the gells when the men stan' by and don't ask 'em.”"
q01321,,0.00,unresolved,1184,"“There's the big clock strikin' eight,”"
q01322,,0.00,unresolved,1184,"“we must make haste in now, else the squire and the ladies 'ull be in afore us, an' that wouldna look well.”"
q01323,,0.00,unresolved,1186,“I'll lay my life he's brewin' some nasty turn against us. Old Harry doesna wag his tail so for nothin'.”
q01324,,0.00,unresolved,1186,"“Mrs. Poyser, I'm come to request the favour of your hand for the first dance; and, Mr. Poyser, you must let me take you to my aunt, for she claims you as her partner.”"
q01325,Hetty,0.91,same-paragraph,1192,"“I've desired Hetty to remember as she's got to dance wi' you, sir,”"
q01326,Hetty,0.96,before-name-verb,1192,"“for she's so thoughtless, she'd be like enough to go an' engage herself for ivery dance. So I told her not to promise too many.”"
q01327,,0.00,unresolved,1193,"“Thank you, Mrs. Poyser,”"
q01328,,0.00,unresolved,1193,"“Now, sit down in this comfortable chair, and here is Mills ready to give you what you would like best.”"
q01329,,0.00,unresolved,1195,“God bless her!”
q01330,,0.00,unresolved,1195,"“I'd make her life a happy 'un, if a strong arm to work for her, and a heart to love her, could do it.”"
q01331,Adam,0.98,after-verb-name,1198,"“Let me hold her,”"
q01332,Adam,0.91,same-paragraph,1198,“the children are so heavy when they're asleep.”
q01333,Adam,0.98,after-verb-name,1200,"“My locket, my locket!”"
q01334,Adam,0.94,before-verb-name,1200,“never mind the beads.”
q01335,Hetty,0.98,after-verb-name,1202,"“It isn't hurt,”"
q01336,Hetty,0.98,after-verb-name,1203,"“Oh, it doesn't matter, I don't mind about it,”"
q01337,Adam,0.98,after-verb-name,1204,“Not matter?”
q01338,Adam,0.94,before-verb-name,1204,"“You seemed very frightened about it. I'll hold it till you're ready to take it,”"
q01339,,0.00,unresolved,1206,"“See,”"
q01340,,0.00,unresolved,1206,“they're taking their places to dance; let us go.”
q01341,,0.00,unresolved,1210,“I shall be in the wood the day after to-morrow at seven; come as early as you can.”
q01342,,0.00,unresolved,1211,“manners or no manners.”
q01343,,0.00,unresolved,1212,"“What! Going already, Mrs. Poyser?”"
q01344,,0.00,unresolved,1212,"“I thought we should not part with any of our guests till eleven. Mrs. Irwine and I, who are elderly people, think of sitting out the dance till then.”"
q01345,,0.00,unresolved,1213,"“Oh, Your Honour, it's all right and proper for gentlefolks to stay up by candlelight—they've got no cheese on their minds. We're late enough as it is, an' there's no lettin' the cows know as they mustn't want to be milked so early to-morrow mornin'. So, if you'll please t' excuse us, we'll take our leave.”"
q01346,,0.00,unresolved,1214,“Eh!”
q01347,,0.00,unresolved,1214,"“I'd sooner ha' brewin' day and washin' day together than one o' these pleasurin' days. There's no work so tirin' as danglin' about an' starin' an' not rightly knowin' what you're goin' to do next; and keepin' your face i' smilin' order like a grocer o' market-day for fear people shouldna think you civil enough. An' you've nothing to show for't when it's done, if it isn't a yallow face wi' eatin' things as disagree.”"
q01348,,0.00,unresolved,1215,"“Nay, nay,”"
q01349,,0.00,unresolved,1215,"“a bit o' pleasuring's good for thee sometimes. An' thee danc'st as well as any of 'em, for I'll back thee against all the wives i' the parish for a light foot an' ankle. An' it was a great honour for the young squire to ask thee first—I reckon it was because I sat at th' head o' the table an' made the speech. An' Hetty too—she never had such a partner before—a fine young gentleman in reg'mentals. It'll serve you to talk on, Hetty, when you're an old woman—how you danced wi' th' young squire the day he come o' age.”"
q01350,,0.00,unresolved,1220,“Ah!”
q01351,,0.00,unresolved,1220,"“she's only seventeen; she'll be thoughtful enough after a while. And her aunt allays says how clever she is at the work. She'll make a wife as Mother'll have no occasion to grumble at, after all.”"
q01352,,0.00,unresolved,1220,"“She's takin' too much likin' to them folks i' the housekeeper's room,”"
q01353,,0.00,unresolved,1220,"“For my part, I was never overfond o' gentlefolks's servants—they're mostly like the fine ladies' fat dogs, nayther good for barking nor butcher's meat, but on'y for show.”"
q01354,,0.00,unresolved,1220,"“Oh, do come in with me!”"
q01355,Seth,0.91,same-paragraph,1222,“make a good job”
q01356,Seth,0.98,after-verb-name,1222,“I did it!”
q01357,Seth,0.91,same-paragraph,1222,"“Why, th' lad's forgot his tools,”"
q01358,Seth,0.91,same-paragraph,1222,"“and he's got to work up at the shop to-morrow. There never was such a chap for wool-gathering; he'd leave his head behind him, if it was loose. However, it's lucky I've seen 'em; I'll carry 'em home.”"
q01359,Adam,0.91,same-paragraph,1229,"“Well, Adam,”"
q01360,Adam,0.96,before-name-verb,1229,"“you've been looking at the fine old beeches, eh? They're not to be come near by the hatchet, though; this is a sacred grove. I overtook pretty little Hetty Sorrel as I was coming to my den—the Hermitage, there. She ought not to come home this way so late. So I took care of her to the gate, and asked for a kiss for my pains. But I must get back now, for this road is confoundedly damp. Good-night, Adam. I shall see you to-morrow—to say good-bye, you know.”"
q01361,Adam,0.98,after-verb-name,1231,"“Stop a bit, sir,”"
q01362,Adam,0.91,same-paragraph,1231,“I've got a word to say to you.”
q01363,Adam,0.78,neighbor-continuation,1232,"“What do you mean, Adam?”"
q01364,Adam,0.98,after-verb-name,1233,"“I mean, sir”"
q01365,Adam,0.91,same-paragraph,1233,"“I mean, sir, that you don't deceive me by your light words. This is not the first time you've met Hetty Sorrel in this grove, and this is not the first time you've kissed her.”"
q01366,Adam,0.96,before-name-verb,1234,"“Well, sir, what then?”"
q01367,Adam,0.78,neighbor-continuation,1235,"“Why, then, instead of acting like th' upright, honourable man we've all believed you to be, you've been acting the part of a selfish light-minded scoundrel. You know as well as I do what it's to lead to when a gentleman like you kisses and makes love to a young woman like Hetty, and gives her presents as she's frightened for other folks to see. And I say it again, you're acting the part of a selfish light-minded scoundrel though it cuts me to th' heart to say so, and I'd rather ha' lost my right hand.”"
q01368,Adam,0.91,same-paragraph,1236,"“Let me tell you, Adam,”"
q01369,Adam,0.96,before-name-verb,1236,"“you're not only devilishly impertinent, but you're talking nonsense. Every pretty girl is not such a fool as you, to suppose that when a gentleman admires her beauty and pays her a little attention, he must mean something particular. Every man likes to flirt with a pretty girl, and every pretty girl likes to be flirted with. The wider the distance between them, the less harm there is, for then she's not likely to deceive herself.”"
q01370,Adam,0.98,after-verb-name,1237,"“I don't know what you mean by flirting,”"
q01371,Adam,0.94,before-verb-name,1237,"“but if you mean behaving to a woman as if you loved her, and yet not loving her all the while, I say that's not th' action of an honest man, and what isn't honest does come t' harm. I'm not a fool, and you're not a fool, and you know better than what you're saying. You know it couldn't be made public as you've behaved to Hetty as y' have done without her losing her character and bringing shame and trouble on her and her relations. What if you meant nothing by your kissing and your presents? Other folks won't believe as you've meant nothing; and don't tell me about her not deceiving herself. I tell you as you've filled her mind so with the thought of you as it'll mayhap poison her life, and she'll never love another man as 'ud make her a good husband.”"
q01372,Adam,0.91,same-paragraph,1239,"“Well, Adam,”"
q01373,Adam,0.96,before-name-verb,1239,"“you're perhaps right. Perhaps I've gone a little too far in taking notice of the pretty little thing and stealing a kiss now and then. You're such a grave, steady fellow, you don't understand the temptation to such trifling. I'm sure I wouldn't bring any trouble or annoyance on her and the good Poysers on any account if I could help it. But I think you look a little too seriously at it. You know I'm going away immediately, so I shan't make any more mistakes of the kind. But let us say good-night”"
q01374,Adam,0.91,same-paragraph,1239,“and talk no more about the matter. The whole thing will soon be forgotten.”
q01375,,0.00,unresolved,1240,"“No, by God!”"
q01376,,0.00,unresolved,1241,"“No, it'll not be soon forgot, as you've come in between her and me, when she might ha' loved me—it'll not soon be forgot as you've robbed me o' my happiness, while I thought you was my best friend, and a noble-minded man, as I was proud to work for. And you've been kissing her, and meaning nothing, have you? And I never kissed her i' my life—but I'd ha' worked hard for years for the right to kiss her. And you make light of it. You think little o' doing what may damage other folks, so as you get your bit o' trifling, as means nothing. I throw back your favours, for you're not the man I took you for. I'll never count you my friend any more. I'd rather you'd act as my enemy, and fight me where I stand—it's all th' amends you can make me.”"
q01377,,0.00,unresolved,1243,“What!”
q01378,,0.00,unresolved,1243,“won't you fight me like a man? You know I won't strike you while you stand so.”
q01379,Adam,0.91,same-paragraph,1244,"“Go away, Adam,”"
q01380,Adam,0.96,before-name-verb,1244,“I don't want to fight you.”
q01381,Adam,0.98,after-verb-name,1245,"“No,”"
q01382,Adam,0.94,before-verb-name,1245,"“you don't want to fight me—you think I'm a common man, as you can injure without answering for it.”"
q01383,,0.00,unresolved,1246,"“I never meant to injure you,”"
q01384,,0.00,unresolved,1246,“I didn't know you loved her.”
q01385,Adam,0.98,after-verb-name,1247,"“But you've made her love you,”"
q01386,Adam,0.94,before-verb-name,1247,“You're a double-faced man—I'll never believe a word you say again.”
q01387,,0.00,unresolved,1248,"“Go away, I tell you,”"
q01388,,0.00,unresolved,1248,“or we shall both repent.”
q01389,Adam,0.98,after-verb-name,1249,"“No,”"
q01390,Adam,0.94,before-verb-name,1249,"“I swear I won't go away without fighting you. Do you want provoking any more? I tell you you're a coward and a scoundrel, and I despise you.”"
q01391,,0.00,unresolved,1256,"“Do you feel any pain, sir?”"
q01392,Adam,0.97,after-name-verb,1258,"“Do you feel any hurt, sir?”"
q01393,Adam,0.91,same-paragraph,1259,"“Lay my head down,”"
q01394,Adam,0.96,before-name-verb,1259,“and get me some water if you can.”
q01395,Adam,0.98,after-verb-name,1262,"“Can you drink a drop out o' your hand, sir?”"
q01396,,0.00,unresolved,1263,"“No,”"
q01397,,0.00,unresolved,1263,“dip my cravat in and souse it on my head.”
q01398,Adam,0.97,after-name-verb,1265,“Do you feel any hurt inside sir?”
q01399,,0.00,unresolved,1266,"“No—no hurt,”"
q01400,,0.00,unresolved,1266,“but rather done up.”
q01401,,0.00,unresolved,1267,“I suppose I fainted away when you knocked me down.”
q01402,Adam,0.98,after-verb-name,1268,"“Yes, sir, thank God,”"
q01403,Adam,0.94,before-verb-name,1268,“I thought it was worse.”
q01404,Adam,0.78,neighbor-continuation,1269,"“What! You thought you'd done for me, eh? Come help me on my legs.”"
q01405,Adam,0.98,after-verb-name,1270,"“I feel terribly shaky and dizzy,”"
q01406,Adam,0.94,before-verb-name,1270,“that blow of yours must have come against me like a battering-ram. I don't believe I can walk alone.”
q01407,Adam,0.98,after-verb-name,1271,"“Lean on me, sir; I'll get you along,”"
q01408,Adam,0.94,before-verb-name,1271,"“Or, will you sit down a bit longer, on my coat here, and I'll prop y' up. You'll perhaps be better in a minute or two.”"
q01409,,0.00,unresolved,1272,"“No,”"
q01410,,0.00,unresolved,1272,"“I'll go to the Hermitage—I think I've got some brandy there. There's a short road to it a little farther on, near the gate. If you'll just help me on.”"
q01411,Adam,0.91,same-paragraph,1274,"“You'll see my hunting-bottle somewhere,”"
q01412,Adam,0.96,before-name-verb,1274,“A leather case with a bottle and glass in.”
q01413,Adam,0.91,same-paragraph,1275,"“There's very little brandy in it, sir,”"
q01414,Adam,0.96,before-name-verb,1275,“hardly this little glassful.”
q01415,Adam,0.97,after-name-verb,1276,"“Well, give me that,”"
q01416,Adam,0.96,before-name-verb,1276,"“Hadn't I better run to th' house, sir, and get some more brandy? I can be there and back pretty soon. It'll be a stiff walk home for you, if you don't have something to revive you.”"
q01417,,0.00,unresolved,1277,"“Yes—go. But don't say I'm ill. Ask for my man Pym, and tell him to get it from Mills, and not to say I'm at the Hermitage. Get some water too.”"
q01418,,0.00,unresolved,1281,"“That's right,”"
q01419,,0.00,unresolved,1281,“I'm tremendously in want of some brandy-vigour.”
q01420,Adam,0.98,after-verb-name,1282,"“I'm glad to see you've got a light, sir,”"
q01421,Adam,0.94,before-verb-name,1282,“I've been thinking I'd better have asked for a lanthorn.”
q01422,Adam,0.78,neighbor-continuation,1283,"“No, no; the candle will last long enough—I shall soon be up to walking home now.”"
q01423,Adam,0.98,after-verb-name,1284,"“I can't go before I've seen you safe home, sir,”"
q01424,,0.00,unresolved,1285,“No: it will be better for you to stay—sit down.”
q01425,,0.00,unresolved,1287,"“You begin to feel more yourself again, sir,”"
q01426,,0.00,unresolved,1288,"“Yes: I don't feel good for much—very lazy, and not inclined to move; but I'll go home when I've taken this dose.”"
q01427,Adam,0.96,before-name-verb,1289,"“My temper got the better of me, and I said things as wasn't true. I'd no right to speak as if you'd known you was doing me an injury: you'd no grounds for knowing it; I've always kept what I felt for her as secret as I could.”"
q01428,,0.00,unresolved,1291,"“And perhaps I judged you too harsh—I'm apt to be harsh—and you may have acted out o' thoughtlessness more than I should ha' believed was possible for a man with a heart and a conscience. We're not all put together alike, and we may misjudge one another. God knows, it's all the joy I could have now, to think the best of you.”"
q01429,Adam,0.91,same-paragraph,1293,"“Say no more about our anger, Adam,”"
q01430,Adam,0.96,before-name-verb,1293,"“I forgive your momentary injustice—it was quite natural, with the exaggerated notions you had in your mind. We shall be none the worse friends in future, I hope, because we've fought. You had the best of it, and that was as it should be, for I believe I've been most in the wrong of the two. Come, let us shake hands.”"
q01431,Hetty,0.98,after-verb-name,1295,"“I don't like to say ‘No' to that, sir,”"
q01432,Hetty,0.91,same-paragraph,1295,"“but I can't shake hands till it's clear what we mean by't. I was wrong when I spoke as if you'd done me an injury knowingly, but I wasn't wrong in what I said before, about your behaviour t' Hetty, and I can't shake hands with you as if I held you my friend the same as ever till you've cleared that up better.”"
q01433,,0.00,unresolved,1296,"“I don't know what you mean by clearing up, Adam. I've told you already that you think too seriously of a little flirtation. But if you are right in supposing there is any danger in it—I'm going away on Saturday, and there will be an end of it. As for the pain it has given you, I'm heartily sorry for it. I can say no more.”"
q01434,,0.00,unresolved,1298,"“It'll be better for me to speak plain,”"
q01435,,0.00,unresolved,1298,"“though it's hard work. You see, sir, this isn't a trifle to me, whatever it may be to you. I'm none o' them men as can go making love first to one woman and then t' another, and don't think it much odds which of 'em I take. What I feel for Hetty's a different sort o' love, such as I believe nobody can know much about but them as feel it and God as has given it to 'em. She's more nor everything else to me, all but my conscience and my good name. And if it's true what you've been saying all along—and if it's only been trifling and flirting as you call it, as 'll be put an end to by your going away—why, then, I'd wait, and hope her heart 'ud turn to me after all. I'm loath to think you'd speak false to me, and I'll believe your word, however things may look.”"
q01436,Hetty,0.91,same-paragraph,1299,"“You would be wronging Hetty more than me not to believe it,”"
q01437,Hetty,0.96,before-name-verb,1299,"“You seem to forget that, in suspecting me, you are casting imputations upon her.”"
q01438,Adam,0.97,after-name-verb,1300,"“Nay, sir,”"
q01439,Adam,0.96,before-name-verb,1300,"“Nay, sir, things don't lie level between Hetty and you. You're acting with your eyes open, whatever you may do; but how do you know what's been in her mind? She's all but a child—as any man with a conscience in him ought to feel bound to take care on. And whatever you may think, I know you've disturbed her mind. I know she's been fixing her heart on you, for there's a many things clear to me now as I didn't understand before. But you seem to make light o' what she may feel—you don't think o' that.”"
q01440,,0.00,unresolved,1301,"“Good God, Adam, let me alone!”"
q01441,,0.00,unresolved,1301,“I feel it enough without your worrying me.”
q01442,,0.00,unresolved,1303,"“Well, then, if you feel it,”"
q01443,,0.00,unresolved,1303,"“if you feel as you may ha' put false notions into her mind, and made her believe as you loved her, when all the while you meant nothing, I've this demand to make of you—I'm not speaking for myself, but for her. I ask you t' undeceive her before you go away. Y'aren't going away for ever, and if you leave her behind with a notion in her head o' your feeling about her the same as she feels about you, she'll be hankering after you, and the mischief may get worse. It may be a smart to her now, but it'll save her pain i' th' end. I ask you to write a letter—you may trust to my seeing as she gets it. Tell her the truth, and take blame to yourself for behaving as you'd no right to do to a young woman as isn't your equal. I speak plain, sir, but I can't speak any other way. There's nobody can take care o' Hetty in this thing but me.”"
q01444,,0.00,unresolved,1304,"“I can do what I think needful in the matter,”"
q01445,,0.00,unresolved,1304,“without giving promises to you. I shall take what measures I think proper.”
q01446,Adam,0.98,after-verb-name,1305,"“No,”"
q01447,Adam,0.94,before-verb-name,1305,"“that won't do. I must know what ground I'm treading on. I must be safe as you've put an end to what ought never to ha' been begun. I don't forget what's owing to you as a gentleman, but in this thing we're man and man, and I can't give up.”"
q01448,Adam,0.78,neighbor-continuation,1306,“I'll see you to-morrow. I can bear no more now; I'm ill.”
q01449,Adam,0.97,after-name-verb,1307,“You won't see her again!”
q01450,Adam,0.96,before-name-verb,1307,“Either tell me she can never be my wife—tell me you've been lying—or else promise me what I've said.”
q01451,,0.00,unresolved,1308,“I promise; let me go.”
q01452,Adam,0.98,after-verb-name,1310,"“You're not well enough to walk alone, sir,”"
q01453,Adam,0.94,before-verb-name,1310,“Take my arm again.”
q01454,Adam,0.96,before-name-verb,1311,"“I believe I must trouble you. It's getting late now, and there may be an alarm set up about me at home.”"
q01455,Adam,0.97,after-name-verb,1313,"“I must pick up the tools, sir,”"
q01456,Adam,0.96,before-name-verb,1313,“They're my brother's. I doubt they'll be rusted. If you'll please to wait a minute.”
q01457,Adam,0.78,neighbor-continuation,1314,“Thank you; I needn't trouble you any further.”
q01458,Adam,0.98,after-verb-name,1315,"“What time will it be conven'ent for me to see you to-morrow, sir?”"
q01459,,0.00,unresolved,1316,"“You may send me word that you're here at five o'clock,”"
q01460,,0.00,unresolved,1316,“not before.”
q01461,Adam,0.98,after-verb-name,1317,"“Good-night, sir,”"
q01462,,0.00,unresolved,1320,"“And see that my mare is saddled at half-past eight, and tell my grandfather when he's down that I'm better this morning and am gone for a ride.”"
q01463,John,0.98,after-verb-name,1335,"“I thought they said th' young mester war took ill last night,”"
q01464,John,0.91,same-paragraph,1335,“He's been ridin' fit to split the mare i' two this forenoon.”
q01465,John,0.78,neighbor-continuation,1336,"“That's happen one o' the symptims, John,”"
q01466,John,0.98,after-verb-name,1337,"“Then I wish he war let blood for 't, that's all,”"
q01467,,0.00,unresolved,1339,“In the enclosed letter I have written everything you wish. I leave it to you to decide whether you will be doing best to deliver it to Hetty or to return it to me. Ask yourself once more whether you are not taking a measure which may pain her more than mere silence.”
q01468,,0.00,unresolved,1339,“There is no need for our seeing each other again now. We shall meet with better feelings some months hence.”
q01469,,0.00,unresolved,1341,“A.D.”
q01470,,0.00,unresolved,1343,"“Perhaps he's i' th' right on 't not to see me,”"
q01471,,0.00,unresolved,1343,"“It's no use meeting to say more hard words, and it's no use meeting to shake hands and say we're friends again. We're not friends, an' it's better not to pretend it. I know forgiveness is a man's duty, but, to my thinking, that can only mean as you're to give up all thoughts o' taking revenge: it can never mean as you're t' have your old feelings back again, for that's not possible. He's not the same man to me, and I can't feel the same towards him. God help me! I don't know whether I feel the same towards anybody: I seem as if I'd been measuring my work from a false line, and had got it all to measure over again.”"
q01472,Adam,0.98,after-verb-name,1347,"“Come, you'll go on with us, Adam,”"
q01473,,0.00,unresolved,1348,"“Will you contrive for me to walk out in the garden a bit with you this evening, if it keeps fine, Hetty? I've something partic'lar to talk to you about.”"
q01474,Hetty,0.96,before-name-verb,1349,“Very well.”
q01475,Hetty,0.91,same-paragraph,1349,“to tell.”
q01476,Adam,0.96,before-name-verb,1350,“yes”
q01477,Adam,0.96,before-name-verb,1350,“no”
q01478,,0.00,unresolved,1350,"“I shall come again at Christmas, and then we will see what can be done.”"
q01479,Hetty,0.96,before-name-verb,1350,"“I'll go with her, Aunt.”"
q01480,Adam,0.96,before-name-verb,1351,“cob-nut”
q01481,Hetty,0.91,same-paragraph,1352,"“After what I saw on Thursday night, Hetty,”"
q01482,Hetty,0.96,before-name-verb,1352,"“you won't think me making too free in what I'm going to say. If you was being courted by any man as 'ud make you his wife, and I'd known you was fond of him and meant to have him, I should have no right to speak a word to you about it; but when I see you're being made love to by a gentleman as can never marry you, and doesna think o' marrying you, I feel bound t' interfere for you. I can't speak about it to them as are i' the place o' your parents, for that might bring worse trouble than's needful.”"
q01483,Hetty,0.91,same-paragraph,1354,"“You're so young, you know, Hetty,”"
q01484,Hetty,0.96,before-name-verb,1354,"“and y' haven't seen much o' what goes on in the world. It's right for me to do what I can to save you from getting into trouble for want o' your knowing where you're being led to. If anybody besides me knew what I know about your meeting a gentleman and having fine presents from him, they'd speak light on you, and you'd lose your character. And besides that, you'll have to suffer in your feelings, wi' giving your love to a man as can never marry you, so as he might take care of you all your life.”"
q01485,,0.00,unresolved,1356,"“You've no right to say as I love him,”"
q01486,Hetty,0.91,same-paragraph,1357,"“I doubt it must be so, Hetty,”"
q01487,Hetty,0.96,before-name-verb,1357,"“for I canna believe you'd let any man kiss you by yourselves, and give you a gold box with his hair, and go a-walking i' the Grove to meet him, if you didna love him. I'm not blaming you, for I know it 'ud begin by little and little, till at last you'd not be able to throw it off. It's him I blame for stealing your love i' that way, when he knew he could never make you the right amends. He's been trifling with you, and making a plaything of you, and caring nothing about you as a man ought to care.”"
q01488,,0.00,unresolved,1358,"“Yes, he does care for me; I know better nor you,”"
q01489,Adam,0.98,after-verb-name,1359,"“Nay, Hetty,”"
q01490,Hetty,0.96,before-name-verb,1359,"“if he'd cared for you rightly, he'd never ha' behaved so. He told me himself he meant nothing by his kissing and presents, and he wanted to make me believe as you thought light of 'em too. But I know better nor that. I can't help thinking as you've been trusting to his loving you well enough to marry you, for all he's a gentleman. And that's why I must speak to you about it, Hetty, for fear you should be deceiving yourself. It's never entered his head the thought o' marrying you.”"
q01491,Hetty,0.98,after-verb-name,1360,“How do you know? How durst you say so?”
q01492,,0.00,unresolved,1361,"“Perhaps you can't believe me, Hetty, because you think too well of him—because you think he loves you better than he does. But I've got a letter i' my pocket, as he wrote himself for me to give you. I've not read the letter, but he says he's told you the truth in it. But before I give you the letter, consider, Hetty, and don't let it take too much hold on you. It wouldna ha' been good for you if he'd wanted to do such a mad thing as marry you: it 'ud ha' led to no happiness i' th' end.”"
q01493,Adam,0.96,before-name-verb,1363,"“Don't you bear me ill will, Hetty, because I'm the means o' bringing you this pain. God knows I'd ha' borne a good deal worse for the sake o' sparing it you. And think—there's nobody but me knows about this, and I'll take care of you as if I was your brother. You're the same as ever to me, for I don't believe you've done any wrong knowingly.”"
q01494,Adam,0.98,after-verb-name,1365,"“You're in the right not to read it just yet,”"
q01495,Adam,0.94,before-verb-name,1365,"“Read it when you're by yourself. But stay out a little bit longer, and let us call the children: you look so white and ill, your aunt may take notice of it.”"
q01496,Adam,0.98,after-verb-name,1367,"“Hegh, Totty,”"
q01497,Totty,0.96,before-name-verb,1367,“come and ride on my shoulder—ever so high—you'll touch the tops o' the trees.”
q01498,Hetty,0.98,after-verb-name,1369,"“Bless your sweet face, my pet,”"
q01499,Hetty,0.96,before-name-verb,1369,"“You go and draw some ale, Hetty; the gells are both at the cheese.”"
q01500,,0.00,unresolved,1370,"“Good-bye,”"
q01501,,0.00,unresolved,1371,"“Her head was allays likely to be turned,”"
q01502,,0.00,unresolved,1371,"“when a gentleman, with his fine manners, and fine clothes, and his white hands, and that way o' talking gentlefolks have, came about her, making up to her in a bold way, as a man couldn't do that was only her equal; and it's much if she'll ever like a common man now.”"
q01503,,0.00,unresolved,1371,"“I'm a roughish fellow, altogether; I don't know, now I come to think on't, what there is much for a woman to like about me; and yet I might ha' got another wife easy enough, if I hadn't set my heart on her. But it's little matter what other women think about me, if she can't love me. She might ha' loved me, perhaps, as likely as any other man—there's nobody hereabouts as I'm afraid of, if he hadn't come between us; but now I shall belike be hateful to her because I'm so different to him. And yet there's no telling—she may turn round the other way, when she finds he's made light of her all the while. She may come to feel the vally of a man as 'ud be thankful to be bound to her all his life. But I must put up with it whichever way it is—I've only to be thankful it's been no worse. I am not th' only man that's got to do without much happiness i' this life. There's many a good bit o' work done with a bad heart. It's God's will, and that's enough for us: we shouldn't know better how things ought to be than He does, I reckon, if we was to spend our lives i' puzzling. But it 'ud ha' gone near to spoil my work for me, if I'd seen her brought to sorrow and shame, and through the man as I've always been proud to think on. Since I've been spared that, I've no right to grumble. When a man's got his limbs whole, he can bear a smart cut or two.”"
q01504,Seth,0.98,after-verb-name,1373,"“I thought thee'dst be at home before me,”"
q01505,Seth,0.94,before-verb-name,1373,“for I'm later than usual to-night.”
q01506,,0.00,unresolved,1374,"“Well, I'm later too, for I got into talk, after meeting, with John Barnes, who has lately professed himself in a state of perfection, and I'd a question to ask him about his experience. It's one o' them subjects that lead you further than y' expect—they don't lie along the straight road.”"
q01507,Dinah Morris,0.98,after-verb-name,1376,"“Seth, lad,”"
q01508,Adam,0.96,before-name-verb,1376,“hast heard anything from Dinah Morris since she went away?”
q01509,Seth,0.98,after-verb-name,1377,"“Yes,”"
q01510,Seth,0.94,before-verb-name,1377,"“She told me I might write her word after a while, how we went on, and how mother bore up under her trouble. So I wrote to her a fortnight ago, and told her about thee having a new employment, and how Mother was more contented; and last Wednesday, when I called at the post at Treddles'on, I found a letter from her. I think thee'dst perhaps like to read it, but I didna say anything about it because thee'st seemed so full of other things. It's quite easy t' read—she writes wonderful for a woman.”"
q01511,Adam,0.96,before-name-verb,1378,"“Aye, lad, I've got a tough load to carry just now—thee mustna take it ill if I'm a bit silenter and crustier nor usual. Trouble doesna make me care the less for thee. I know we shall stick together to the last.”"
q01512,Adam,0.78,neighbor-continuation,1379,"“I take nought ill o' thee, Adam. I know well enough what it means if thee't a bit short wi' me now and then.”"
q01513,Adam,0.98,after-verb-name,1380,"“There's Mother opening the door to look out for us,”"
q01514,Adam,0.94,before-verb-name,1380,"“She's been sitting i' the dark as usual. Well, Gyp, well, art glad to see me?”"
q01515,,0.00,unresolved,1382,"“Eh, my lads! Th' hours war ne'er so long sin' I war born as they'n been this blessed Sunday night. What can ye both ha' been doin' till this time?”"
q01516,Adam,0.98,after-verb-name,1383,"“Thee shouldstna sit i' the dark, Mother,”"
q01517,Adam,0.94,before-verb-name,1383,“that makes the time seem longer.”
q01518,,0.00,unresolved,1384,"“Eh, what am I to do wi' burnin' candle of a Sunday, when there's on'y me an' it's sin to do a bit o' knittin'? The daylight's long enough for me to stare i' the booke as I canna read. It 'ud be a fine way o' shortenin' the time, to make it waste the good candle. But which on you's for ha'in' supper? Ye mun ayther be clemmed or full, I should think, seein' what time o' night it is.”"
q01519,Seth,0.98,after-verb-name,1385,"“I'm hungry, Mother,”"
q01520,Adam,0.98,after-verb-name,1386,"“I've had my supper,”"
q01521,Adam,0.94,before-verb-name,1386,"“Here, Gyp,”"
q01522,Lisbeth,0.98,after-verb-name,1387,"“Thee needstna be gi'in' th' dog,”"
q01523,Lisbeth,0.94,before-verb-name,1387,"“I'n fed him well a'ready. I'm not like to forget him, I reckon, when he's all o' thee I can get sight on.”"
q01524,Adam,0.98,after-verb-name,1388,"“Come, then, Gyp,”"
q01525,Gyp,0.96,before-name-verb,1388,"“we'll go to bed. Good-night, Mother; I'm very tired.”"
q01526,Lisbeth,0.97,after-name-verb,1389,"“What ails him, dost know?”"
q01527,Lisbeth,0.96,before-name-verb,1389,"“He's like as if he was struck for death this day or two—he's so cast down. I found him i' the shop this forenoon, arter thee wast gone, a-sittin' an' doin' nothin'—not so much as a booke afore him.”"
q01528,Seth,0.98,after-verb-name,1390,"“He's a deal o' work upon him just now, Mother,”"
q01529,Seth,0.94,before-verb-name,1390,"“and I think he's a bit troubled in his mind. Don't you take notice of it, because it hurts him when you do. Be as kind to him as you can, Mother, and don't say anything to vex him.”"
q01530,,0.00,unresolved,1391,"“Eh, what dost talk o' my vexin' him? An' what am I like to be but kind? I'll ma' him a kettle-cake for breakfast i' the mornin'.”"
q01531,,0.00,unresolved,1394,"“My heart is knit to your aged mother since it was granted me to be near her in the day of trouble. Speak to her of me, and tell her I often bear her in my thoughts at evening time, when I am sitting in the dim light as I did with her, and we held one another's hands, and I spoke the words of comfort that were given to me. Ah, that is a blessed time, isn't it, Seth, when the outward light is fading, and the body is a little wearied with its work and its labour. Then the inward light shines the brighter, and we have a deeper sense of resting on the Divine strength. I sit on my chair in the dark room and close my eyes, and it is as if I was out of the body and could feel no want for evermore. For then, the very hardship, and the sorrow, and the blindness, and the sin I have beheld and been ready to weep over—yea, all the anguish of the children of men, which sometimes wraps me round like sudden darkness—I can bear with a willing pain, as if I was sharing the Redeemer's cross. For I feel it, I feel it—infinite love is suffering too—yea, in the fulness of knowledge it suffers, it yearns, it mourns; and that is a blind self-seeking which wants to be freed from the sorrow wherewith the whole creation groaneth and travaileth. Surely it is not true blessedness to be free from sorrow, while there is sorrow and sin in the world: sorrow is then a part of love, and love does not seek to throw it off. It is not the spirit only that tells me this—I see it in the whole work and word of the Gospel. Is there not pleading in heaven? Is not the Man of Sorrows there in that crucified body wherewith he ascended? And is He not one with the Infinite Love itself—as our love is one with our sorrow?”"
q01532,,0.00,unresolved,1395,"“These thoughts have been much borne in on me of late, and I have seen with new clearness the meaning of those words, ‘If any man love me, let him take up my cross.' I have heard this enlarged on as if it meant the troubles and persecutions we bring on ourselves by confessing Jesus. But surely that is a narrow thought. The true cross of the Redeemer was the sin and sorrow of this world—that was what lay heavy on his heart—and that is the cross we shall share with him, that is the cup we must drink of with him, if we would have any part in that Divine Love which is one with his sorrow.”"
q01533,,0.00,unresolved,1396,"“In my outward lot, which you ask about, I have all things and abound. I have had constant work in the mill, though some of the other hands have been turned off for a time, and my body is greatly strengthened, so that I feel little weariness after long walking and speaking. What you say about staying in your own country with your mother and brother shows me that you have a true guidance; your lot is appointed there by a clear showing, and to seek a greater blessing elsewhere would be like laying a false offering on the altar and expecting the fire from heaven to kindle it. My work and my joy are here among the hills, and I sometimes think I cling too much to my life among the people here, and should be rebellious if I was called away.”"
q01534,,0.00,unresolved,1397,"“I was thankful for your tidings about the dear friends at the Hall Farm, for though I sent them a letter, by my aunt's desire, after I came back from my sojourn among them, I have had no word from them. My aunt has not the pen of a ready writer, and the work of the house is sufficient for the day, for she is weak in body. My heart cleaves to her and her children as the nearest of all to me in the flesh—yea, and to all in that house. I am carried away to them continually in my sleep, and often in the midst of work, and even of speech, the thought of them is borne in on me as if they were in need and trouble, which yet is dark to me. There may be some leading here; but I wait to be taught. You say they are all well.”"
q01535,,0.00,unresolved,1398,"“We shall see each other again in the body, I trust, though, it may be, not for a long while; for the brethren and sisters at Leeds are desirous to have me for a short space among them, when I have a door opened me again to leave Snowfield.”"
q01536,,0.00,unresolved,1400,“DINAH MORRIS.”
q01537,,0.00,unresolved,1402,"“I have not skill to write the words so small as you do and my pen moves slow. And so I am straitened, and say but little of what is in my mind. Greet your mother for me with a kiss. She asked me to kiss her twice when we parted.”"
q01538,Seth,0.98,after-verb-name,1404,“Hast read the letter?”
q01539,Adam,0.98,after-verb-name,1405,"“Yes,”"
q01540,Adam,0.94,before-verb-name,1405,"“I don't know what I should ha' thought of her and her letter if I'd never seen her: I daresay I should ha' thought a preaching woman hateful. But she's one as makes everything seem right she says and does, and I seemed to see her and hear her speaking when I read the letter. It's wonderful how I remember her looks and her voice. She'd make thee rare and happy, Seth; she's just the woman for thee.”"
q01541,Seth,0.98,after-verb-name,1406,"“It's no use thinking o' that,”"
q01542,Seth,0.94,before-verb-name,1406,"“She spoke so firm, and she's not the woman to say one thing and mean another.”"
q01543,Seth,0.78,neighbor-continuation,1407,"“Nay, but her feelings may grow different. A woman may get to love by degrees—the best fire dosna flare up the soonest. I'd have thee go and see her by and by: I'd make it convenient for thee to be away three or four days, and it 'ud be no walk for thee—only between twenty and thirty mile.”"
q01544,Seth,0.98,after-verb-name,1408,"“I should like to see her again, whether or no, if she wouldna be displeased with me for going,”"
q01545,Adam,0.98,after-verb-name,1409,"“She'll be none displeased,”"
q01546,Adam,0.91,same-paragraph,1409,"“It might be a great happiness to us all if she'd have thee, for mother took to her so wonderful and seemed so contented to be with her.”"
q01547,Seth,0.98,after-verb-name,1410,"“Aye,”"
q01548,Seth,0.94,before-verb-name,1410,“and Dinah's fond o' Hetty too; she thinks a deal about her.”
q01549,,0.00,unresolved,1411,“good-night”
q01550,,0.00,unresolved,1416,"“DEAREST HETTY—I have spoken truly when I have said that I loved you, and I shall never forget our love. I shall be your true friend as long as life lasts, and I hope to prove this to you in many ways. If I say anything to pain you in this letter, do not believe it is for want of love and tenderness towards you, for there is nothing I would not do for you, if I knew it to be really for your happiness. I cannot bear to think of my little Hetty shedding tears when I am not there to kiss them away; and if I followed only my own inclinations, I should be with her at this moment instead of writing. It is very hard for me to part from her—harder still for me to write words which may seem unkind, though they spring from the truest kindness.”"
q01551,,0.00,unresolved,1417,"“Dear, dear Hetty, sweet as our love has been to me, sweet as it would be to me for you to love me always, I feel that it would have been better for us both if we had never had that happiness, and that it is my duty to ask you to love me and care for me as little as you can. The fault has all been mine, for though I have been unable to resist the longing to be near you, I have felt all the while that your affection for me might cause you grief. I ought to have resisted my feelings. I should have done so, if I had been a better fellow than I am; but now, since the past cannot be altered, I am bound to save you from any evil that I have power to prevent. And I feel it would be a great evil for you if your affections continued so fixed on me that you could think of no other man who might be able to make you happier by his love than I ever can, and if you continued to look towards something in the future which cannot possibly happen. For, dear Hetty, if I were to do what you one day spoke of, and make you my wife, I should do what you yourself would come to feel was for your misery instead of your welfare. I know you can never be happy except by marrying a man in your own station; and if I were to marry you now, I should only be adding to any wrong I have done, besides offending against my duty in the other relations of life. You know nothing, dear Hetty, of the world in which I must always live, and you would soon begin to dislike me, because there would be so little in which we should be alike.”"
q01552,,0.00,unresolved,1418,"“And since I cannot marry you, we must part—we must try not to feel like lovers any more. I am miserable while I say this, but nothing else can be. Be angry with me, my sweet one, I deserve it; but do not believe that I shall not always care for you—always be grateful to you—always remember my Hetty; and if any trouble should come that we do not now foresee, trust in me to do everything that lies in my power.”"
q01553,,0.00,unresolved,1420,“ARTHUR DONNITHORNE.”
q01554,,0.00,unresolved,1426,“No”
q01555,,0.00,unresolved,1430,"“Uncle, I wish you'd let me go for a lady's maid.”"
q01556,,0.00,unresolved,1432,"“Why, what's put that into your head, my wench?”"
q01557,,0.00,unresolved,1433,“I should like it—I should like it better than farm-work.”
q01558,,0.00,unresolved,1434,"“Nay, nay; you fancy so because you donna know it, my wench. It wouldn't be half so good for your health, nor for your luck i' life. I'd like you to stay wi' us till you've got a good husband: you're my own niece, and I wouldn't have you go to service, though it was a gentleman's house, as long as I've got a home for you.”"
q01559,Hetty,0.98,after-verb-name,1436,"“I like the needlework,”"
q01560,Hetty,0.94,before-verb-name,1436,“and I should get good wages.”
q01561,,0.00,unresolved,1437,“Has your aunt been a bit sharp wi' you?”
q01562,,0.00,unresolved,1437,"“You mustna mind that, my wench—she does it for your good. She wishes you well; an' there isn't many aunts as are no kin to you 'ud ha' done by you as she has.”"
q01563,Hetty,0.98,after-verb-name,1438,"“No, it isn't my aunt,”"
q01564,Hetty,0.94,before-verb-name,1438,“but I should like the work better.”
q01565,,0.00,unresolved,1439,"“It was all very well for you to learn the work a bit—an' I gev my consent to that fast enough, sin' Mrs. Pomfret was willing to teach you. For if anything was t' happen, it's well to know how to turn your hand to different sorts o' things. But I niver meant you to go to service, my wench; my family's ate their own bread and cheese as fur back as anybody knows, hanna they, Father? You wouldna like your grand-child to take wage?”"
q01566,Martin,0.98,after-verb-name,1440,"“Na-a-y,”"
q01567,Martin,0.91,same-paragraph,1440,"“But the wench takes arter her mother. I'd hard work t' hould her in, an' she married i' spite o' me—a feller wi' on'y two head o' stock when there should ha' been ten on's farm—she might well die o' th' inflammation afore she war thirty.”"
q01568,Martin,0.98,after-verb-name,1442,"“Poor thing, poor thing!”"
q01569,Martin,0.91,same-paragraph,1442,"“She'd but bad luck. But Hetty's got as good a chance o' getting a solid, sober husband as any gell i' this country.”"
q01570,,0.00,unresolved,1444,"“Hegh, hegh!”"
q01571,,0.00,unresolved,1444,"“don't let's have any crying. Crying's for them as ha' got no home, not for them as want to get rid o' one. What dost think?”"
q01572,,0.00,unresolved,1445,"“Think? Why, I think we shall have the fowl stole before we are much older, wi' that gell forgetting to lock the pens up o' nights. What's the matter now, Hetty? What are you crying at?”"
q01573,,0.00,unresolved,1446,"“Why, she's been wanting to go for a lady's maid,”"
q01574,,0.00,unresolved,1446,“I tell her we can do better for her nor that.”
q01575,,0.00,unresolved,1447,"“I thought she'd got some maggot in her head, she's gone about wi' her mouth buttoned up so all day. It's all wi' going so among them servants at the Chase, as we war fools for letting her. She thinks it 'ud be a finer life than being wi' them as are akin to her and ha' brought her up sin' she war no bigger nor Marty. She thinks there's nothing belongs to being a lady's maid but wearing finer clothes nor she was born to, I'll be bound. It's what rag she can get to stick on her as she's thinking on from morning till night, as I often ask her if she wouldn't like to be the mawkin i' the field, for then she'd be made o' rags inside and out. I'll never gi' my consent to her going for a lady's maid, while she's got good friends to take care on her till she's married to somebody better nor one o' them valets, as is neither a common man nor a gentleman, an' must live on the fat o' the land, an's like enough to stick his hands under his coat-tails and expect his wife to work for him.”"
q01576,,0.00,unresolved,1448,"“Aye, aye,”"
q01577,,0.00,unresolved,1448,"“we must have a better husband for her nor that, and there's better at hand. Come, my wench, give over crying and get to bed. I'll do better for you nor letting you go for a lady's maid. Let's hear no more on't.”"
q01578,Hetty,0.96,before-name-verb,1449,"“I canna make it out as she should want to go away, for I thought she'd got a mind t' Adam Bede. She's looked like it o' late.”"
q01579,,0.00,unresolved,1450,"“Eh, there's no knowing what she's got a liking to, for things take no more hold on her than if she was a dried pea. I believe that gell, Molly—as is aggravatin' enough, for the matter o' that—but I believe she'd care more about leaving us and the children, for all she's been here but a year come Michaelmas, nor Hetty would. But she's got this notion o' being a lady's maid wi' going among them servants—we might ha' known what it 'ud lead to when we let her go to learn the fine work. But I'll put a stop to it pretty quick.”"
q01580,,0.00,unresolved,1451,"“Thee'dst be sorry to part wi' her, if it wasn't for her good,”"
q01581,,0.00,unresolved,1451,“She's useful to thee i' the work.”
q01582,,0.00,unresolved,1452,"“Sorry? Yes, I'm fonder on her nor she deserves—a little hard-hearted hussy, wanting to leave us i' that way. I can't ha' had her about me these seven year, I reckon, and done for her, and taught her everything wi'out caring about her. An' here I'm having linen spun, an' thinking all the while it'll make sheeting and table-clothing for her when she's married, an' she'll live i' the parish wi' us, and never go out of our sights—like a fool as I am for thinking aught about her, as is no better nor a cherry wi' a hard stone inside it.”"
q01583,,0.00,unresolved,1453,"“Nay, nay, thee mustna make much of a trifle,”"
q01584,,0.00,unresolved,1453,"“She's fond on us, I'll be bound; but she's young, an' gets things in her head as she can't rightly give account on. Them young fillies 'ull run away often wi'out knowing why.”"
q01585,,0.00,unresolved,1456,“Strange!”
q01586,,0.00,unresolved,1456,"“this rush of impulse towards a course that might have seemed the most repugnant to her present state of mind, and in only the second night of her sadness!”"
q01587,,0.00,unresolved,1458,“Let that man bear the loss who loosed it from its moorings.”
q01588,,0.00,unresolved,1462,"“I see him myself,”"
q01589,,0.00,unresolved,1462,"“I see him coming along by the Crab-tree Meadow on a bald-faced hoss. I'd just been t' hev a pint—it was half after ten i' the fore-noon, when I hev my pint as reg'lar as the clock—and I says to Knowles, as druv up with his waggon, ‘You'll get a bit o' barley to-day, Knowles,' I says, ‘if you look about you'; and then I went round by the rick-yard, and towart the Treddles'on road, and just as I come up by the big ash-tree, I see the man i' top-boots coming along on a bald-faced hoss—I wish I may never stir if I didn't. And I stood still till he come up, and I says, ‘Good morning, sir,' I says, for I wanted to hear the turn of his tongue, as I might know whether he was a this-country man; so I says, ‘Good morning, sir: it 'll 'old hup for the barley this morning, I think. There'll be a bit got hin, if we've good luck.' And he says, ‘Eh, ye may be raight, there's noo tallin',' he says, and I knowed by that”"
q01590,,0.00,unresolved,1462,"“as he didn't come from a hundred mile off. I daresay he'd think me a hodd talker, as you Loamshire folks allays does hany one as talks the right language.”"
q01591,Bartle Massey,0.98,after-verb-name,1463,“The right language!”
q01592,Bartle Massey,0.94,before-verb-name,1463,“You're about as near the right language as a pig's squeaking is like a tune played on a key-bugle.”
q01593,,0.00,unresolved,1464,"“Well, I don't know,”"
q01594,,0.00,unresolved,1464,"“I should think a man as has lived among the gentry from a by, is likely to know what's the right language pretty nigh as well as a schoolmaster.”"
q01595,Bartle,0.98,after-verb-name,1465,"“Ay, ay, man,”"
q01596,Bartle,0.94,before-verb-name,1465,"“you talk the right language for you. When Mike Holdsworth's goat says ba-a-a, it's all right—it 'ud be unnatural for it to make any other noise.”"
q01597,Martin Poyser,0.96,before-name-verb,1466,"“never went boozin' with that set at Casson's, a-sittin' soakin' in drink, and looking as wise as a lot o' cod-fish wi' red faces.”"
q01598,John,0.96,before-name-verb,1467,"“I shouldna wonder if he's come about that man as is a-going to take the Chase Farm, wanting Poyser to do something for him without pay. But Poyser's a fool if he does.”"
q01599,,0.00,unresolved,1469,"“Good-day, Mrs. Poyser,”"
q01600,,0.00,unresolved,1469,"“allays aggravated me: it was as if you was a insect, and he was going to dab his finger-nail on you.”"
q01601,,0.00,unresolved,1470,"“Your servant, sir,”"
q01602,,0.00,unresolved,1471,"“Is your husband at home, Mrs. Poyser?”"
q01603,,0.00,unresolved,1472,"“Yes, sir; he's only i' the rick-yard. I'll send for him in a minute, if you'll please to get down and step in.”"
q01604,,0.00,unresolved,1473,"“Thank you; I will do so. I want to consult him about a little matter; but you are quite as much concerned in it, if not more. I must have your opinion too.”"
q01605,,0.00,unresolved,1474,"“Hetty, run and tell your uncle to come in,”"
q01606,,0.00,unresolved,1475,“What a fine old kitchen this is!”
q01607,,0.00,unresolved,1475,"“And you keep it so exquisitely clean, Mrs. Poyser. I like these premises, do you know, beyond any on the estate.”"
q01608,,0.00,unresolved,1476,"“Well, sir, since you're fond of 'em, I should be glad if you'd let a bit o' repairs be done to 'em, for the boarding's i' that state as we're like to be eaten up wi' rats and mice; and the cellar, you may stan' up to your knees i' water in't, if you like to go down; but perhaps you'd rather believe my words. Won't you please to sit down, sir?”"
q01609,,0.00,unresolved,1477,"“Not yet; I must see your dairy. I have not seen it for years, and I hear on all hands about your fine cheese and butter,”"
q01610,,0.00,unresolved,1477,"“I think I see the door open, there. You must not be surprised if I cast a covetous eye on your cream and butter. I don't expect that Mrs. Satchell's cream and butter will bear comparison with yours.”"
q01611,,0.00,unresolved,1478,"“I can't say, sir, I'm sure. It's seldom I see other folks's butter, though there's some on it as one's no need to see—the smell's enough.”"
q01612,,0.00,unresolved,1479,"“Ah, now this I like,”"
q01613,,0.00,unresolved,1479,"“I'm sure I should like my breakfast better if I knew the butter and cream came from this dairy. Thank you, that really is a pleasant sight. Unfortunately, my slight tendency to rheumatism makes me afraid of damp: I'll sit down in your comfortable kitchen. Ah, Poyser, how do you do? In the midst of business, I see, as usual. I've been looking at your wife's beautiful dairy—the best manager in the parish, is she not?”"
q01614,,0.00,unresolved,1480,“pitching.”
q01615,,0.00,unresolved,1481,"“Will you please to take this chair, sir?”"
q01616,,0.00,unresolved,1481,“you'll find it easy.”
q01617,,0.00,unresolved,1482,"“No, thank you, I never sit in easy-chairs,”"
q01618,,0.00,unresolved,1482,"“Do you know, Mrs. Poyser—sit down, pray, both of you—I've been far from contented, for some time, with Mrs. Satchell's dairy management. I think she has not a good method, as you have.”"
q01619,,0.00,unresolved,1483,"“Indeed, sir, I can't speak to that,”"
q01620,,0.00,unresolved,1484,"“And now, Poyser, as Satchell is laid up, I am intending to let the Chase Farm to a respectable tenant. I'm tired of having a farm on my own hands—nothing is made the best of in such cases, as you know. A satisfactory bailiff is hard to find; and I think you and I, Poyser, and your excellent wife here, can enter into a little arrangement in consequence, which will be to our mutual advantage.”"
q01621,,0.00,unresolved,1485,"“Oh,”"
q01622,,0.00,unresolved,1486,"“If I'm called upon to speak, sir,”"
q01623,,0.00,unresolved,1486,“you know better than me; but I don't see what the Chase Farm is t' us—we've cumber enough wi' our own farm. Not but what I'm glad to hear o' anybody respectable coming into the parish; there's some as ha' been brought in as hasn't been looked on i' that character.”
q01624,,0.00,unresolved,1487,"“You're likely to find Mr. Thurle an excellent neighbour, I assure you—such a one as you will feel glad to have accommodated by the little plan I'm going to mention, especially as I hope you will find it as much to your own advantage as his.”"
q01625,,0.00,unresolved,1488,"“Indeed, sir, if it's anything t' our advantage, it'll be the first offer o' the sort I've heared on. It's them as take advantage that get advantage i' this world, I think: folks have to wait long enough afore it's brought to 'em.”"
q01626,Poyser,0.91,same-paragraph,1489,"“The fact is, Poyser,”"
q01627,Poyser,0.96,before-name-verb,1489,"“there is too much dairy land, and too little plough land, on the Chase Farm to suit Thurle's purpose—indeed, he will only take the farm on condition of some change in it: his wife, it appears, is not a clever dairy-woman, like yours. Now, the plan I'm thinking of is to effect a little exchange. If you were to have the Hollow Pastures, you might increase your dairy, which must be so profitable under your wife's management; and I should request you, Mrs. Poyser, to supply my house with milk, cream, and butter at the market prices. On the other hand, Poyser, you might let Thurle have the Lower and Upper Ridges, which really, with our wet seasons, would be a good riddance for you. There is much less risk in dairy land than corn land.”"
q01628,,0.00,unresolved,1490,“What dost say?”
q01629,,0.00,unresolved,1492,"“Say? Why, I say you may do as you like about giving up any o' your corn-land afore your lease is up, which it won't be for a year come next Michaelmas, but I'll not consent to take more dairy work into my hands, either for love or money; and there's nayther love nor money here, as I can see, on'y other folks's love o' theirselves, and the money as is to go into other folks's pockets. I know there's them as is born t' own the land, and them as is born to sweat on't”"
q01630,,0.00,unresolved,1492,"“and I know it's christened folks's duty to submit to their betters as fur as flesh and blood 'ull bear it; but I'll not make a martyr o' myself, and wear myself to skin and bone, and worret myself as if I was a churn wi' butter a-coming in't, for no landlord in England, not if he was King George himself.”"
q01631,,0.00,unresolved,1493,"“No, no, my dear Mrs. Poyser, certainly not,”"
q01632,,0.00,unresolved,1493,"“you must not overwork yourself; but don't you think your work will rather be lessened than increased in this way? There is so much milk required at the Abbey that you will have little increase of cheese and butter making from the addition to your dairy; and I believe selling the milk is the most profitable way of disposing of dairy produce, is it not?”"
q01633,,0.00,unresolved,1494,"“Aye, that's true,”"
q01634,,0.00,unresolved,1495,"“I daresay,”"
q01635,,0.00,unresolved,1495,"“I daresay it's true for men as sit i' th' chimney-corner and make believe as everything's cut wi' ins an' outs to fit int' everything else. If you could make a pudding wi' thinking o' the batter, it 'ud be easy getting dinner. How do I know whether the milk 'ull be wanted constant? What's to make me sure as the house won't be put o' board wage afore we're many months older, and then I may have to lie awake o' nights wi' twenty gallons o' milk on my mind—and Dingall 'ull take no more butter, let alone paying for it; and we must fat pigs till we're obliged to beg the butcher on our knees to buy 'em, and lose half of 'em wi' the measles. And there's the fetching and carrying, as 'ud be welly half a day's work for a man an' hoss—that's to be took out o' the profits, I reckon? But there's folks 'ud hold a sieve under the pump and expect to carry away the water.”"
q01636,,0.00,unresolved,1496,"“That difficulty—about the fetching and carrying—you will not have, Mrs. Poyser,”"
q01637,,0.00,unresolved,1496,“Bethell will do that regularly with the cart and pony.”
q01638,,0.00,unresolved,1497,"“Oh, sir, begging your pardon, I've never been used t' having gentlefolks's servants coming about my back places, a-making love to both the gells at once and keeping 'em with their hands on their hips listening to all manner o' gossip when they should be down on their knees a-scouring. If we're to go to ruin, it shanna be wi' having our back kitchen turned into a public.”"
q01639,Poyser,0.91,same-paragraph,1498,"“Well, Poyser,”"
q01640,Poyser,0.96,before-name-verb,1498,"“you can turn the Hollows into feeding-land. I can easily make another arrangement about supplying my house. And I shall not forget your readiness to accommodate your landlord as well as a neighbour. I know you will be glad to have your lease renewed for three years, when the present one expires; otherwise, I daresay Thurle, who is a man of some capital, would be glad to take both the farms, as they could be worked so well together. But I don't want to part with an old tenant like you.”"
q01641,,0.00,unresolved,1499,"“Well, sir, I think as it's rether hard...”"
q01642,,0.00,unresolved,1500,"“Then, sir, if I may speak—as, for all I'm a woman, and there's folks as thinks a woman's fool enough to stan' by an' look on while the men sign her soul away, I've a right to speak, for I make one quarter o' the rent, and save another quarter—I say, if Mr. Thurle's so ready to take farms under you, it's a pity but what he should take this, and see if he likes to live in a house wi' all the plagues o' Egypt in't—wi' the cellar full o' water, and frogs and toads hoppin' up the steps by dozens—and the floors rotten, and the rats and mice gnawing every bit o' cheese, and runnin' over our heads as we lie i' bed till we expect 'em to eat us up alive—as it's a mercy they hanna eat the children long ago. I should like to see if there's another tenant besides Poyser as 'ud put up wi' never having a bit o' repairs done till a place tumbles down—and not then, on'y wi' begging and praying and having to pay half—and being strung up wi' the rent as it's much if he gets enough out o' the land to pay, for all he's put his own money into the ground beforehand. See if you'll get a stranger to lead such a life here as that: a maggot must be born i' the rotten cheese to like it, I reckon. You may run away from my words, sir,”"
q01643,,0.00,unresolved,1501,"“You may run away from my words, sir, and you may go spinnin' underhand ways o' doing us a mischief, for you've got Old Harry to your friend, though nobody else is, but I tell you for once as we're not dumb creatures to be abused and made money on by them as ha' got the lash i' their hands, for want o' knowing how t' undo the tackle. An' if I'm th' only one as speaks my mind, there's plenty o' the same way o' thinking i' this parish and the next to 't, for your name's no better than a brimstone match in everybody's nose—if it isna two-three old folks as you think o' saving your soul by giving 'em a bit o' flannel and a drop o' porridge. An' you may be right i' thinking it'll take but little to save your soul, for it'll be the smallest savin' y' iver made, wi' all your scrapin'.”"
q01644,,0.00,unresolved,1504,"“Thee'st done it now,”"
q01645,,0.00,unresolved,1505,"“Yes, I know I've done it,”"
q01646,,0.00,unresolved,1505,"“but I've had my say out, and I shall be th' easier for't all my life. There's no pleasure i' living if you're to be corked up for ever, and only dribble your mind out by the sly, like a leaky barrel. I shan't repent saying what I think, if I live to be as old as th' old squire; and there's little likelihood—for it seems as if them as aren't wanted here are th' only folks as aren't wanted i' th' other world.”"
q01647,,0.00,unresolved,1506,"“But thee wutna like moving from th' old place, this Michaelmas twelvemonth,”"
q01648,,0.00,unresolved,1506,"“and going into a strange parish, where thee know'st nobody. It'll be hard upon us both, and upo' Father too.”"
q01649,,0.00,unresolved,1507,"“Eh, it's no use worreting; there's plenty o' things may happen between this and Michaelmas twelvemonth. The captain may be master afore them, for what we know,”"
q01650,,0.00,unresolved,1508,"“I'm none for worreting,”"
q01651,,0.00,unresolved,1508,"“but I should be loath to leave th' old place, and the parish where I was bred and born, and Father afore me. We should leave our roots behind us, I doubt, and niver thrive again.”"
q01652,,0.00,unresolved,1510,"“put upon,”"
q01653,,0.00,unresolved,1510,“Bony”
q01654,,0.00,unresolved,1511,"“No, no, Mother,”"
q01655,,0.00,unresolved,1511,"“it was a little bit of irregular justice on Mrs. Poyser's part, but a magistrate like me must not countenance irregular justice. There must be no report spread that I have taken notice of the quarrel, else I shall lose the little good influence I have over the old man.”"
q01656,,0.00,unresolved,1512,"“Well, I like that woman even better than her cream-cheeses,”"
q01657,,0.00,unresolved,1512,"“She has the spirit of three men, with that pale face of hers. And she says such sharp things too.”"
q01658,,0.00,unresolved,1513,"“Sharp! Yes, her tongue is like a new-set razor. She's quite original in her talk too; one of those untaught wits that help to stock a country with proverbs. I told you that capital thing I heard her say about Craig—that he was like a cock, who thought the sun had risen to hear him crow. Now that's an Æsop's fable in a sentence.”"
q01659,,0.00,unresolved,1514,"“But it will be a bad business if the old gentleman turns them out of the farm next Michaelmas, eh?”"
q01660,,0.00,unresolved,1515,"“Oh, that must not be; and Poyser is such a good tenant that Donnithorne is likely to think twice, and digest his spleen rather than turn them out. But if he should give them notice at Lady Day, Arthur and I must move heaven and earth to mollify him. Such old parishioners as they are must not go.”"
q01661,,0.00,unresolved,1516,"“Ah, there's no knowing what may happen before Lady day,”"
q01662,,0.00,unresolved,1516,"“It struck me on Arthur's birthday that the old man was a little shaken: he's eighty-three, you know. It's really an unconscionable age. It's only women who have a right to live as long as that.”"
q01663,,0.00,unresolved,1517,"“When they've got old-bachelor sons who would be forlorn without them,”"
q01664,,0.00,unresolved,1518,“There's no knowing what may happen before Lady day”
q01665,,0.00,unresolved,1519,"“closer tempered, and sometimes she seemed as if there'd be no drawing a word from her with cart-ropes,”"
q01666,Adam,0.91,same-paragraph,1520,"“Come, Hetty, where have you been?”"
q01667,Adam,0.91,same-paragraph,1520,“Poor thing!”
q01668,Adam,0.96,before-name-verb,1520,“that's allays likely. It's because she's had her first heartache. But she's got a spirit to bear up under it. Thank God for that.”
q01669,,0.00,unresolved,1524,“good-bye”
q01670,Binton Coppice,0.91,same-paragraph,1527,“keep her company.”
q01671,Binton Coppice,0.96,before-name-verb,1527,"“Now, then, which is the stoutest walker? Him as gets to th' home-gate first shall be the first to go with me to Binton Coppice on the donkey. But Tommy must have the start up to the next stile, because he's the smallest.”"
q01672,Hetty,0.98,after-verb-name,1528,"“Won't you hang on my arm, Hetty?”"
q01673,Hetty,0.96,before-name-verb,1528,"“I'm going to tell your uncle some news that'll surprise him, Hetty; and I think he'll be glad to hear it too.”"
q01674,Hetty,0.97,after-name-verb,1529,“What's that?”
q01675,,0.00,unresolved,1530,"“Why, Mr. Burge has offered me a share in his business, and I'm going to take it.”"
q01676,,0.00,unresolved,1531,"“Hetty, dear Hetty, what are you crying for?”"
q01677,,0.00,unresolved,1532,"“I could afford to be married now, Hetty—I could make a wife comfortable; but I shall never want to be married if you won't have me.”"
q01678,,0.00,unresolved,1534,"“Do you really love me, Hetty? Will you be my own wife, to love and take care of as long as I live?”"
q01679,Adam,0.96,before-name-verb,1536,"“I may tell your uncle and aunt, mayn't I, Hetty?”"
q01680,Adam,0.96,before-name-verb,1536,“Yes.”
q01681,Adam,0.98,after-verb-name,1538,"“I hope you have no objections against me for her husband,”"
q01682,Adam,0.94,before-verb-name,1538,"“I'm a poor man as yet, but she shall want nothing as I can work for.”"
q01683,,0.00,unresolved,1539,“Objections?”
q01684,,0.00,unresolved,1539,"“Nay, nay.”"
q01685,,0.00,unresolved,1539,"“What objections can we ha' to you, lad? Never mind your being poorish as yet; there's money in your head-piece as there's money i' the sown field, but it must ha' time. You'n got enough to begin on, and we can do a deal tow'rt the bit o' furniture you'll want. Thee'st got feathers and linen to spare—plenty, eh?”"
q01686,,0.00,unresolved,1541,"“It ud be a poor tale if I hadna feathers and linen,”"
q01687,,0.00,unresolved,1541,"“when I never sell a fowl but what's plucked, and the wheel's a-going every day o' the week.”"
q01688,,0.00,unresolved,1542,"“Come, my wench,”"
q01689,,0.00,unresolved,1542,"“come and kiss us, and let us wish you luck.”"
q01690,Hetty,0.91,same-paragraph,1544,“There!”
q01691,Hetty,0.98,after-verb-name,1544,"“go and kiss your aunt and your grandfather. I'm as wishful t' have you settled well as if you was my own daughter; and so's your aunt, I'll be bound, for she's done by you this seven 'ear, Hetty, as if you'd been her own. Come, come, now,”"
q01692,Hetty,0.96,before-name-verb,1544,"“Adam wants a kiss too, I'll warrant, and he's a right to one now.”"
q01693,,0.00,unresolved,1546,"“Come, Adam, then, take one,”"
q01694,,0.00,unresolved,1546,“else y' arena half a man.”
q01695,,0.00,unresolved,1550,"“Well, well,”"
q01696,,0.00,unresolved,1550,"“we needna fix everything to-night. We must take time to consider. You canna think o' getting married afore Easter. I'm not for long courtships, but there must be a bit o' time to make things comfortable.”"
q01697,,0.00,unresolved,1551,"“Aye, to be sure,”"
q01698,,0.00,unresolved,1551,"“Christian folks can't be married like cuckoos, I reckon.”"
q01699,,0.00,unresolved,1552,"“I'm a bit daunted, though,”"
q01700,,0.00,unresolved,1552,"“when I think as we may have notice to quit, and belike be forced to take a farm twenty mile off.”"
q01701,,0.00,unresolved,1553,"“Eh,”"
q01702,,0.00,unresolved,1553,"“it's a poor tale if I mun leave th' ould spot an be buried in a strange parish. An' you'll happen ha' double rates to pay,”"
q01703,Martin,0.98,after-verb-name,1554,"“Well, thee mustna fret beforehand, father,”"
q01704,Martin,0.94,before-verb-name,1554,"“Happen the captain 'ull come home and make our peace wi' th' old squire. I build upo' that, for I know the captain 'll see folks righted if he can.”"
q01705,Adam,0.98,after-verb-name,1556,“run up”
q01706,Hetty,0.96,before-name-verb,1556,“Yes; I'd as soon she lived with us as not.”
q01707,Seth,0.96,before-name-verb,1556,“it was no use—Dinah's heart wasna turned towards marrying.”
q01708,Hetty,0.96,before-name-verb,1556,"“Eh, my lad, I'll be as still as th' ould tabby, an' ne'er want to do aught but th' offal work, as she wonna like t' do. An' then we needna part the platters an' things, as ha' stood on the shelf together sin' afore thee wast born.”"
q01709,,0.00,unresolved,1557,“doubted the lass was o'erdoing it—she must have a bit o' rest when her aunt could come downstairs.”
q01710,,0.00,unresolved,1558,"“it was because they were not for th' outside, else she'd ha' bought 'em fast enough.”"
q01711,Dinah,0.97,after-name-verb,1565,"“I wish Dinah 'ud come again now, for she'd be a comfort to your aunt when you're gone. What do you think, my wench, o' going to see her as soon as you can be spared and persuading her to come back wi' you? You might happen persuade her wi' telling her as her aunt wants her, for all she writes o' not being able to come.”"
q01712,Dinah,0.96,before-name-verb,1565,"“It's so far off, Uncle.”"
q01713,Hetty,0.91,same-paragraph,1568,"“I wish I could go with you and take care of you, Hetty,”"
q01714,Hetty,0.96,before-name-verb,1568,“but you won't stay much beyond a week—the time 'ull seem long.”
q01715,Gyp,0.98,after-verb-name,1570,"“God bless her for loving me,”"
q01716,Hetty,0.96,before-name-verb,1576,"“He's pretty nigh six foot, I'll be bound, isna he, now?”"
q01717,Hetty,0.98,after-verb-name,1577,“Who?”
q01718,,0.00,unresolved,1578,"“Why, the sweetheart as you've left behind, or else him as you're goin' arter—which is it?”"
q01719,,0.00,unresolved,1580,"“Hegh, hegh!”"
q01720,,0.00,unresolved,1580,"“you munna take it too ser'ous; if he's behaved ill, get another. Such a pretty lass as you can get a sweetheart any day.”"
q01721,,0.00,unresolved,1582,"“Well, I can't rightly say. Windsor must be pretty nigh London, for it's where the king lives,”"
q01722,,0.00,unresolved,1582,"“Anyhow, you'd best go t' Ashby next—that's south'ard. But there's as many places from here to London as there's houses in Stoniton, by what I can make out. I've never been no traveller myself. But how comes a lone young woman like you to be thinking o' taking such a journey as that?”"
q01723,Hetty,0.98,after-verb-name,1583,"“I'm going to my brother—he's a soldier at Windsor,”"
q01724,Hetty,0.94,before-verb-name,1583,“I can't afford to go by the coach; do you think there's a cart goes toward Ashby in the morning?”
q01725,,0.00,unresolved,1584,"“Yes, there may be carts if anybody knowed where they started from; but you might run over the town before you found out. You'd best set off and walk, and trust to summat overtaking you.”"
q01726,Hetty,0.98,after-verb-name,1588,"“Could you take me up in your waggon, if you're going towards Ashby?”"
q01727,Hetty,0.94,before-verb-name,1588,“I'll pay you for it.”
q01728,,0.00,unresolved,1589,"“Aw,”"
q01729,,0.00,unresolved,1589,“I can take y' up fawst enough wi'out bein' paid for't if you dooant mind lyin' a bit closish a-top o' the wool-packs. Where do you coom from? And what do you want at Ashby?”
q01730,,0.00,unresolved,1590,“I come from Stoniton. I'm going a long way—to Windsor.”
q01731,,0.00,unresolved,1591,"“What! Arter some service, or what?”"
q01732,,0.00,unresolved,1592,“Going to my brother—he's a soldier there.”
q01733,,0.00,unresolved,1593,"“Well, I'm going no furder nor Leicester—and fur enough too—but I'll take you, if you dooant mind being a bit long on the road. Th' hosses wooant feel your weight no more nor they feel the little doog there, as I puck up on the road a fortni't agoo. He war lost, I b'lieve, an's been all of a tremble iver sin'. Come, gi' us your basket an' come behind and let me put y' in.”"
q01734,,0.00,unresolved,1594,“some victual”
q01735,,0.00,unresolved,1594,“public.”
q01736,,0.00,unresolved,1594,“remember him.”
q01737,,0.00,unresolved,1594,“Can you give me back sixpence?”
q01738,,0.00,unresolved,1595,"“No, no,”"
q01739,,0.00,unresolved,1595,“never mind—put the shilling up again.”
q01740,,0.00,unresolved,1597,"“Come, young woman, come in,”"
q01741,,0.00,unresolved,1597,"“and have a drop o' something; you're pretty well knocked up, I can see that.”"
q01742,,0.00,unresolved,1598,"“Here, missis, take this young woman into the parlour; she's a little overcome”"
q01743,Hetty,0.98,after-verb-name,1600,"“Why, you're not very fit for travelling,”"
q01744,Hetty,0.94,before-verb-name,1600,“Have you come far?”
q01745,Hetty,0.98,after-verb-name,1601,"“Yes,”"
q01746,Hetty,0.91,same-paragraph,1601,"“I've come a good long way, and it's very tiring. But I'm better now. Could you tell me which way to go to this place?”"
q01747,,0.00,unresolved,1603,"“Why, what do you want at this house?”"
q01748,Hetty,0.98,after-verb-name,1604,"“I want to see a gentleman as is there,”"
q01749,,0.00,unresolved,1605,"“But there's no gentleman there,”"
q01750,,0.00,unresolved,1605,“It's shut up—been shut up this fortnight. What gentleman is it you want? Perhaps I can let you know where to find him.”
q01751,Hetty,0.98,after-verb-name,1606,"“It's Captain Donnithorne,”"
q01752,Loamshire Militia,0.98,after-verb-name,1607,"“Captain Donnithorne? Stop a bit,”"
q01753,Loamshire Militia,0.91,same-paragraph,1607,“Was he in the Loamshire Militia? A tall young officer with a fairish skin and reddish whiskers—and had a servant by the name o' Pym?”
q01754,Hetty,0.98,after-verb-name,1608,"“Oh yes,”"
q01755,Hetty,0.94,before-verb-name,1608,“you know him—where is he?”
q01756,Hetty,0.78,neighbor-continuation,1609,“A fine sight o' miles away from here. The Loamshire Militia's gone to Ireland; it's been gone this fortnight.”
q01757,Hetty,0.98,after-verb-name,1610,"“Look there! She's fainting,”"
q01758,,0.00,unresolved,1611,"“Here's a bad business, I suspect,”"
q01759,,0.00,unresolved,1612,"“Ah, it's plain enough what sort of business it is,”"
q01760,,0.00,unresolved,1612,"“She's not a common flaunting dratchell, I can see that. She looks like a respectable country girl, and she comes from a good way off, to judge by her tongue. She talks something like that ostler we had that come from the north. He was as honest a fellow as we ever had about the house—they're all honest folks in the north.”"
q01761,,0.00,unresolved,1613,"“I never saw a prettier young woman in my life,”"
q01762,,0.00,unresolved,1613,“She's like a pictur in a shop-winder. It goes to one's 'eart to look at her.”
q01763,,0.00,unresolved,1614,"“It 'ud have been a good deal better for her if she'd been uglier and had more conduct,”"
q01764,,0.00,unresolved,1614,“conduct”
q01765,,0.00,unresolved,1614,“But she's coming to again. Fetch a drop more water.”
q01766,,0.00,unresolved,1617,“The parish!”
q01767,,0.00,unresolved,1617,“parish”
q01768,,0.00,unresolved,1618,“Remember me”
q01769,,0.00,unresolved,1620,“I will go to Dinah”
q01770,Hetty,0.98,after-verb-name,1623,"“Well,”"
q01771,Hetty,0.94,before-verb-name,1623,"“we might take 'em to the jeweller's shop, for there's one not far off; but Lord bless you, they wouldn't give you a quarter o' what the things are worth. And you wouldn't like to part with 'em?”"
q01772,Hetty,0.98,after-verb-name,1624,"“Oh, I don't mind,”"
q01773,Hetty,0.94,before-verb-name,1624,“so as I can get money to go back.”
q01774,,0.00,unresolved,1625,"“And they might think the things were stolen, as you wanted to sell 'em,”"
q01775,,0.00,unresolved,1625,“for it isn't usual for a young woman like you to have fine jew'llery like that.”
q01776,Hetty,0.91,same-paragraph,1626,"“I belong to respectable folks,”"
q01777,Hetty,0.96,before-name-verb,1626,“I'm not a thief.”
q01778,,0.00,unresolved,1627,"“No, that you aren't, I'll be bound,”"
q01779,,0.00,unresolved,1627,"“and you'd no call to say that,”"
q01780,,0.00,unresolved,1627,“The things were gev to her: that's plain enough to be seen.”
q01781,,0.00,unresolved,1628,"“I didn't mean as I thought so,”"
q01782,,0.00,unresolved,1628,"“but I said it was what the jeweller might think, and so he wouldn't be offering much money for 'em.”"
q01783,,0.00,unresolved,1629,"“Well,”"
q01784,,0.00,unresolved,1629,"“suppose you were to advance some money on the things yourself, and then if she liked to redeem 'em when she got home, she could. But if we heard nothing from her after two months, we might do as we liked with 'em.”"
q01785,,0.00,unresolved,1631,"“How much money do you want to get home with, young woman?”"
q01786,Hetty,0.98,after-verb-name,1632,"“Three guineas,”"
q01787,,0.00,unresolved,1633,"“Well, I've no objections to advance you three guineas,”"
q01788,,0.00,unresolved,1633,"“and if you like to send it me back and get the jewellery again, you can, you know. The Green Man isn't going to run away.”"
q01789,Hetty,0.98,after-verb-name,1634,"“Oh yes, I'll be very glad if you'll give me that,”"
q01790,,0.00,unresolved,1635,"“But if you want the things again, you'll write before long,”"
q01791,,0.00,unresolved,1635,"“because when two months are up, we shall make up our minds as you don't want 'em.”"
q01792,Hetty,0.98,after-verb-name,1636,"“Yes,”"
q01793,Hetty,0.96,before-name-verb,1637,“Good-bye”
q01794,,0.00,unresolved,1648,"“Why, what do you do here, young woman?”"
q01795,,0.00,unresolved,1650,"“I lost my way,”"
q01796,,0.00,unresolved,1650,"“I'm travelling—north'ard, and I got away from the road into the fields, and was overtaken by the dark. Will you tell me the way to the nearest village?”"
q01797,,0.00,unresolved,1652,"“Aw, I can show you the way to Norton, if you like. But what do you do gettin' out o' the highroad?”"
q01798,,0.00,unresolved,1652,"“Y'ull be gettin' into mischief, if you dooant mind.”"
q01799,Hetty,0.98,after-verb-name,1653,"“Yes,”"
q01800,Hetty,0.94,before-verb-name,1653,"“I won't do it again. I'll keep in the road, if you'll be so good as show me how to get to it.”"
q01801,,0.00,unresolved,1654,“Why dooant you keep where there's a finger-poasses an' folks to ax the way on?”
q01802,,0.00,unresolved,1654,"“Anybody 'ud think you was a wild woman, an' look at yer.”"
q01803,,0.00,unresolved,1655,“Thank you; will you please to take something for your trouble?”
q01804,,0.00,unresolved,1656,"“I want none o' your money. You'd better take care on't, else you'll get it stool from yer, if you go trapesin' about the fields like a mad woman a-thatway.”"
q01805,,0.00,unresolved,1665,"“Though,”"
q01806,,0.00,unresolved,1665,"“you might tell her she's got but one aunt left, and she's wasted pretty nigh to a shadder; and we shall p'rhaps all be gone twenty mile farther off her next Michaelmas, and shall die o' broken hearts among strange folks, and leave the children fatherless and motherless.”"
q01807,,0.00,unresolved,1666,"“Nay, nay,”"
q01808,,0.00,unresolved,1666,"“it isna so bad as that. Thee't looking rarely now, and getting flesh every day. But I'd be glad for Dinah t' come, for she'd help thee wi' the little uns: they took t' her wonderful.”"
q01809,Adam,0.98,after-verb-name,1668,"“Good-bye, lad,”"
q01810,Adam,0.91,same-paragraph,1668,"“I wish thee wast going all the way wi' me, and as happy as I am.”"
q01811,Seth,0.98,after-verb-name,1669,"“I'm content, Addy, I'm content,”"
q01812,Addy,0.96,before-name-verb,1669,"“I'll be an old bachelor, belike, and make a fuss wi' thy children.”"
q01813,,0.00,unresolved,1671,"“Dark and cheerless is the morn Unaccompanied by thee: Joyless is the day's return Till thy mercy's beams I see: Till thou inward light impart, Glad my eyes and warm my heart.”"
q01814,,0.00,unresolved,1672,"“Visit, then, this soul of mine, Pierce the gloom of sin and grief— Fill me, Radiancy Divine, Scatter all my unbelief. More and more thyself display, Shining to the perfect day.”"
q01815,Adam,0.98,after-verb-name,1675,"“A hungry land,”"
q01816,Adam,0.94,before-verb-name,1675,"“I'd rather go south'ard, where they say it's as flat as a table, than come to live here; though if Dinah likes to live in a country where she can be the most comfort to folks, she's i' the right to live o' this side; for she must look as if she'd come straight from heaven, like th' angels in the desert, to strengthen them as ha' got nothing t' eat.”"
q01817,Adam,0.91,same-paragraph,1675,"“fellow to the country,”"
q01818,Adam,0.98,after-verb-name,1677,“Is Dinah Morris at home?”
q01819,,0.00,unresolved,1678,"“Eh?... no,”"
q01820,,0.00,unresolved,1678,“Will you please to come in?”
q01821,,0.00,unresolved,1678,"“Why, ye're brother to the young man as come afore, arena ye?”"
q01822,Adam,0.98,after-verb-name,1679,"“Yes,”"
q01823,Adam,0.94,before-verb-name,1679,“That was Seth Bede. I'm his brother Adam. He told me to give his respects to you and your good master.”
q01824,,0.00,unresolved,1680,"“Aye, the same t' him. He was a gracious young man. An' ye feature him, on'y ye're darker. Sit ye down i' th' arm-chair. My man isna come home from meeting.”"
q01825,Dinah Morris,0.91,same-paragraph,1682,“So you're come to see Dinah Morris?”
q01826,Dinah Morris,0.96,before-name-verb,1682,"“An' you didn' know she was away from home, then?”"
q01827,Adam,0.98,after-verb-name,1683,"“No,”"
q01828,Adam,0.94,before-verb-name,1683,"“but I thought it likely she might be away, seeing as it's Sunday. But the other young woman—is she at home, or gone along with Dinah?”"
q01829,Dinah,0.98,after-verb-name,1685,“Gone along wi' her?”
q01830,Adam,0.98,after-verb-name,1685,"“Eh, Dinah's gone to Leeds, a big town ye may ha' heared on, where there's a many o' the Lord's people. She's been gone sin' Friday was a fortnight: they sent her the money for her journey. You may see her room here,”"
q01831,,0.00,unresolved,1686,"“It's a pity ye didna know,”"
q01832,,0.00,unresolved,1686,“Have ye come from your own country o' purpose to see her?”
q01833,Adam,0.98,after-verb-name,1687,"“But Hetty—Hetty Sorrel,”"
q01834,Adam,0.94,before-verb-name,1687,“Where is she?”
q01835,,0.00,unresolved,1688,"“I know nobody by that name,”"
q01836,,0.00,unresolved,1688,“Is it anybody ye've heared on at Snowfield?”
q01837,,0.00,unresolved,1689,"“Did there come no young woman here—very young and pretty—Friday was a fortnight, to see Dinah Morris?”"
q01838,,0.00,unresolved,1690,“Nay; I'n seen no young woman.”
q01839,,0.00,unresolved,1691,"“Think; are you quite sure? A girl, eighteen years old, with dark eyes and dark curly hair, and a red cloak on, and a basket on her arm? You couldn't forget her if you saw her.”"
q01840,,0.00,unresolved,1692,"“Nay; Friday was a fortnight—it was the day as Dinah went away—there come nobody. There's ne'er been nobody asking for her till you come, for the folks about know as she's gone. Eh dear, eh dear, is there summat the matter?”"
q01841,,0.00,unresolved,1694,"“Yes; a young woman started from our country to see Dinah, Friday was a fortnight. I came to fetch her back. I'm afraid something has happened to her. I can't stop. Good-bye.”"
q01842,Adam,0.97,after-name-verb,1696,“taxed cart”
q01843,Adam,0.91,same-paragraph,1696,“blessed woman”
q01844,,0.00,unresolved,1701,"“Waggon Overthrown,”"
q01845,Adam,0.98,after-verb-name,1705,"“God have mercy on us, Addy,”"
q01846,Addy,0.96,before-name-verb,1705,“what is it?”
q01847,Adam,0.98,after-verb-name,1708,"“Is it death, Adam? Is she dead?”"
q01848,,0.00,unresolved,1709,"“No, lad; but she's gone—gone away from us. She's never been to Snowfield. Dinah's been gone to Leeds ever since last Friday was a fortnight, the very day Hetty set out. I can't find out where she went after she got to Stoniton.”"
q01849,,0.00,unresolved,1711,“Hast any notion what she's done it for?”
q01850,Adam,0.98,after-verb-name,1712,"“She can't ha' loved me. She didn't like our marriage when it came nigh—that must be it,”"
q01851,Seth,0.98,after-verb-name,1713,"“I hear Mother stirring,”"
q01852,Seth,0.94,before-verb-name,1713,“Must we tell her?”
q01853,Adam,0.98,after-verb-name,1714,"“No, not yet,”"
q01854,Seth,0.97,after-name-verb,1714,"“I can't have her told yet; and I must set out on another journey directly, after I've been to the village and th' Hall Farm. I can't tell thee where I'm going, and thee must say to her I'm gone on business as nobody is to know anything about. I'll go and wash myself now.”"
q01855,Seth,0.96,before-name-verb,1714,"“I must take all the money out o' the tin box, lad; but if anything happens to me, all the rest 'll be thine, to take care o' Mother with.”"
q01856,Adam,0.98,after-verb-name,1715,"“Brother,”"
q01857,Seth,0.96,before-name-verb,1715,“Brother”
q01858,Seth,0.96,before-name-verb,1715,“I don't believe you'll do anything as you can't ask God's blessing on.”
q01859,Adam,0.98,after-verb-name,1716,"“Nay, lad,”"
q01860,Adam,0.94,before-verb-name,1716,“don't be afraid. I'm for doing nought but what's a man's duty.”
q01861,,0.00,unresolved,1719,"“Why, Adam, lad, is't you? Have ye been all this time away and not brought the lasses back, after all? Where are they?”"
q01862,Adam,0.98,after-verb-name,1720,"“No, I've not brought 'em,”"
q01863,Martin,0.98,after-verb-name,1721,"“Why,”"
q01864,Martin,0.91,same-paragraph,1721,“ye look bad. Is there anything happened?”
q01865,Adam,0.98,after-verb-name,1722,"“Yes,”"
q01866,Adam,0.94,before-verb-name,1722,“A sad thing's happened. I didna find Hetty at Snowfield.”
q01867,,0.00,unresolved,1723,“Not find her? What's happened to her?”
q01868,,0.00,unresolved,1724,"“That I can't tell, whether anything's happened to her. She never went to Snowfield—she took the coach to Stoniton, but I can't learn nothing of her after she got down from the Stoniton coach.”"
q01869,Martin,0.98,after-verb-name,1725,"“Why, you donna mean she's run away?”"
q01870,Adam,0.98,after-verb-name,1726,"“She must ha' done,”"
q01871,Adam,0.94,before-verb-name,1726,“She didn't like our marriage when it came to the point—that must be it. She'd mistook her feelings.”
q01872,,0.00,unresolved,1727,"“Then she didna deserve t' ha' ye, my lad. An' I feel i' fault myself, for she was my niece, and I was allays hot for her marr'ing ye. There's no amends I can make ye, lad—the more's the pity: it's a sad cut-up for ye, I doubt.”"
q01873,,0.00,unresolved,1728,"“I'll be bound she's gone after trying to get a lady's maid's place, for she'd got that in her head half a year ago, and wanted me to gi' my consent. But I'd thought better on her”"
q01874,,0.00,unresolved,1728,"“I'd thought better on her, nor to look for this, after she'd gi'en y' her word, an' everything been got ready.”"
q01875,,0.00,unresolved,1730,"“It was better it should be so,”"
q01876,,0.00,unresolved,1730,"“if she felt she couldn't like me for a husband. Better run away before than repent after. I hope you won't look harshly on her if she comes back, as she may do if she finds it hard to get on away from home.”"
q01877,Martin,0.98,after-verb-name,1731,"“I canna look on her as I've done before,”"
q01878,Martin,0.94,before-verb-name,1731,"“She's acted bad by you, and by all of us. But I'll not turn my back on her: she's but a young un, and it's the first harm I've knowed on her. It'll be a hard job for me to tell her aunt. Why didna Dinah come back wi' ye? She'd ha' helped to pacify her aunt a bit.”"
q01879,,0.00,unresolved,1732,"“Dinah wasn't at Snowfield. She's been gone to Leeds this fortnight, and I couldn't learn from th' old woman any direction where she is at Leeds, else I should ha' brought it you.”"
q01880,,0.00,unresolved,1733,"“She'd a deal better be staying wi' her own kin,”"
q01881,,0.00,unresolved,1733,“than going preaching among strange folks a-that'n.”
q01882,Adam,0.98,after-verb-name,1734,"“I must leave you now, Mr. Poyser,”"
q01883,Adam,0.94,before-verb-name,1734,“for I've a deal to see to.”
q01884,Adam,0.78,neighbor-continuation,1735,"“Aye, you'd best be after your business, and I must tell the missis when I go home. It's a hard job.”"
q01885,Adam,0.98,after-verb-name,1736,"“But,”"
q01886,Adam,0.94,before-verb-name,1736,"“I beg particular, you'll keep what's happened quiet for a week or two. I've not told my mother yet, and there's no knowing how things may turn out.”"
q01887,,0.00,unresolved,1737,"“Aye, aye; least said, soonest mended. We'n no need to say why the match is broke off, an' we may hear of her after a bit. Shake hands wi' me, lad: I wish I could make thee amends.”"
q01888,Adam,0.98,after-verb-name,1741,"“I must do it,”"
q01889,Adam,0.91,same-paragraph,1741,“it's the right thing. I can't stand alone in this way any longer.”
q01890,Adam,0.98,after-verb-name,1746,"“I can't think what that strange person's come about,”"
q01891,Adam,0.96,before-name-verb,1746,“he's gone i' the dining-room. And master looks unaccountable—as if he was frightened.”
q01892,Adam,0.91,same-paragraph,1747,"“You want to speak to me, Adam,”"
q01893,Adam,0.96,before-name-verb,1747,“Sit down here.”
q01894,,0.00,unresolved,1748,"“I come to you, sir,”"
q01895,,0.00,unresolved,1748,"“as the gentleman I look up to most of anybody. I've something very painful to tell you—something as it'll pain you to hear as well as me to tell. But if I speak o' the wrong other people have done, you'll see I didn't speak till I'd good reason.”"
q01896,Adam,0.96,before-name-verb,1749,"“You was t' ha' married me and Hetty Sorrel, you know, sir, o' the fifteenth o' this month. I thought she loved me, and I was th' happiest man i' the parish. But a dreadful blow's come upon me.”"
q01897,,0.00,unresolved,1751,"“She's gone away, sir, and we don't know where. She said she was going to Snowfield o' Friday was a fortnight, and I went last Sunday to fetch her back; but she'd never been there, and she took the coach to Stoniton, and beyond that I can't trace her. But now I'm going a long journey to look for her, and I can't trust t' anybody but you where I'm going.”"
q01898,,0.00,unresolved,1753,“Have you no idea of the reason why she went away?”
q01899,Adam,0.98,after-verb-name,1754,"“It's plain enough she didn't want to marry me, sir,”"
q01900,Adam,0.94,before-verb-name,1754,"“She didn't like it when it came so near. But that isn't all, I doubt. There's something else I must tell you, sir. There's somebody else concerned besides me.”"
q01901,,0.00,unresolved,1756,"“You know who's the man I've reckoned my greatest friend,”"
q01902,,0.00,unresolved,1756,"“and used to be proud to think as I should pass my life i' working for him, and had felt so ever since we were lads....”"
q01903,Adam,0.96,before-name-verb,1757,"“No, Adam, no—don't say it, for God's sake!”"
q01904,,0.00,unresolved,1758,“Go on—I must know it.”
q01905,,0.00,unresolved,1759,"“That man played with Hetty's feelings, and behaved to her as he'd no right to do to a girl in her station o' life—made her presents and used to go and meet her out a-walking. I found it out only two days before he went away—found him a-kissing her as they were parting in the Grove. There'd been nothing said between me and Hetty then, though I'd loved her for a long while, and she knew it. But I reproached him with his wrong actions, and words and blows passed between us; and he said solemnly to me, after that, as it had been all nonsense and no more than a bit o' flirting. But I made him write a letter to tell Hetty he'd meant nothing, for I saw clear enough, sir, by several things as I hadn't understood at the time, as he'd got hold of her heart, and I thought she'd belike go on thinking of him and never come to love another man as wanted to marry her. And I gave her the letter, and she seemed to bear it all after a while better than I'd expected... and she behaved kinder and kinder to me... I daresay she didn't know her own feelings then, poor thing, and they came back upon her when it was too late... I don't want to blame her... I can't think as she meant to deceive me. But I was encouraged to think she loved me, and—you know the rest, sir. But it's on my mind as he's been false to me, and 'ticed her away, and she's gone to him—and I'm going now to see, for I can never go to work again till I know what's become of her.”"
q01906,,0.00,unresolved,1761,"“Adam, my dear friend, you have had some hard trials in your life. You can bear sorrow manfully, as well as act manfully. God requires both tasks at our hands. And there is a heavier sorrow coming upon you than any you have yet known. But you are not guilty—you have not the worst of all sorrows. God help him who has!”"
q01907,,0.00,unresolved,1763,“I have had news of Hetty this morning. She is not gone to him. She is in Stonyshire—at Stoniton.”
q01908,,0.00,unresolved,1764,"“Wait, Adam, wait.”"
q01909,,0.00,unresolved,1765,"“She is in a very unhappy position—one which will make it worse for you to find her, my poor friend, than to have lost her for ever.”"
q01910,Adam,0.96,before-name-verb,1766,“Tell me.”
q01911,Adam,0.78,neighbor-continuation,1767,“She has been arrested... she is in prison.”
q01912,Adam,0.96,before-name-verb,1768,“For what?”
q01913,Adam,0.78,neighbor-continuation,1769,“For a great crime—the murder of her child.”
q01914,Adam,0.97,after-name-verb,1770,“It can't be!”
q01915,Adam,0.96,before-name-verb,1770,“It isn't possible. She never had a child. She can't be guilty. Who says it?”
q01916,Adam,0.78,neighbor-continuation,1771,"“God grant she may be innocent, Adam. We can still hope she is.”"
q01917,Adam,0.98,after-verb-name,1772,“But who says she is guilty?”
q01918,Adam,0.94,before-verb-name,1772,“Tell me everything.”
q01919,Adam,0.78,neighbor-continuation,1773,"“Here is a letter from the magistrate before whom she was taken, and the constable who arrested her is in the dining-room. She will not confess her name or where she comes from; but I fear, I fear, there can be no doubt it is Hetty. The description of her person corresponds, only that she is said to look very pale and ill. She had a small red-leather pocket-book in her pocket with two names written in it—one at the beginning, ‘Hetty Sorrel, Hayslope,' and the other near the end, ‘Dinah Morris, Snowfield.' She will not say which is her own name—she denies everything, and will answer no questions, and application has been made to me, as a magistrate, that I may take measures for identifying her, for it was thought probable that the name which stands first is her own name.”"
q01920,Adam,0.98,after-verb-name,1774,"“But what proof have they got against her, if it is Hetty?”"
q01921,Hetty,0.96,before-name-verb,1774,"“I'll not believe it. It couldn't ha' been, and none of us know it.”"
q01922,,0.00,unresolved,1775,"“Terrible proof that she was under the temptation to commit the crime; but we have room to hope that she did not really commit it. Try and read that letter, Adam.”"
q01923,,0.00,unresolved,1777,"“It's his doing,”"
q01924,,0.00,unresolved,1777,"“if there's been any crime, it's at his door, not at hers. He taught her to deceive—he deceived me first. Let 'em put him on his trial—let him stand in court beside her, and I'll tell 'em how he got hold of her heart, and 'ticed her t' evil, and then lied to me. Is he to go free, while they lay all the punishment on her... so weak and young?”"
q01925,,0.00,unresolved,1779,"“I can't bear it... O God, it's too hard to lay upon me—it's too hard to think she's wicked.”"
q01926,,0.00,unresolved,1781,"“She can't ha' done it,”"
q01927,,0.00,unresolved,1781,"“it was fear made her hide it... I forgive her for deceiving me... I forgive thee, Hetty... thee wast deceived too... it's gone hard wi' thee, my poor Hetty... but they'll never make me believe it.”"
q01928,,0.00,unresolved,1782,"“I'll go to him—I'll bring him back—I'll make him go and look at her in her misery—he shall look at her till he can't forget it—it shall follow him night and day—as long as he lives it shall follow him—he shan't escape wi' lies this time—I'll fetch him, I'll drag him myself.”"
q01929,,0.00,unresolved,1784,"“No, Adam, no; I'm sure you will wish to stay and see what good can be done for her, instead of going on a useless errand of vengeance. The punishment will surely fall without your aid. Besides, he is no longer in Ireland. He must be on his way home—or would be, long before you arrived, for his grandfather, I know, wrote for him to come at least ten days ago. I want you now to go with me to Stoniton. I have ordered a horse for you to ride with us, as soon as you can compose yourself.”"
q01930,Adam,0.98,after-verb-name,1786,"“Remember,”"
q01931,Adam,0.91,same-paragraph,1786,"“there are others to think of, and act for, besides yourself, Adam: there are Hetty's friends, the good Poysers, on whom this stroke will fall more heavily than I can bear to think. I expect it from your strength of mind, Adam—from your sense of duty to God and man—that you will try to act as long as action can be of any use.”"
q01932,Hetty,0.98,after-verb-name,1788,"“You will go with me to Stoniton, Adam?”"
q01933,Adam,0.96,before-name-verb,1788,"“We have to see if it is really Hetty who is there, you know.”"
q01934,Adam,0.98,after-verb-name,1789,"“Yes, sir,”"
q01935,Adam,0.94,before-verb-name,1789,“I'll do what you think right. But the folks at th' Hall Farm?”
q01936,,0.00,unresolved,1790,"“I wish them not to know till I return to tell them myself. I shall have ascertained things then which I am uncertain about now, and I shall return as soon as possible. Come now, the horses are ready.”"
q01937,,0.00,unresolved,1793,"“Well, Dauphin,”"
q01938,,0.00,unresolved,1793,"“you're come at last. So the old gentleman's fidgetiness and low spirits, which made him send for Arthur in that sudden way, really meant something. I suppose Carroll has told you that Donnithorne was found dead in his bed this morning. You will believe my prognostications another time, though I daresay I shan't live to prognosticate anything but my own death.”"
q01939,,0.00,unresolved,1794,“What have they done about Arthur?”
q01940,,0.00,unresolved,1794,“Sent a messenger to await him at Liverpool?”
q01941,,0.00,unresolved,1795,"“Yes, Ralph was gone before the news was brought to us. Dear Arthur, I shall live now to see him master at the Chase, and making good times on the estate, like a generous-hearted fellow as he is. He'll be as happy as a king now.”"
q01942,,0.00,unresolved,1797,"“What are you so dismal about, Dauphin? Is there any bad news? Or are you thinking of the danger for Arthur in crossing that frightful Irish Channel at this time of year?”"
q01943,,0.00,unresolved,1798,"“No, Mother, I'm not thinking of that; but I'm not prepared to rejoice just now.”"
q01944,,0.00,unresolved,1799,"“You've been worried by this law business that you've been to Stoniton about. What in the world is it, that you can't tell me?”"
q01945,,0.00,unresolved,1800,"“You will know by and by, mother. It would not be right for me to tell you at present. Good-night: you'll sleep now you have no longer anything to listen for.”"
q01946,,0.00,unresolved,1803,"“It's no use, sir,”"
q01947,,0.00,unresolved,1803,"“it's no use for me to go back. I can't go to work again while she's here, and I couldn't bear the sight o' the things and folks round home. I'll take a bit of a room here, where I can see the prison walls, and perhaps I shall get, in time, to bear seeing her.”"
q01948,,0.00,unresolved,1804,"“If the evidence should tell too strongly against her, Adam, we may still hope for a pardon. Her youth and other circumstances will be a plea for her.”"
q01949,Adam,0.98,after-verb-name,1805,"“Ah, and it's right people should know how she was tempted into the wrong way,”"
q01950,Adam,0.94,before-verb-name,1805,"“It's right they should know it was a fine gentleman made love to her, and turned her head wi' notions. You'll remember, sir, you've promised to tell my mother, and Seth, and the people at the farm, who it was as led her wrong, else they'll think harder of her than she deserves. You'll be doing her a hurt by sparing him, and I hold him the guiltiest before God, let her ha' done what she may. If you spare him, I'll expose him!”"
q01951,Adam,0.91,same-paragraph,1806,"“I think your demand is just, Adam,”"
q01952,Adam,0.96,before-name-verb,1806,"“but when you are calmer, you will judge Arthur more mercifully. I say nothing now, only that his punishment is in other hands than ours.”"
q01953,Martin,0.98,after-verb-name,1809,"“I'm willing to pay any money as is wanted towards trying to bring her off,”"
q01954,Martin,0.91,same-paragraph,1809,"“but I'll not go nigh her, nor ever see her again, by my own will. She's made our bread bitter to us for all our lives to come, an' we shall ne'er hold up our heads i' this parish nor i' any other. The parson talks o' folks pitying us: it's poor amends pity 'ull make us.”"
q01955,,0.00,unresolved,1810,“Pity?”
q01956,,0.00,unresolved,1810,"“I ne'er wanted folks's pity i' my life afore... an' I mun begin to be looked down on now, an' me turned seventy-two last St. Thomas's, an' all th' underbearers and pall-bearers as I'n picked for my funeral are i' this parish and the next to 't.... It's o' no use now... I mun be ta'en to the grave by strangers.”"
q01957,,0.00,unresolved,1811,"“Don't fret so, father,”"
q01958,,0.00,unresolved,1811,“You'll have your children wi' you; an' there's the lads and the little un 'ull grow up in a new parish as well as i' th' old un.”
q01959,,0.00,unresolved,1812,"“Ah, there's no staying i' this country for us now,”"
q01960,,0.00,unresolved,1812,"“We thought it 'ud be bad luck if the old squire gave us notice this Lady day, but I must gi' notice myself now, an' see if there can anybody be got to come an' take to the crops as I'n put i' the ground; for I wonna stay upo' that man's land a day longer nor I'm forced to't. An' me, as thought him such a good upright young man, as I should be glad when he come to be our landlord. I'll ne'er lift my hat to him again, nor sit i' the same church wi' him... a man as has brought shame on respectable folks... an' pretended to be such a friend t' everybody.... Poor Adam there... a fine friend he's been t' Adam, making speeches an' talking so fine, an' all the while poisoning the lad's life, as it's much if he can stay i' this country any more nor we can.”"
q01961,,0.00,unresolved,1813,"“An' you t' ha' to go into court, and own you're akin t' her,”"
q01962,,0.00,unresolved,1813,"“Why, they'll cast it up to the little un, as isn't four 'ear old, some day—they'll cast it up t' her as she'd a cousin tried at the 'sizes for murder.”"
q01963,,0.00,unresolved,1814,"“It'll be their own wickedness, then,”"
q01964,,0.00,unresolved,1814,"“But there's One above 'ull take care o' the innicent child, else it's but little truth they tell us at church. It'll be harder nor ever to die an' leave the little uns, an' nobody to be a mother to 'em.”"
q01965,Adam,0.97,after-name-verb,1815,"“We'd better ha' sent for Dinah, if we'd known where she is,”"
q01966,Dinah,0.96,before-name-verb,1815,“but Adam said she'd left no direction where she'd be at Leeds.”
q01967,Seth Bede,0.98,after-verb-name,1816,"“Why, she'd be wi' that woman as was a friend t' her Aunt Judith,”"
q01968,Seth Bede,0.91,same-paragraph,1816,"“I've often heard Dinah talk of her, but I can't remember what name she called her by. But there's Seth Bede; he's like enough to know, for she's a preaching woman as the Methodists think a deal on.”"
q01969,Seth,0.91,same-paragraph,1817,"“I'll send to Seth,”"
q01970,Seth,0.96,before-name-verb,1817,"“I'll send Alick to tell him to come, or else to send up word o' the woman's name, an' thee canst write a letter ready to send off to Treddles'on as soon as we can make out a direction.”"
q01971,,0.00,unresolved,1818,"“It's poor work writing letters when you want folks to come to you i' trouble,”"
q01972,,0.00,unresolved,1818,"“Happen it'll be ever so long on the road, an' never reach her at last.”"
q01973,Dinah,0.96,before-name-verb,1819,"“Eh, there's no comfort for us i' this world any more, wi'out thee couldst get Dinah Morris to come to us, as she did when my old man died. I'd like her to come in an' take me by th' hand again, an' talk to me. She'd tell me the rights on't, belike—she'd happen know some good i' all this trouble an' heart-break comin' upo' that poor lad, as ne'er done a bit o' wrong in's life, but war better nor anybody else's son, pick the country round. Eh, my lad... Adam, my poor lad!”"
q01974,Seth,0.98,after-verb-name,1820,"“Thee wouldstna like me to leave thee, to go and fetch Dinah?”"
q01975,Lisbeth,0.98,after-verb-name,1821,“Fetch her?”
q01976,Lisbeth,0.91,same-paragraph,1821,"“Why, what place is't she's at, do they say?”"
q01977,,0.00,unresolved,1822,"“It's a good way off, mother—Leeds, a big town. But I could be back in three days, if thee couldst spare me.”"
q01978,,0.00,unresolved,1823,"“Nay, nay, I canna spare thee. Thee must go an' see thy brother, an' bring me word what he's a-doin'. Mester Irwine said he'd come an' tell me, but I canna make out so well what it means when he tells me. Thee must go thysen, sin' Adam wonna let me go to him. Write a letter to Dinah canstna? Thee't fond enough o' writin' when nobody wants thee.”"
q01979,Seth,0.98,after-verb-name,1824,"“I'm not sure where she'd be i' that big town,”"
q01980,Seth,0.94,before-verb-name,1824,"“If I'd gone myself, I could ha' found out by asking the members o' the Society. But perhaps if I put Sarah Williamson, Methodist preacher, Leeds, o' th' outside, it might get to her; for most like she'd be wi' Sarah Williamson.”"
q01981,Bartle,0.91,same-paragraph,1828,"“Well, Bartle?”"
q01982,Bartle,0.96,before-name-verb,1828,“Sit down.”
q01983,Bartle,0.98,after-verb-name,1829,"“You know what I'm come about as well as I do, sir, I daresay,”"
q01984,,0.00,unresolved,1830,“You wish to know the truth about the sad news that has reached you... about Hetty Sorrel?”
q01985,,0.00,unresolved,1831,"“Nay, sir, what I wish to know is about Adam Bede. I understand you left him at Stoniton, and I beg the favour of you to tell me what's the state of the poor lad's mind, and what he means to do. For as for that bit o' pink-and-white they've taken the trouble to put in jail, I don't value her a rotten nut—not a rotten nut—only for the harm or good that may come out of her to an honest man—a lad I've set such store by—trusted to, that he'd make my bit o' knowledge go a good way in the world.... Why, sir, he's the only scholar I've had in this stupid country that ever had the will or the head-piece for mathematics. If he hadn't had so much hard work to do, poor fellow, he might have gone into the higher branches, and then this might never have happened—might never have happened.”"
q01986,,0.00,unresolved,1833,"“You'll excuse me, sir,”"
q01987,,0.00,unresolved,1833,"“for running on in this way about my own feelings, like that foolish dog of mine howling in a storm, when there's nobody wants to listen to me. I came to hear you speak, not to talk myself—if you'll take the trouble to tell me what the poor lad's doing.”"
q01988,Bartle,0.91,same-paragraph,1834,"“Don't put yourself under any restraint, Bartle,”"
q01989,Bartle,0.96,before-name-verb,1834,"“The fact is, I'm very much in the same condition as you just now; I've a great deal that's painful on my mind, and I find it hard work to be quite silent about my own feelings and only attend to others. I share your concern for Adam, though he is not the only one whose sufferings I care for in this affair. He intends to remain at Stoniton till after the trial: it will come on probably a week to-morrow. He has taken a room there, and I encouraged him to do so, because I think it better he should be away from his own home at present; and, poor fellow, he still believes Hetty is innocent—he wants to summon up courage to see her if he can; he is unwilling to leave the spot where she is.”"
q01990,Bartle,0.98,after-verb-name,1835,"“Do you think the creatur's guilty, then?”"
q01991,Bartle,0.94,before-verb-name,1835,“Do you think they'll hang her?”
q01992,Bartle,0.78,neighbor-continuation,1836,"“I'm afraid it will go hard with her. The evidence is very strong. And one bad symptom is that she denies everything—denies that she has had a child in the face of the most positive evidence. I saw her myself, and she was obstinately silent to me; she shrank up like a frightened animal when she saw me. I was never so shocked in my life as at the change in her. But I trust that, in the worst case, we may obtain a pardon for the sake of the innocent who are involved.”"
q01993,Bartle,0.98,after-verb-name,1837,“Stuff and nonsense!”
q01994,Bartle,0.97,after-name-verb,1837,"“I beg your pardon, sir, I mean it's stuff and nonsense for the innocent to care about her being hanged. For my own part, I think the sooner such women are put out o' the world the better; and the men that help 'em to do mischief had better go along with 'em for that matter. What good will you do by keeping such vermin alive, eating the victual that 'ud feed rational beings? But if Adam's fool enough to care about it, I don't want him to suffer more than's needful.... Is he very much cut up, poor fellow?”"
q01995,,0.00,unresolved,1838,"“Yes, I'm afraid the grief cuts very deep,”"
q01996,,0.00,unresolved,1838,"“He looks terribly shattered, and a certain violence came over him now and then yesterday, which made me wish I could have remained near him. But I shall go to Stoniton again to-morrow, and I have confidence enough in the strength of Adam's principle to trust that he will be able to endure the worst without being driven to anything rash.”"
q01997,,0.00,unresolved,1840,"“I'll tell you what I have in my head, sir,”"
q01998,,0.00,unresolved,1840,"“and I hope you'll approve of it. I'm going to shut up my school—if the scholars come, they must go back again, that's all—and I shall go to Stoniton and look after Adam till this business is over. I'll pretend I'm come to look on at the assizes; he can't object to that. What do you think about it, sir?”"
q01999,,0.00,unresolved,1841,"“Well,”"
q02000,,0.00,unresolved,1841,"“there would be some real advantages in that... and I honour you for your friendship towards him, Bartle. But... you must be careful what you say to him, you know. I'm afraid you have too little fellow-feeling in what you consider his weakness about Hetty.”"
q02001,,0.00,unresolved,1842,"“Trust to me, sir—trust to me. I know what you mean. I've been a fool myself in my time, but that's between you and me. I shan't thrust myself on him only keep my eye on him, and see that he gets some good food, and put in a word here and there.”"
q02002,,0.00,unresolved,1843,"“Then,”"
q02003,,0.00,unresolved,1843,“I think you'll be doing a good deed; and it will be well for you to let Adam's mother and brother know that you're going.”
q02004,Bartle,0.98,after-verb-name,1844,"“Yes, sir, yes,”"
q02005,Bartle,0.94,before-verb-name,1844,"“I'll do that, I'll do that; though the mother's a whimpering thing—I don't like to come within earshot of her; however, she's a straight-backed, clean woman, none of your slatterns. I wish you good-bye, sir, and thank you for the time you've spared me. You're everybody's friend in this business—everybody's friend. It's a heavy weight you've got on your shoulders.”"
q02006,,0.00,unresolved,1845,"“Good-bye, Bartle, till we meet at Stoniton, as I daresay we shall.”"
q02007,,0.00,unresolved,1846,"“Now, I shall be obliged to take you with me, you good-for-nothing woman. You'd go fretting yourself to death if I left you—you know you would, and perhaps get snapped up by some tramp. And you'll be running into bad company, I expect, putting your nose in every hole and corner where you've no business! But if you do anything disgraceful, I'll disown you—mind that, madam, mind that!”"
q02008,Bartle Massey,0.98,after-verb-name,1850,"“There he is,”"
q02009,Bartle,0.98,after-verb-name,1852,"“I'm late, Adam,”"
q02010,Adam,0.96,before-name-verb,1852,"“but I was later in setting off from Broxton than I intended to be, and I have been incessantly occupied since I arrived. I have done everything now, however—everything that can be done to-night, at least. Let us all sit down.”"
q02011,Adam,0.98,after-verb-name,1854,"“Have you seen her, sir?”"
q02012,,0.00,unresolved,1855,"“Yes, Adam; I and the chaplain have both been with her this evening.”"
q02013,,0.00,unresolved,1856,"“Did you ask her, sir... did you say anything about me?”"
q02014,,0.00,unresolved,1857,"“Yes,”"
q02015,,0.00,unresolved,1857,"“I spoke of you. I said you wished to see her before the trial, if she consented.”"
q02016,,0.00,unresolved,1859,"“You know she shrinks from seeing any one, Adam. It is not only you—some fatal influence seems to have shut up her heart against her fellow-creatures. She has scarcely said anything more than ‘No' either to me or the chaplain. Three or four days ago, before you were mentioned to her, when I asked her if there was any one of her family whom she would like to see—to whom she could open her mind—she said, with a violent shudder, ‘Tell them not to come near me—I won't see any of them.'”"
q02017,,0.00,unresolved,1860,"“I don't like to advise you against your own feelings, Adam, if they now urge you strongly to go and see her to-morrow morning, even without her consent. It is just possible, notwithstanding appearances to the contrary, that the interview might affect her favourably. But I grieve to say I have scarcely any hope of that. She didn't seem agitated when I mentioned your name; she only said ‘No,' in the same cold, obstinate way as usual. And if the meeting had no good effect on her, it would be pure, useless suffering to you—severe suffering, I fear. She is very much changed...”"
q02018,Adam,0.98,after-verb-name,1862,“Is he come back?”
q02019,,0.00,unresolved,1863,"“No, he is not,”"
q02020,,0.00,unresolved,1863,"“Lay down your hat, Adam, unless you like to walk out with me for a little fresh air. I fear you have not been out again to-day.”"
q02021,Adam,0.98,after-verb-name,1864,"“You needn't deceive me, sir,”"
q02022,Adam,0.91,same-paragraph,1864,"“You needn't be afraid of me. I only want justice. I want him to feel what she feels. It's his work... she was a child as it 'ud ha' gone t' anybody's heart to look at... I don't care what she's done... it was him brought her to it. And he shall know it... he shall feel it... if there's a just God, he shall feel what it is t' ha' brought a child like her to sin and misery.”"
q02023,Adam,0.91,same-paragraph,1865,"“I'm not deceiving you, Adam,”"
q02024,Adam,0.96,before-name-verb,1865,“Arthur Donnithorne is not come back—was not come back when I left. I have left a letter for him: he will know all as soon as he arrives.”
q02025,Adam,0.98,after-verb-name,1866,"“But you don't mind about it,”"
q02026,Adam,0.94,before-verb-name,1866,"“You think it doesn't matter as she lies there in shame and misery, and he knows nothing about it—he suffers nothing.”"
q02027,,0.00,unresolved,1867,"“Adam, he will know—he will suffer, long and bitterly. He has a heart and a conscience: I can't be entirely deceived in his character. I am convinced—I am sure he didn't fall under temptation without a struggle. He may be weak, but he is not callous, not coldly selfish. I am persuaded that this will be a shock of which he will feel the effects all his life. Why do you crave vengeance in this way? No amount of torture that you could inflict on him could benefit her.”"
q02028,,0.00,unresolved,1868,"“No—O God, no,”"
q02029,,0.00,unresolved,1868,"“but then, that's the deepest curse of all... that's what makes the blackness of it... it can never be undone. My poor Hetty... she can never be my sweet Hetty again... the prettiest thing God had made—smiling up at me... I thought she loved me... and was good...”"
q02030,Adam,0.96,before-name-verb,1869,"“But she isn't as guilty as they say? You don't think she is, sir? She can't ha' done it.”"
q02031,,0.00,unresolved,1870,"“That perhaps can never be known with certainty, Adam,”"
q02032,,0.00,unresolved,1870,"“In these cases we sometimes form our judgment on what seems to us strong evidence, and yet, for want of knowing some small fact, our judgment is wrong. But suppose the worst: you have no right to say that the guilt of her crime lies with him, and that he ought to bear the punishment. It is not for us men to apportion the shares of moral guilt and retribution. We find it impossible to avoid mistakes even in determining who has committed a single criminal act, and the problem how far a man is to be held responsible for the unforeseen consequences of his own deed is one that might well make us tremble to look into it. The evil consequences that may lie folded in a single act of selfish indulgence is a thought so awful that it ought surely to awaken some feeling less presumptuous than a rash desire to punish. You have a mind that can understand this fully, Adam, when you are calm. Don't suppose I can't enter into the anguish that drives you into this state of revengeful hatred. But think of this: if you were to obey your passion—for it is passion, and you deceive yourself in calling it justice—it might be with you precisely as it has been with Arthur; nay, worse; your passion might lead you yourself into a horrible crime.”"
q02033,Adam,0.98,after-verb-name,1871,"“No—not worse,”"
q02034,Adam,0.94,before-verb-name,1871,"“I don't believe it's worse—I'd sooner do it—I'd sooner do a wickedness as I could suffer for by myself than ha' brought her to do wickedness and then stand by and see 'em punish her while they let me alone; and all for a bit o' pleasure, as, if he'd had a man's heart in him, he'd ha' cut his hand off sooner than he'd ha' taken it. What if he didn't foresee what's happened? He foresaw enough; he'd no right to expect anything but harm and shame to her. And then he wanted to smooth it off wi' lies. No—there's plenty o' things folks are hanged for not half so hateful as that. Let a man do what he will, if he knows he's to bear the punishment himself, he isn't half so bad as a mean selfish coward as makes things easy t' himself and knows all the while the punishment 'll fall on somebody else.”"
q02035,Adam,0.78,neighbor-continuation,1872,"“There again you partly deceive yourself, Adam. There is no sort of wrong deed of which a man can bear the punishment alone; you can't isolate yourself and say that the evil which is in you shall not spread. Men's lives are as thoroughly blended with each other as the air they breathe: evil spreads as necessarily as disease. I know, I feel the terrible extent of suffering this sin of Arthur's has caused to others; but so does every sin cause suffering to others besides those who commit it. An act of vengeance on your part against Arthur would simply be another evil added to those we are suffering under: you could not bear the punishment alone; you would entail the worst sorrows on every one who loves you. You would have committed an act of blind fury that would leave all the present evils just as they were and add worse evils to them. You may tell me that you meditate no fatal act of vengeance, but the feeling in your mind is what gives birth to such actions, and as long as you indulge it, as long as you do not see that to fix your mind on Arthur's punishment is revenge, and not justice, you are in danger of being led on to the commission of some great wrong. Remember what you told me about your feelings after you had given that blow to Arthur in the Grove.”"
q02036,Adam,0.96,before-name-verb,1873,"“I've not asked about 'em at th' Hall Farm, sir. Is Mr. Poyser coming?”"
q02037,,0.00,unresolved,1874,"“He is come; he is in Stoniton to-night. But I could not advise him to see you, Adam. His own mind is in a very perturbed state, and it is best he should not see you till you are calmer.”"
q02038,,0.00,unresolved,1875,"“Is Dinah Morris come to 'em, sir? Seth said they'd sent for her.”"
q02039,,0.00,unresolved,1876,“No. Mr. Poyser tells me she was not come when he left. They're afraid the letter has not reached her. It seems they had no exact address.”
q02040,Adam,0.96,before-name-verb,1877,"“I wonder if Dinah 'ud ha' gone to see her. But perhaps the Poysers would ha' been sorely against it, since they won't come nigh her themselves. But I think she would, for the Methodists are great folks for going into the prisons; and Seth said he thought she would. She'd a very tender way with her, Dinah had; I wonder if she could ha' done any good. You never saw her, sir, did you?”"
q02041,Adam,0.78,neighbor-continuation,1878,"“Yes, I did. I had a conversation with her—she pleased me a good deal. And now you mention it, I wish she would come, for it is possible that a gentle mild woman like her might move Hetty to open her heart. The jail chaplain is rather harsh in his manner.”"
q02042,Adam,0.98,after-verb-name,1879,"“But it's o' no use if she doesn't come,”"
q02043,,0.00,unresolved,1880,"“If I'd thought of it earlier, I would have taken some measures for finding her out,”"
q02044,,0.00,unresolved,1880,"“but it's too late now, I fear... Well, Adam, I must go now. Try to get some rest to-night. God bless you. I'll see you early to-morrow morning.”"
q02045,,0.00,unresolved,1884,"“O God,”"
q02046,,0.00,unresolved,1884,"“and men have suffered like this before... and poor helpless young things have suffered like her.... Such a little while ago looking so happy and so pretty... kissing 'em all, her grandfather and all of 'em, and they wishing her luck.... O my poor, poor Hetty... dost think on it now?”"
q02047,Adam,0.96,before-name-verb,1886,"“I'm just come to look at you, my boy, for the folks are gone out of court for a bit.”"
q02048,,0.00,unresolved,1888,"“That's a thing never happened to me before,”"
q02049,,0.00,unresolved,1888,“to go out o' the door with my spectacles on. I clean forgot to take 'em off.”
q02050,,0.00,unresolved,1890,"“And now,”"
q02051,,0.00,unresolved,1890,"“I must see to your having a bit of the loaf, and some of that wine Mr. Irwine sent this morning. He'll be angry with me if you don't have it. Come, now,”"
q02052,,0.00,unresolved,1890,"“I must have a bit and a sup myself. Drink a drop with me, my lad—drink with me.”"
q02053,Adam,0.96,before-name-verb,1891,"“Tell me about it, Mr. Massey—tell me all about it. Was she there? Have they begun?”"
q02054,Adam,0.78,neighbor-continuation,1892,"“Yes, my boy, yes—it's taken all the time since I first went; but they're slow, they're slow; and there's the counsel they've got for her puts a spoke in the wheel whenever he can, and makes a deal to do with cross-examining the witnesses and quarrelling with the other lawyers. That's all he can do for the money they give him; and it's a big sum—it's a big sum. But he's a 'cute fellow, with an eye that 'ud pick the needles out of the hay in no time. If a man had got no feelings, it 'ud be as good as a demonstration to listen to what goes on in court; but a tender heart makes one stupid. I'd have given up figures for ever only to have had some good news to bring to you, my poor lad.”"
q02055,Adam,0.98,after-verb-name,1893,“But does it seem to be going against her?”
q02056,Adam,0.94,before-verb-name,1893,“Tell me what they've said. I must know it now—I must know what they have to bring against her.”
q02057,,0.00,unresolved,1894,"“Why, the chief evidence yet has been the doctors; all but Martin Poyser—poor Martin. Everybody in court felt for him—it was like one sob, the sound they made when he came down again. The worst was when they told him to look at the prisoner at the bar. It was hard work, poor fellow—it was hard work. Adam, my boy, the blow falls heavily on him as well as you; you must help poor Martin; you must show courage. Drink some wine now, and show me you mean to bear it like a man.”"
q02058,,0.00,unresolved,1896,"“Tell me how she looked,”"
q02059,,0.00,unresolved,1897,"“Frightened, very frightened, when they first brought her in; it was the first sight of the crowd and the judge, poor creatur. And there's a lot o' foolish women in fine clothes, with gewgaws all up their arms and feathers on their heads, sitting near the judge: they've dressed themselves out in that way, one 'ud think, to be scarecrows and warnings against any man ever meddling with a woman again. They put up their glasses, and stared and whispered. But after that she stood like a white image, staring down at her hands and seeming neither to hear nor see anything. And she's as white as a sheet. She didn't speak when they asked her if she'd plead ‘guilty' or ‘not guilty,' and they pleaded ‘not guilty' for her. But when she heard her uncle's name, there seemed to go a shiver right through her; and when they told him to look at her, she hung her head down, and cowered, and hid her face in her hands. He'd much ado to speak poor man, his voice trembled so. And the counsellors—who look as hard as nails mostly—I saw, spared him as much as they could. Mr. Irwine put himself near him and went with him out o' court. Ah, it's a great thing in a man's life to be able to stand by a neighbour and uphold him in such trouble as that.”"
q02060,Adam,0.98,after-verb-name,1898,"“God bless him, and you too, Mr. Massey,”"
q02061,Adam,0.78,neighbor-continuation,1899,"“Aye, aye, he's good metal; he gives the right ring when you try him, our parson does. A man o' sense—says no more than's needful. He's not one of those that think they can comfort you with chattering, as if folks who stand by and look on knew a deal better what the trouble was than those who have to bear it. I've had to do with such folks in my time—in the south, when I was in trouble myself. Mr. Irwine is to be a witness himself, by and by, on her side, you know, to speak to her character and bringing up.”"
q02062,Adam,0.98,after-verb-name,1900,“But the other evidence... does it go hard against her!”
q02063,Adam,0.94,before-verb-name,1900,"“What do you think, Mr. Massey? Tell me the truth.”"
q02064,Adam,0.78,neighbor-continuation,1901,"“Yes, my lad, yes. The truth is the best thing to tell. It must come at last. The doctors' evidence is heavy on her—is heavy. But she's gone on denying she's had a child from first to last. These poor silly women-things—they've not the sense to know it's no use denying what's proved. It'll make against her with the jury, I doubt, her being so obstinate: they may be less for recommending her to mercy, if the verdict's against her. But Mr. Irwine 'ull leave no stone unturned with the judge—you may rely upon that, Adam.”"
q02065,Adam,0.98,after-verb-name,1902,“Is there nobody to stand by her and seem to care for her in the court?”
q02066,Adam,0.78,neighbor-continuation,1903,"“There's the chaplain o' the jail sits near her, but he's a sharp ferrety-faced man—another sort o' flesh and blood to Mr. Irwine. They say the jail chaplains are mostly the fag-end o' the clergy.”"
q02067,Adam,0.98,after-verb-name,1904,"“There's one man as ought to be there,”"
q02068,,0.00,unresolved,1905,"“Mr. Massey,”"
q02069,,0.00,unresolved,1905,"“I'll go back with you. I'll go into court. It's cowardly of me to keep away. I'll stand by her—I'll own her—for all she's been deceitful. They oughtn't to cast her off—her own flesh and blood. We hand folks over to God's mercy, and show none ourselves. I used to be hard sometimes: I'll never be hard again. I'll go, Mr. Massey—I'll go with you.”"
q02070,Bartle,0.96,before-name-verb,1906,"“Take a bit, then, and another sup, Adam, for the love of me. See, I must stop and eat a morsel. Now, you take some.”"
q02071,,0.00,unresolved,1913,"“My name is Sarah Stone. I am a widow, and keep a small shop licensed to sell tobacco, snuff, and tea in Church Lane, Stoniton. The prisoner at the bar is the same young woman who came, looking ill and tired, with a basket on her arm, and asked for a lodging at my house on Saturday evening, the 27th of February. She had taken the house for a public, because there was a figure against the door. And when I said I didn't take in lodgers, the prisoner began to cry, and said she was too tired to go anywhere else, and she only wanted a bed for one night. And her prettiness, and her condition, and something respectable about her clothes and looks, and the trouble she seemed to be in made me as I couldn't find in my heart to send her away at once. I asked her to sit down, and gave her some tea, and asked her where she was going, and where her friends were. She said she was going home to her friends: they were farming folks a good way off, and she'd had a long journey that had cost her more money than she expected, so as she'd hardly any money left in her pocket, and was afraid of going where it would cost her much. She had been obliged to sell most of the things out of her basket, but she'd thankfully give a shilling for a bed. I saw no reason why I shouldn't take the young woman in for the night. I had only one room, but there were two beds in it, and I told her she might stay with me. I thought she'd been led wrong, and got into trouble, but if she was going to her friends, it would be a good work to keep her out of further harm.”"
q02072,,0.00,unresolved,1915,"“Those are the clothes. I made them myself, and had kept them by me ever since my last child was born. I took a deal of trouble both for the child and the mother. I couldn't help taking to the little thing and being anxious about it. I didn't send for a doctor, for there seemed no need. I told the mother in the day-time she must tell me the name of her friends, and where they lived, and let me write to them. She said, by and by she would write herself, but not to-day. She would have no nay, but she would get up and be dressed, in spite of everything I could say. She said she felt quite strong enough; and it was wonderful what spirit she showed. But I wasn't quite easy what I should do about her, and towards evening I made up my mind I'd go, after Meeting was over, and speak to our minister about it. I left the house about half-past eight o'clock. I didn't go out at the shop door, but at the back door, which opens into a narrow alley. I've only got the ground-floor of the house, and the kitchen and bedroom both look into the alley. I left the prisoner sitting up by the fire in the kitchen with the baby on her lap. She hadn't cried or seemed low at all, as she did the night before. I thought she had a strange look with her eyes, and she got a bit flushed towards evening. I was afraid of the fever, and I thought I'd call and ask an acquaintance of mine, an experienced woman, to come back with me when I went out. It was a very dark night. I didn't fasten the door behind me; there was no lock; it was a latch with a bolt inside, and when there was nobody in the house I always went out at the shop door. But I thought there was no danger in leaving it unfastened that little while. I was longer than I meant to be, for I had to wait for the woman that came back with me. It was an hour and a half before we got back, and when we went in, the candle was standing burning just as I left it, but the prisoner and the baby were both gone. She'd taken her cloak and bonnet, but she'd left the basket and the things in it.... I was dreadful frightened, and angry with her for going. I didn't go to give information, because I'd no thought she meant to do any harm, and I knew she had money in her pocket to buy her food and lodging. I didn't like to set the constable after her, for she'd a right to go from me if she liked.”"
q02073,,0.00,unresolved,1917,"“My name is John Olding. I am a labourer, and live at Tedd's Hole, two miles out of Stoniton. A week last Monday, towards one o'clock in the afternoon, I was going towards Hetton Coppice, and about a quarter of a mile from the coppice I saw the prisoner, in a red cloak, sitting under a bit of a haystack not far off the stile. She got up when she saw me, and seemed as if she'd be walking on the other way. It was a regular road through the fields, and nothing very uncommon to see a young woman there, but I took notice of her because she looked white and scared. I should have thought she was a beggar-woman, only for her good clothes. I thought she looked a bit crazy, but it was no business of mine. I stood and looked back after her, but she went right on while she was in sight. I had to go to the other side of the coppice to look after some stakes. There's a road right through it, and bits of openings here and there, where the trees have been cut down, and some of 'em not carried away. I didn't go straight along the road, but turned off towards the middle, and took a shorter way towards the spot I wanted to get to. I hadn't got far out of the road into one of the open places before I heard a strange cry. I thought it didn't come from any animal I knew, but I wasn't for stopping to look about just then. But it went on, and seemed so strange to me in that place, I couldn't help stopping to look. I began to think I might make some money of it, if it was a new thing. But I had hard work to tell which way it came from, and for a good while I kept looking up at the boughs. And then I thought it came from the ground; and there was a lot of timber-choppings lying about, and loose pieces of turf, and a trunk or two. And I looked about among them, but could find nothing, and at last the cry stopped. So I was for giving it up, and I went on about my business. But when I came back the same way pretty nigh an hour after, I couldn't help laying down my stakes to have another look. And just as I was stooping and laying down the stakes, I saw something odd and round and whitish lying on the ground under a nut-bush by the side of me. And I stooped down on hands and knees to pick it up. And I saw it was a little baby's hand.”"
q02074,,0.00,unresolved,1919,"“There was a lot of timber-choppings put together just where the ground went hollow, like, under the bush, and the hand came out from among them. But there was a hole left in one place and I could see down it and see the child's head; and I made haste and did away the turf and the choppings, and took out the child. It had got comfortable clothes on, but its body was cold, and I thought it must be dead. I made haste back with it out of the wood, and took it home to my wife. She said it was dead, and I'd better take it to the parish and tell the constable. And I said, ‘I'll lay my life it's that young woman's child as I met going to the coppice.' But she seemed to be gone clean out of sight. And I took the child on to Hetton parish and told the constable, and we went on to Justice Hardy. And then we went looking after the young woman till dark at night, and we went and gave information at Stoniton, as they might stop her. And the next morning, another constable came to me, to go with him to the spot where I found the child. And when we got there, there was the prisoner a-sitting against the bush where I found the child; and she cried out when she saw us, but she never offered to move. She'd got a big piece of bread on her lap.”"
q02075,,0.00,unresolved,1924,“Guilty.”
q02076,,0.00,unresolved,1926,“Hester Sorrel....”
q02077,,0.00,unresolved,1927,"“and then to be hanged by the neck till you be dead,”"
q02078,,0.00,unresolved,1929,“Poor Grandfather! I wish I could have got to him to be with him when he died. He might have felt or wished something at the last that I shall never know now. It was a lonely death.”
q02079,,0.00,unresolved,1937,"“Poor Grandfather! And he lies dead there. He was a young fellow once, coming into the estate and making his plans. So the world goes round! Aunt Lydia must feel very desolate, poor thing; but she shall be indulged as much as she indulges her fat Fido.”"
q02080,,0.00,unresolved,1939,"“Well, Mills, how is my aunt?”"
q02081,,0.00,unresolved,1942,"“Dear Aunt,”"
q02082,,0.00,unresolved,1942,"“your loss is the greatest of all, but you must tell me how to try and make it up to you all the rest of your life.”"
q02083,,0.00,unresolved,1943,"“It was so sudden and so dreadful, Arthur,”"
q02084,,0.00,unresolved,1944,"“Now, Aunt, I'll leave you for a quarter of an hour just to go to my own room, and then I shall come and give full attention to everything.”"
q02085,,0.00,unresolved,1945,"“My room is all ready for me, I suppose, Mills?”"
q02086,,0.00,unresolved,1946,"“Yes, sir, and there are letters for you; they are all laid on the writing-table in your dressing-room.”"
q02087,,0.00,unresolved,1948,“To be delivered as soon as he arrives.”
q02088,,0.00,unresolved,1949,"“I send this letter to meet you on your arrival, Arthur, because I may then be at Stoniton, whither I am called by the most painful duty it has ever been given me to perform, and it is right that you should know what I have to tell you without delay.”"
q02089,,0.00,unresolved,1949,“I will not attempt to add by one word of reproach to the retribution that is now falling on you: any other words that I could write at this moment must be weak and unmeaning by the side of those in which I must tell you the simple fact.”
q02090,,0.00,unresolved,1949,"“Hetty Sorrel is in prison, and will be tried on Friday for the crime of child-murder.”"
q02091,,0.00,unresolved,1953,"“Tell them I'm gone—gone to Stoniton,”"
q02092,,0.00,unresolved,1955,"“Can I get into the prison, if you please?”"
q02093,,0.00,unresolved,1957,"“I have seen you before,”"
q02094,,0.00,unresolved,1957,“Do you remember preaching on the village green at Hayslope in Loamshire?”
q02095,,0.00,unresolved,1958,"“Yes, sir, surely. Are you the gentleman that stayed to listen on horseback?”"
q02096,,0.00,unresolved,1959,“Yes. Why do you want to go into the prison?”
q02097,,0.00,unresolved,1960,"“I want to go to Hetty Sorrel, the young woman who has been condemned to death—and to stay with her, if I may be permitted. Have you power in the prison, sir?”"
q02098,,0.00,unresolved,1961,"“Yes; I am a magistrate, and can get admittance for you. But did you know this criminal, Hetty Sorrel?”"
q02099,,0.00,unresolved,1962,"“Yes, we are kin. My own aunt married her uncle, Martin Poyser. But I was away at Leeds, and didn't know of this great trouble in time to get here before to-day. I entreat you, sir, for the love of our heavenly Father, to let me go to her and stay with her.”"
q02100,,0.00,unresolved,1963,"“How did you know she was condemned to death, if you are only just come from Leeds?”"
q02101,,0.00,unresolved,1964,"“I have seen my uncle since the trial, sir. He is gone back to his home now, and the poor sinner is forsaken of all. I beseech you to get leave for me to be with her.”"
q02102,,0.00,unresolved,1965,"“What! Have you courage to stay all night in the prison? She is very sullen, and will scarcely make answer when she is spoken to.”"
q02103,,0.00,unresolved,1966,"“Oh, sir, it may please God to open her heart still. Don't let us delay.”"
q02104,,0.00,unresolved,1967,"“Come, then,”"
q02105,,0.00,unresolved,1967,“I know you have a key to unlock hearts.”
q02106,,0.00,unresolved,1969,"“The turnkey will take you to the prisoner's cell and leave you there for the night, if you desire it, but you can't have a light during the night—it is contrary to rules. My name is Colonel Townley: if I can help you in anything, ask the jailer for my address and come to me. I take some interest in this Hetty Sorrel, for the sake of that fine fellow, Adam Bede. I happened to see him at Hayslope the same evening I heard you preach, and recognized him in court to-day, ill as he looked.”"
q02107,,0.00,unresolved,1970,"“Ah, sir, can you tell me anything about him? Can you tell me where he lodges? For my poor uncle was too much weighed down with trouble to remember.”"
q02108,,0.00,unresolved,1971,"“Close by here. I inquired all about him of Mr. Irwine. He lodges over a tinman's shop, in the street on the right hand as you entered the prison. There is an old school-master with him. Now, good-bye: I wish you success.”"
q02109,,0.00,unresolved,1972,"“Farewell, sir. I am grateful to you.”"
q02110,,0.00,unresolved,1973,"“It'll be pretty nigh dark in the cell a'ready, but I can stop with my light a bit, if you like.”"
q02111,Dinah,0.98,after-verb-name,1974,"“Nay, friend, thank you,”"
q02112,Dinah,0.94,before-verb-name,1974,“I wish to go in alone.”
q02113,Dinah,0.98,after-verb-name,1975,"“As you like,”"
q02114,Hetty,0.96,before-name-verb,1976,“Hetty!”
q02115,,0.00,unresolved,1977,“Hetty... it's Dinah.”
q02116,,0.00,unresolved,1979,“Hetty... Dinah is come to you.”
q02117,,0.00,unresolved,1981,"“Don't you know me, Hetty? Don't you remember Dinah? Did you think I wouldn't come to you in trouble?”"
q02118,,0.00,unresolved,1983,"“I'm come to be with you, Hetty—not to leave you—to stay with you—to be your sister to the last.”"
q02119,Hetty,0.91,same-paragraph,1988,"“Hetty,”"
q02120,Hetty,0.96,before-name-verb,1988,“do you know who it is that sits by your side?”
q02121,Dinah,0.98,after-verb-name,1989,"“Yes,”"
q02122,Hetty,0.96,before-name-verb,1989,“it's Dinah.”
q02123,Hetty,0.78,neighbor-continuation,1990,"“And do you remember the time when we were at the Hall Farm together, and that night when I told you to be sure and think of me as a friend in trouble?”"
q02124,Hetty,0.98,after-verb-name,1991,"“Yes,”"
q02125,Hetty,0.96,before-name-verb,1991,“But you can do nothing for me. You can't make 'em do anything. They'll hang me o' Monday—it's Friday now.”
q02126,,0.00,unresolved,1993,"“No, Hetty, I can't save you from that death. But isn't the suffering less hard when you have somebody with you, that feels for you—that you can speak to, and say what's in your heart?... Yes, Hetty: you lean on me: you are glad to have me with you.”"
q02127,,0.00,unresolved,1994,"“You won't leave me, Dinah? You'll keep close to me?”"
q02128,,0.00,unresolved,1995,"“No, Hetty, I won't leave you. I'll stay with you to the last.... But, Hetty, there is some one else in this cell besides me, some one close to you.”"
q02129,Hetty,0.96,before-name-verb,1996,“Who?”
q02130,,0.00,unresolved,1997,"“Some one who has been with you through all your hours of sin and trouble—who has known every thought you have had—has seen where you went, where you lay down and rose up again, and all the deeds you have tried to hide in darkness. And on Monday, when I can't follow you—when my arms can't reach you—when death has parted us—He who is with us now, and knows all, will be with you then. It makes no difference—whether we live or die, we are in the presence of God.”"
q02131,,0.00,unresolved,1998,"“Oh, Dinah, won't nobody do anything for me? Will they hang me for certain?... I wouldn't mind if they'd let me live.”"
q02132,,0.00,unresolved,1999,"“My poor Hetty, death is very dreadful to you. I know it's dreadful. But if you had a friend to take care of you after death—in that other world—some one whose love is greater than mine—who can do everything?... If God our Father was your friend, and was willing to save you from sin and suffering, so as you should neither know wicked feelings nor pain again? If you could believe he loved you and would help you, as you believe I love you and will help you, it wouldn't be so hard to die on Monday, would it?”"
q02133,Hetty,0.97,after-name-verb,2000,"“But I can't know anything about it,”"
q02134,,0.00,unresolved,2001,"“Because, Hetty, you are shutting up your soul against him, by trying to hide the truth. God's love and mercy can overcome all things—our ignorance, and weakness, and all the burden of our past wickedness—all things but our wilful sin, sin that we cling to, and will not give up. You believe in my love and pity for you, Hetty, but if you had not let me come near you, if you wouldn't have looked at me or spoken to me, you'd have shut me out from helping you. I couldn't have made you feel my love; I couldn't have told you what I felt for you. Don't shut God's love out in that way, by clinging to sin.... He can't bless you while you have one falsehood in your soul; his pardoning mercy can't reach you until you open your heart to him, and say, ‘I have done this great wickedness; O God, save me, make me pure from sin.' While you cling to one sin and will not part with it, it must drag you down to misery after death, as it has dragged you to misery here in this world, my poor, poor Hetty. It is sin that brings dread, and darkness, and despair: there is light and blessedness for us as soon as we cast it off. God enters our souls then, and teaches us, and brings us strength and peace. Cast it off now, Hetty—now: confess the wickedness you have done—the sin you have been guilty of against your Heavenly Father. Let us kneel down together, for we are in the presence of God.”"
q02135,Dinah,0.96,before-name-verb,2002,"“Hetty, we are before God. He is waiting for you to tell the truth.”"
q02136,,0.00,unresolved,2004,“Dinah... help me... I can't feel anything like you...my heart is hard.”
q02137,,0.00,unresolved,2006,"“Jesus, thou present Saviour! Thou hast known the depths of all sorrow: thou hast entered that black darkness where God is not, and hast uttered the cry of the forsaken. Come Lord, and gather of the fruits of thy travail and thy pleading. Stretch forth thy hand, thou who art mighty to save to the uttermost, and rescue this lost one. She is clothed round with thick darkness. The fetters of her sin are upon her, and she cannot stir to come to thee. She can only feel her heart is hard, and she is helpless. She cries to me, thy weak creature.... Saviour! It is a blind cry to thee. Hear it! Pierce the darkness! Look upon her with thy face of love and sorrow that thou didst turn on him who denied thee, and melt her hard heart.”"
q02138,,0.00,unresolved,2007,"“See, Lord, I bring her, as they of old brought the sick and helpless, and thou didst heal them. I bear her on my arms and carry her before thee. Fear and trembling have taken hold on her, but she trembles only at the pain and death of the body. Breathe upon her thy life-giving Spirit, and put a new fear within her—the fear of her sin. Make her dread to keep the accursed thing within her soul. Make her feel the presence of the living God, who beholds all the past, to whom the darkness is as noonday; who is waiting now, at the eleventh hour, for her to turn to him, and confess her sin, and cry for mercy—now, before the night of death comes, and the moment of pardon is for ever fled, like yesterday that returneth not.”"
q02139,,0.00,unresolved,2008,"“Saviour! It is yet time—time to snatch this poor soul from everlasting darkness. I believe—I believe in thy infinite love. What is my love or my pleading? It is quenched in thine. I can only clasp her in my weak arms and urge her with my weak pity. Thou—thou wilt breathe on the dead soul, and it shall arise from the unanswering sleep of death.”"
q02140,,0.00,unresolved,2009,"“Yea, Lord, I see thee, coming through the darkness, coming, like the morning, with healing on thy wings. The marks of thy agony are upon thee—I see, I see thou art able and willing to save—thou wilt not let her perish for ever. Come, mighty Saviour! Let the dead hear thy voice. Let the eyes of the blind be opened. Let her see that God encompasses her. Let her tremble at nothing but at the sin that cuts her off from him. Melt the hard heart. Unseal the closed lips: make her cry with her whole soul, ‘Father, I have sinned.'...”"
q02141,,0.00,unresolved,2010,"“Dinah,”"
q02142,,0.00,unresolved,2010,“I will speak... I will tell... I won't hide it any more.”
q02143,Hetty,0.96,before-name-verb,2011,"“I did do it, Dinah... I buried it in the wood... the little baby... and it cried... I heard it cry... ever such a way off... all night... and I went back because it cried.”"
q02144,,0.00,unresolved,2013,"“But I thought perhaps it wouldn't die—there might somebody find it. I didn't kill it—I didn't kill it myself. I put it down there and covered it up, and when I came back it was gone.... It was because I was so very miserable, Dinah... I didn't know where to go... and I tried to kill myself before, and I couldn't. Oh, I tried so to drown myself in the pool, and I couldn't. I went to Windsor—I ran away—did you know? I went to find him, as he might take care of me; and he was gone; and then I didn't know what to do. I daredn't go back home again—I couldn't bear it. I couldn't have bore to look at anybody, for they'd have scorned me. I thought o' you sometimes, and thought I'd come to you, for I didn't think you'd be cross with me, and cry shame on me. I thought I could tell you. But then the other folks 'ud come to know it at last, and I couldn't bear that. It was partly thinking o' you made me come toward Stoniton; and, besides, I was so frightened at going wandering about till I was a beggar-woman, and had nothing; and sometimes it seemed as if I must go back to the farm sooner than that. Oh, it was so dreadful, Dinah... I was so miserable... I wished I'd never been born into this world. I should never like to go into the green fields again—I hated 'em so in my misery.”"
q02145,,0.00,unresolved,2015,"“And then I got to Stoniton, and I began to feel frightened that night, because I was so near home. And then the little baby was born, when I didn't expect it; and the thought came into my mind that I might get rid of it and go home again. The thought came all of a sudden, as I was lying in the bed, and it got stronger and stronger... I longed so to go back again... I couldn't bear being so lonely and coming to beg for want. And it gave me strength and resolution to get up and dress myself. I felt I must do it... I didn't know how... I thought I'd find a pool, if I could, like that other, in the corner of the field, in the dark. And when the woman went out, I felt as if I was strong enough to do anything... I thought I should get rid of all my misery, and go back home, and never let 'em know why I ran away. I put on my bonnet and shawl, and went out into the dark street, with the baby under my cloak; and I walked fast till I got into a street a good way off, and there was a public, and I got some warm stuff to drink and some bread. And I walked on and on, and I hardly felt the ground I trod on; and it got lighter, for there came the moon—oh, Dinah, it frightened me when it first looked at me out o' the clouds—it never looked so before; and I turned out of the road into the fields, for I was afraid o' meeting anybody with the moon shining on me. And I came to a haystack, where I thought I could lie down and keep myself warm all night. There was a place cut into it, where I could make me a bed, and I lay comfortable, and the baby was warm against me; and I must have gone to sleep for a good while, for when I woke it was morning, but not very light, and the baby was crying. And I saw a wood a little way off... I thought there'd perhaps be a ditch or a pond there... and it was so early I thought I could hide the child there, and get a long way off before folks was up. And then I thought I'd go home—I'd get rides in carts and go home and tell 'em I'd been to try and see for a place, and couldn't get one. I longed so for it, Dinah, I longed so to be safe at home. I don't know how I felt about the baby. I seemed to hate it—it was like a heavy weight hanging round my neck; and yet its crying went through me, and I daredn't look at its little hands and face. But I went on to the wood, and I walked about, but there was no water....”"
q02146,,0.00,unresolved,2017,"“I came to a place where there was lots of chips and turf, and I sat down on the trunk of a tree to think what I should do. And all of a sudden I saw a hole under the nut-tree, like a little grave. And it darted into me like lightning—I'd lay the baby there and cover it with the grass and the chips. I couldn't kill it any other way. And I'd done it in a minute; and, oh, it cried so, Dinah—I couldn't cover it quite up—I thought perhaps somebody 'ud come and take care of it, and then it wouldn't die. And I made haste out of the wood, but I could hear it crying all the while; and when I got out into the fields, it was as if I was held fast—I couldn't go away, for all I wanted so to go. And I sat against the haystack to watch if anybody 'ud come. I was very hungry, and I'd only a bit of bread left, but I couldn't go away. And after ever such a while—hours and hours—the man came—him in a smock-frock, and he looked at me so, I was frightened, and I made haste and went on. I thought he was going to the wood and would perhaps find the baby. And I went right on, till I came to a village, a long way off from the wood, and I was very sick, and faint, and hungry. I got something to eat there, and bought a loaf. But I was frightened to stay. I heard the baby crying, and thought the other folks heard it too—and I went on. But I was so tired, and it was getting towards dark. And at last, by the roadside there was a barn—ever such a way off any house—like the barn in Abbot's Close, and I thought I could go in there and hide myself among the hay and straw, and nobody 'ud be likely to come. I went in, and it was half full o' trusses of straw, and there was some hay too. And I made myself a bed, ever so far behind, where nobody could find me; and I was so tired and weak, I went to sleep.... But oh, the baby's crying kept waking me, and I thought that man as looked at me so was come and laying hold of me. But I must have slept a long while at last, though I didn't know, for when I got up and went out of the barn, I didn't know whether it was night or morning. But it was morning, for it kept getting lighter, and I turned back the way I'd come. I couldn't help it, Dinah; it was the baby's crying made me go—and yet I was frightened to death. I thought that man in the smock-frock 'ud see me and know I put the baby there. But I went on, for all that. I'd left off thinking about going home—it had gone out o' my mind. I saw nothing but that place in the wood where I'd buried the baby... I see it now. Oh Dinah! shall I allays see it?”"
q02147,,0.00,unresolved,2019,"“I met nobody, for it was very early, and I got into the wood.... I knew the way to the place... the place against the nut-tree; and I could hear it crying at every step.... I thought it was alive.... I don't know whether I was frightened or glad... I don't know what I felt. I only know I was in the wood and heard the cry. I don't know what I felt till I saw the baby was gone. And when I'd put it there, I thought I should like somebody to find it and save it from dying; but when I saw it was gone, I was struck like a stone, with fear. I never thought o' stirring, I felt so weak. I knew I couldn't run away, and everybody as saw me 'ud know about the baby. My heart went like a stone. I couldn't wish or try for anything; it seemed like as if I should stay there for ever, and nothing 'ud ever change. But they came and took me away.”"
q02148,,0.00,unresolved,2020,"“Dinah, do you think God will take away that crying and the place in the wood, now I've told everything?”"
q02149,,0.00,unresolved,2021,"“Let us pray, poor sinner. Let us fall on our knees again, and pray to the God of all mercy.”"
q02150,Adam,0.96,before-name-verb,2023,"“Adam, here's a visitor wants to see you.”"
q02151,,0.00,unresolved,2025,“Is it any news?”
q02152,Bartle,0.98,after-verb-name,2026,"“Keep yourself quiet, my lad,”"
q02153,Bartle,0.94,before-verb-name,2026,"“keep quiet. It's not what you're thinking of. It's the young Methodist woman come from the prison. She's at the bottom o' the stairs, and wants to know if you think well to see her, for she has something to say to you about that poor castaway; but she wouldn't come in without your leave, she said. She thought you'd perhaps like to go out and speak to her. These preaching women are not so back'ard commonly,”"
q02154,Adam,0.98,after-verb-name,2027,"“Ask her to come in,”"
q02155,Adam,0.78,neighbor-continuation,2028,"“Be comforted, Adam Bede, the Lord has not forsaken her.”"
q02156,Adam,0.97,after-name-verb,2029,"“Bless you for coming to her,”"
q02157,Adam,0.96,before-name-verb,2029,“Mr. Massey brought me word yesterday as you was come.”
q02158,Dinah,0.96,before-name-verb,2030,"“Sit down, young woman, sit down,”"
q02159,Dinah,0.98,after-verb-name,2031,"“Thank you, friend; I won't sit down,”"
q02160,Dinah,0.94,before-verb-name,2031,"“for I must hasten back. She entreated me not to stay long away. What I came for, Adam Bede, was to pray you to go and see the poor sinner and bid her farewell. She desires to ask your forgiveness, and it is meet you should see her to-day, rather than in the early morning, when the time will be short.”"
q02161,,0.00,unresolved,2033,"“It won't be,”"
q02162,,0.00,unresolved,2033,"“it'll be put off—there'll perhaps come a pardon. Mr. Irwine said there was hope. He said, I needn't quite give it up.”"
q02163,Dinah,0.98,after-verb-name,2034,"“That's a blessed thought to me,”"
q02164,Dinah,0.94,before-verb-name,2034,“It's a fearful thing hurrying her soul away so fast.”
q02165,,0.00,unresolved,2035,"“But let what will be,”"
q02166,,0.00,unresolved,2035,"“You will surely come, and let her speak the words that are in her heart. Although her poor soul is very dark and discerns little beyond the things of the flesh, she is no longer hard. She is contrite, she has confessed all to me. The pride of her heart has given way, and she leans on me for help and desires to be taught. This fills me with trust, for I cannot but think that the brethren sometimes err in measuring the Divine love by the sinner's knowledge. She is going to write a letter to the friends at the Hall Farm for me to give them when she is gone, and when I told her you were here, she said, ‘I should like to say good-bye to Adam and ask him to forgive me.' You will come, Adam? Perhaps you will even now come back with me.”"
q02167,Adam,0.97,after-name-verb,2036,"“I can't,”"
q02168,Adam,0.96,before-name-verb,2036,"“I can't say good-bye while there's any hope. I'm listening, and listening—I can't think o' nothing but that. It can't be as she'll die that shameful death—I can't bring my mind to it.”"
q02169,,0.00,unresolved,2038,"“I will come, Dinah... to-morrow morning... if it must be. I may have more strength to bear it, if I know it must be. Tell her, I forgive her; tell her I will come—at the very last.”"
q02170,Dinah,0.98,after-verb-name,2039,"“I will not urge you against the voice of your own heart,”"
q02171,Dinah,0.94,before-verb-name,2039,"“I must hasten back to her, for it is wonderful how she clings now, and was not willing to let me out of her sight. She used never to make any return to my affection before, but now tribulation has opened her heart. Farewell, Adam. Our heavenly Father comfort you and strengthen you to bear all things.”"
q02172,Bartle Massey,0.96,before-name-verb,2040,"“Farewell, friend,”"
q02173,Bartle,0.98,after-verb-name,2041,"“Well,”"
q02174,Bartle,0.91,same-paragraph,2041,"“if there must be women to make trouble in the world, it's but fair there should be women to be comforters under it; and she's one—she's one. It's a pity she's a Methodist; but there's no getting a woman without some foolishness or other.”"
q02175,Bartle,0.97,after-name-verb,2043,"“What does it matter to me, lad?”"
q02176,Bartle,0.96,before-name-verb,2043,"“a night's sleep more or less? I shall sleep long enough, by and by, underground. Let me keep thee company in trouble while I can.”"
q02177,,0.00,unresolved,2045,"“If I could ha' done anything to save her—if my bearing anything would ha' done any good... but t' have to sit still, and know it, and do nothing... it's hard for a man to bear... and to think o' what might ha' been now, if it hadn't been for him.... O God, it's the very day we should ha' been married.”"
q02178,Bartle,0.98,after-verb-name,2046,"“Aye, my lad,”"
q02179,Bartle,0.94,before-verb-name,2046,"“it's heavy—it's heavy. But you must remember this: when you thought of marrying her, you'd a notion she'd got another sort of a nature inside her. You didn't think she could have got hardened in that little while to do what she's done.”"
q02180,Adam,0.98,after-verb-name,2047,"“I know—I know that,”"
q02181,Adam,0.94,before-verb-name,2047,"“I thought she was loving and tender-hearted, and wouldn't tell a lie, or act deceitful. How could I think any other way? And if he'd never come near her, and I'd married her, and been loving to her, and took care of her, she might never ha' done anything bad. What would it ha' signified—my having a bit o' trouble with her? It 'ud ha' been nothing to this.”"
q02182,Adam,0.78,neighbor-continuation,2048,"“There's no knowing, my lad—there's no knowing what might have come. The smart's bad for you to bear now: you must have time—you must have time. But I've that opinion of you, that you'll rise above it all and be a man again, and there may good come out of this that we don't see.”"
q02183,Adam,0.98,after-verb-name,2049,“Good come out of it!”
q02184,Adam,0.94,before-verb-name,2049,"“That doesn't alter th' evil: her ruin can't be undone. I hate that talk o' people, as if there was a way o' making amends for everything. They'd more need be brought to see as the wrong they do can never be altered. When a man's spoiled his fellow-creatur's life, he's no right to comfort himself with thinking good may come out of it. Somebody else's good doesn't alter her shame and misery.”"
q02185,Bartle,0.98,after-verb-name,2050,"“Well, lad, well,”"
q02186,Bartle,0.91,same-paragraph,2050,"“it's likely enough I talk foolishness. I'm an old fellow, and it's a good many years since I was in trouble myself. It's easy finding reasons why other folks should be patient.”"
q02187,Adam,0.98,after-verb-name,2051,"“Mr. Massey,”"
q02188,Adam,0.94,before-verb-name,2051,“I'm very hot and hasty. I owe you something different; but you mustn't take it ill of me.”
q02189,,0.00,unresolved,2052,"“Not I, lad—not I.”"
q02190,Adam,0.98,after-verb-name,2054,"“Let us go to the prison now, Mr. Massey,”"
q02191,Adam,0.94,before-verb-name,2054,"“If there's any news come, we shall hear about it.”"
q02192,,0.00,unresolved,2058,“The cart is to set off at half-past seven.”
q02193,Dinah,0.97,after-name-verb,2065,"“Speak to him, Hetty,”"
q02194,Dinah,0.96,before-name-verb,2065,“tell him what is in your heart.”
q02195,,0.00,unresolved,2067,“Adam... I'm very sorry... I behaved very wrong to you... will you forgive me... before I die?”
q02196,Adam,0.96,before-name-verb,2068,"“Yes, I forgive thee Hetty. I forgave thee long ago.”"
q02197,Adam,0.96,before-name-verb,2070,"“Will you kiss me again, Adam, for all I've been so wicked?”"
q02198,Hetty,0.97,after-name-verb,2072,"“And tell him,”"
q02199,Hetty,0.96,before-name-verb,2072,“tell him... for there's nobody else to tell him... as I went after him and couldn't find him... and I hated him and cursed him once... but Dinah says I should forgive him... and I try... for else God won't forgive me.”
q02200,Dinah,0.97,after-name-verb,2078,"“Close your eyes, Hetty,”"
q02201,Dinah,0.96,before-name-verb,2078,“and let us pray without ceasing to God.”
q02202,Seth,0.91,same-paragraph,2088,"“Seth and me are sure to find work,”"
q02203,Seth,0.96,before-name-verb,2088,"“A man that's got our trade at his finger-ends is at home everywhere; and we must make a new start. My mother won't stand in the way, for she's told me, since I came home, she'd made up her mind to being buried in another parish, if I wished it, and if I'd be more comfortable elsewhere. It's wonderful how quiet she's been ever since I came back. It seems as if the very greatness o' the trouble had quieted and calmed her. We shall all be better in a new country, though there's some I shall be loath to leave behind. But I won't part from you and yours, if I can help it, Mr. Poyser. Trouble's made us kin.”"
q02204,Martin,0.98,after-verb-name,2089,"“Aye, lad,”"
q02205,Martin,0.94,before-verb-name,2089,"“We'll go out o' hearing o' that man's name. But I doubt we shall ne'er go far enough for folks not to find out as we've got them belonging to us as are transported o'er the seas, and were like to be hanged. We shall have that flyin' up in our faces, and our children's after us.”"
q02206,Adam,0.91,same-paragraph,2090,"“But to-morrow,”"
q02207,Adam,0.96,before-name-verb,2090,"“I'll go to work again. I shall learn to like it again some time, maybe; and it's right whether I like it or not.”"
q02208,,0.00,unresolved,2093,"“I'll go and see it again to-night for the last time,”"
q02209,,0.00,unresolved,2093,"“it'll do me good; it'll make me feel over again what I felt when I'd knocked him down. I felt what poor empty work it was, as soon as I'd done it, before I began to think he might be dead.”"
q02210,Adam,0.91,same-paragraph,2097,"“Adam,”"
q02211,Adam,0.96,before-name-verb,2097,"“it may be a good thing that we have met here, for I wished to see you. I should have asked to see you to-morrow.”"
q02212,,0.00,unresolved,2099,"“I know it is painful to you to meet me,”"
q02213,,0.00,unresolved,2099,“but it is not likely to happen again for years to come.”
q02214,Adam,0.98,after-verb-name,2100,"“No, sir,”"
q02215,Adam,0.94,before-verb-name,2100,"“that was what I meant to write to you to-morrow, as it would be better all dealings should be at an end between us, and somebody else put in my place.”"
q02216,,0.00,unresolved,2102,"“It was partly on that subject I wished to speak to you. I don't want to lessen your indignation against me, or ask you to do anything for my sake. I only wish to ask you if you will help me to lessen the evil consequences of the past, which is unchangeable. I don't mean consequences to myself, but to others. It is but little I can do, I know. I know the worst consequences will remain; but something may be done, and you can help me. Will you listen to me patiently?”"
q02217,Adam,0.98,after-verb-name,2103,"“Yes, sir,”"
q02218,Adam,0.94,before-verb-name,2103,"“I'll hear what it is. If I can help to mend anything, I will. Anger 'ull mend nothing, I know. We've had enough o' that.”"
q02219,,0.00,unresolved,2104,"“I was going to the Hermitage,”"
q02220,,0.00,unresolved,2104,“Will you go there with me and sit down? We can talk better there.”
q02221,,0.00,unresolved,2106,"“I'm going away, Adam; I'm going into the army.”"
q02222,,0.00,unresolved,2108,"“What I want to say to you,”"
q02223,,0.00,unresolved,2108,"“is this: one of my reasons for going away is that no one else may leave Hayslope—may leave their home on my account. I would do anything, there is no sacrifice I would not make, to prevent any further injury to others through my—through what has happened.”"
q02224,,0.00,unresolved,2109,"“The time's past for that, sir. A man should make sacrifices to keep clear of doing a wrong; sacrifices won't undo it when it's done. When people's feelings have got a deadly wound, they can't be cured with favours.”"
q02225,,0.00,unresolved,2110,“Favours!”
q02226,,0.00,unresolved,2110,"“no; how can you suppose I meant that? But the Poysers—Mr. Irwine tells me the Poysers mean to leave the place where they have lived so many years—for generations. Don't you see, as Mr. Irwine does, that if they could be persuaded to overcome the feeling that drives them away, it would be much better for them in the end to remain on the old spot, among the friends and neighbours who know them?”"
q02227,Adam,0.98,after-verb-name,2111,"“That's true,”"
q02228,Adam,0.94,before-verb-name,2111,"“But then, sir, folks's feelings are not so easily overcome. It'll be hard for Martin Poyser to go to a strange place, among strange faces, when he's been bred up on the Hall Farm, and his father before him; but then it 'ud be harder for a man with his feelings to stay. I don't see how the thing's to be made any other than hard. There's a sort o' damage, sir, that can't be made up for.”"
q02229,Adam,0.96,before-name-verb,2112,"“But people may make injuries worse by unreasonable conduct—by giving way to anger and satisfying that for the moment, instead of thinking what will be the effect in the future.”"
q02230,,0.00,unresolved,2113,"“If I were going to stay here and act as landlord,”"
q02231,,0.00,unresolved,2113,"“if I were careless about what I've done—what I've been the cause of, you would have some excuse, Adam, for going away and encouraging others to go. You would have some excuse then for trying to make the evil worse. But when I tell you I'm going away for years—when you know what that means for me, how it cuts off every plan of happiness I've ever formed—it is impossible for a sensible man like you to believe that there is any real ground for the Poysers refusing to remain. I know their feeling about disgrace—Mr. Irwine has told me all; but he is of opinion that they might be persuaded out of this idea that they are disgraced in the eyes of their neighbours, and that they can't remain on my estate, if you would join him in his efforts—if you would stay yourself and go on managing the old woods.”"
q02232,,0.00,unresolved,2114,"“You know that's a good work to do for the sake of other people, besides the owner. And you don't know but that they may have a better owner soon, whom you will like to work for. If I die, my cousin Tradgett will have the estate and take my name. He is a good fellow.”"
q02233,,0.00,unresolved,2116,"“And then, if you would talk to the Poysers—if you would talk the matter over with Mr. Irwine—he means to see you to-morrow—and then if you would join your arguments to his to prevail on them not to go.... I know, of course, that they would not accept any favour from me—I mean nothing of that kind—but I'm sure they would suffer less in the end. Irwine thinks so too. And Mr. Irwine is to have the chief authority on the estate—he has consented to undertake that. They will really be under no man but one whom they respect and like. It would be the same with you, Adam, and it could be nothing but a desire to give me worse pain that could incline you to go.”"
q02234,,0.00,unresolved,2117,"“I wouldn't act so towards you, I know. If you were in my place and I in yours, I should try to help you to do the best.”"
q02235,,0.00,unresolved,2118,"“Perhaps you've never done anything you've had bitterly to repent of in your life, Adam; if you had, you would be more generous. You would know then that it's worse for me than for you.”"
q02236,,0.00,unresolved,2120,“Haven't I loved her too? Didn't I see her yesterday? Shan't I carry the thought of her about with me as much as you will? And don't you think you would suffer more if you'd been in fault?”
q02237,,0.00,unresolved,2122,"“It's true what you say, sir. I'm hard—it's in my nature. I was too hard with my father, for doing wrong. I've been a bit hard t' everybody but her. I felt as if nobody pitied her enough—her suffering cut into me so; and when I thought the folks at the farm were too hard with her, I said I'd never be hard to anybody myself again. But feeling overmuch about her has perhaps made me unfair to you. I've known what it is in my life to repent and feel it's too late. I felt I'd been too harsh to my father when he was gone from me—I feel it now, when I think of him. I've no right to be hard towards them as have done wrong and repent.”"
q02238,,0.00,unresolved,2124,"“I wouldn't shake hands with you once, sir, when you asked me—but if you're willing to do it now, for all I refused then...”"
q02239,,0.00,unresolved,2126,"“Adam,”"
q02240,,0.00,unresolved,2126,"“it would never have happened if I'd known you loved her. That would have helped to save me from it. And I did struggle: I never meant to injure her. I deceived you afterwards—and that led on to worse; but I thought it was forced upon me, I thought it was the best thing I could do. And in that letter I told her to let me know if she were in any trouble: don't think I would not have done everything I could. But I was all wrong from the very first, and horrible wrong has come of it. God knows, I'd give my life if I could undo it.”"
q02241,Adam,0.96,before-name-verb,2127,"“How did she seem when you left her, sir?”"
q02242,,0.00,unresolved,2128,"“Don't ask me, Adam,”"
q02243,,0.00,unresolved,2128,"“I feel sometimes as if I should go mad with thinking of her looks and what she said to me, and then, that I couldn't get a full pardon—that I couldn't save her from that wretched fate of being transported—that I can do nothing for her all those years; and she may die under it, and never know comfort any more.”"
q02244,Adam,0.98,after-verb-name,2129,"“Ah, sir,”"
q02245,Adam,0.91,same-paragraph,2129,"“you and me'll often be thinking o' the same thing, when we're a long way off one another. I'll pray God to help you, as I pray him to help me.”"
q02246,Adam,0.98,after-verb-name,2130,"“But there's that sweet woman—that Dinah Morris,”"
q02247,Adam,0.91,same-paragraph,2130,"“she says she shall stay with her to the very last moment—till she goes; and the poor thing clings to her as if she found some comfort in her. I could worship that woman; I don't know what I should do if she were not there. Adam, you will see her when she comes back. I could say nothing to her yesterday—nothing of what I felt towards her. Tell her,”"
q02248,Adam,0.91,same-paragraph,2130,"“tell her I asked you to give her this in remembrance of me—of the man to whom she is the one source of comfort, when he thinks of... I know she doesn't care about such things—or anything else I can give her for its own sake. But she will use the watch—I shall like to think of her using it.”"
q02249,Adam,0.97,after-name-verb,2131,"“I'll give it to her, sir,”"
q02250,Adam,0.96,before-name-verb,2131,“and tell her your words. She told me she should come back to the people at the Hall Farm.”
q02251,Adam,0.91,same-paragraph,2132,"“And you will persuade the Poysers to stay, Adam?”"
q02252,Adam,0.96,before-name-verb,2132,"“You will stay yourself, and help Mr. Irwine to carry out the repairs and improvements on the estate?”"
q02253,Adam,0.98,after-verb-name,2133,"“There's one thing, sir, that perhaps you don't take account of,”"
q02254,Adam,0.94,before-verb-name,2133,"“and that was what made me hang back longer. You see, it's the same with both me and the Poysers: if we stay, it's for our own worldly interest, and it looks as if we'd put up with anything for the sake o' that. I know that's what they'll feel, and I can't help feeling a little of it myself. When folks have got an honourable independent spirit, they don't like to do anything that might make 'em seem base-minded.”"
q02255,Adam,0.78,neighbor-continuation,2134,"“But no one who knows you will think that, Adam. That is not a reason strong enough against a course that is really more generous, more unselfish than the other. And it will be known—it shall be made known, that both you and the Poysers stayed at my entreaty. Adam, don't try to make things worse for me; I'm punished enough without that.”"
q02256,Adam,0.97,after-name-verb,2135,"“No, sir, no,”"
q02257,Adam,0.96,before-name-verb,2135,"“God forbid I should make things worse for you. I used to wish I could do it, in my passion—but that was when I thought you didn't feel enough. I'll stay, sir, I'll do the best I can. It's all I've got to think of now—to do my work well and make the world a bit better place for them as can enjoy it.”"
q02258,Adam,0.78,neighbor-continuation,2136,"“Then we'll part now, Adam. You will see Mr. Irwine to-morrow, and consult with him about everything.”"
q02259,Adam,0.98,after-verb-name,2137,"“Are you going soon, sir?”"
q02260,,0.00,unresolved,2138,"“As soon as possible—after I've made the necessary arrangements. Good-bye, Adam. I shall think of you going about the old place.”"
q02261,,0.00,unresolved,2139,"“Good-bye, sir. God bless you.”"
q02262,,0.00,unresolved,2145,"“Baby,”"
q02263,,0.00,unresolved,2146,"“I never saw the like to you, Dinah,”"
q02264,,0.00,unresolved,2146,"“when you've once took anything into your head: there's no more moving you than the rooted tree. You may say what you like, but I don't believe that's religion; for what's the Sermon on the Mount about, as you're so fond o' reading to the boys, but doing what other folks 'ud have you do? But if it was anything unreasonable they wanted you to do, like taking your cloak off and giving it to 'em, or letting 'em slap you i' the face, I daresay you'd be ready enough. It's only when one 'ud have you do what's plain common sense and good for yourself, as you're obstinate th' other way.”"
q02265,Dinah,0.98,after-verb-name,2147,"“Nay, dear Aunt,”"
q02266,Dinah,0.96,before-name-verb,2147,“I'm sure your wish 'ud be a reason for me to do anything that I didn't feel it was wrong to do.”
q02267,Dinah,0.78,neighbor-continuation,2148,"“Wrong! You drive me past bearing. What is there wrong, I should like to know, i' staying along wi' your own friends, as are th' happier for having you with 'em an' are willing to provide for you, even if your work didn't more nor pay 'em for the bit o' sparrow's victual y' eat and the bit o' rag you put on? An' who is it, I should like to know, as you're bound t' help and comfort i' the world more nor your own flesh and blood—an' me th' only aunt you've got above-ground, an' am brought to the brink o' the grave welly every winter as comes, an' there's the child as sits beside you 'ull break her little heart when you go, an' the grandfather not been dead a twelvemonth, an' your uncle 'ull miss you so as never was—a-lighting his pipe an' waiting on him, an' now I can trust you wi' the butter, an' have had all the trouble o' teaching you, and there's all the sewing to be done, an' I must have a strange gell out o' Treddles'on to do it—an' all because you must go back to that bare heap o' stones as the very crows fly over an' won't stop at.”"
q02268,Dinah,0.98,after-verb-name,2149,"“Dear Aunt Rachel,”"
q02269,Dinah,0.91,same-paragraph,2149,"“it's your kindness makes you say I'm useful to you. You don't really want me now, for Nancy and Molly are clever at their work, and you're in good health now, by the blessing of God, and my uncle is of a cheerful countenance again, and you have neighbours and friends not a few—some of them come to sit with my uncle almost daily. Indeed, you will not miss me; and at Snowfield there are brethren and sisters in great need, who have none of those comforts you have around you. I feel that I am called back to those amongst whom my lot was first cast. I feel drawn again towards the hills where I used to be blessed in carrying the word of life to the sinful and desolate.”"
q02270,,0.00,unresolved,2150,"“You feel! Yes,”"
q02271,,0.00,unresolved,2150,"“that's allays the reason I'm to sit down wi', when you've a mind to do anything contrairy. What do you want to be preaching for more than you're preaching now? Don't you go off, the Lord knows where, every Sunday a-preaching and praying? An' haven't you got Methodists enow at Treddles'on to go and look at, if church-folks's faces are too handsome to please you? An' isn't there them i' this parish as you've got under hand, and they're like enough to make friends wi' Old Harry again as soon as your back's turned? There's that Bessy Cranage—she'll be flaunting i' new finery three weeks after you're gone, I'll be bound. She'll no more go on in her new ways without you than a dog 'ull stand on its hind-legs when there's nobody looking. But I suppose it doesna matter so much about folks's souls i' this country, else you'd be for staying with your own aunt, for she's none so good but what you might help her to be better.”"
q02272,,0.00,unresolved,2151,"“See there! It's tea-time; an' if Martin's i' the rick-yard, he'll like a cup. Here, Totty, my chicken, let mother put your bonnet on, and then you go out into the rick-yard and see if Father's there, and tell him he mustn't go away again without coming t' have a cup o' tea; and tell your brothers to come in too.”"
q02273,Molly,0.91,same-paragraph,2153,"“You talk o' them gells Nancy and Molly being clever i' their work,”"
q02274,Molly,0.96,before-name-verb,2153,"“it's fine talking. They're all the same, clever or stupid—one can't trust 'em out o' one's sight a minute. They want somebody's eye on 'em constant if they're to be kept to their work. An' suppose I'm ill again this winter, as I was the winter before last? Who's to look after 'em then, if you're gone? An' there's that blessed child—something's sure t' happen to her—they'll let her tumble into the fire, or get at the kettle wi' the boiling lard in't, or some mischief as 'ull lame her for life; an' it'll be all your fault, Dinah.”"
q02275,Dinah,0.98,after-verb-name,2154,"“Aunt,”"
q02276,Dinah,0.94,before-verb-name,2154,"“I promise to come back to you in the winter if you're ill. Don't think I will ever stay away from you if you're in real want of me. But, indeed, it is needful for my own soul that I should go away from this life of ease and luxury in which I have all things too richly to enjoy—at least that I should go away for a short space. No one can know but myself what are my inward needs, and the besetments I am most in danger from. Your wish for me to stay is not a call of duty which I refuse to hearken to because it is against my own desires; it is a temptation that I must resist, lest the love of the creature should become like a mist in my soul shutting out the heavenly light.”"
q02277,,0.00,unresolved,2155,"“It passes my cunning to know what you mean by ease and luxury,”"
q02278,,0.00,unresolved,2155,"“It's true there's good victual enough about you, as nobody shall ever say I don't provide enough and to spare, but if there's ever a bit o' odds an' ends as nobody else 'ud eat, you're sure to pick it out... but look there! There's Adam Bede a-carrying the little un in. I wonder how it is he's come so early.”"
q02279,,0.00,unresolved,2157,"“Oh for shame, Totty! Little gells o' five year old should be ashamed to be carried. Why, Adam, she'll break your arm, such a big gell as that; set her down—for shame!”"
q02280,Adam,0.98,after-verb-name,2158,"“Nay, nay,”"
q02281,Adam,0.94,before-verb-name,2158,“I can lift her with my hand—I've no need to take my arm to it.”
q02282,Adam,0.98,after-verb-name,2160,"“You're surprised to see me at this hour o' the day,”"
q02283,,0.00,unresolved,2161,"“Yes, but come in,”"
q02284,,0.00,unresolved,2161,"“there's no bad news, I hope?”"
q02285,Dinah,0.98,after-verb-name,2162,"“No, nothing bad,”"
q02286,Adam,0.98,after-verb-name,2163,"“It's an errand to you brought me, Dinah,”"
q02287,Dinah,0.96,before-name-verb,2163,"“mother's a bit ailing, and she's set her heart on your coming to stay the night with her, if you'll be so kind. I told her I'd call and ask you as I came from the village. She overworks herself, and I can't persuade her to have a little girl t' help her. I don't know what's to be done.”"
q02288,Dinah,0.78,neighbor-continuation,2164,"“Look there now! I told you there was folks enow t' help i' this parish, wi'out going further off. There's Mrs. Bede getting as old and cas'alty as can be, and she won't let anybody but you go a-nigh her hardly. The folks at Snowfield have learnt by this time to do better wi'out you nor she can.”"
q02289,Dinah,0.98,after-verb-name,2165,"“I'll put my bonnet on and set off directly, if you don't want anything done first, Aunt,”"
q02290,,0.00,unresolved,2166,"“Yes, I do want something done. I want you t' have your tea, child; it's all ready—and you'll have a cup, Adam, if y' arena in too big a hurry.”"
q02291,,0.00,unresolved,2167,"“Yes, I'll have a cup, please; and then I'll walk with Dinah. I'm going straight home, for I've got a lot o' timber valuations to write out.”"
q02292,Adam,0.91,same-paragraph,2168,"“Why, Adam, lad, are you here?”"
q02293,Adam,0.96,before-name-verb,2168,“How is it we've got sight o' you so long before foddering-time?”
q02294,Adam,0.98,after-verb-name,2169,"“I came on an errand for Mother,”"
q02295,Adam,0.94,before-verb-name,2169,"“She's got a touch of her old complaint, and she wants Dinah to go and stay with her a bit.”"
q02296,,0.00,unresolved,2170,"“Well, we'll spare her for your mother a little while,”"
q02297,,0.00,unresolved,2170,"“But we wonna spare her for anybody else, on'y her husband.”"
q02298,Marty,0.98,after-verb-name,2171,“Husband!”
q02299,Marty,0.91,same-paragraph,2171,"“Why, Dinah hasn't got a husband.”"
q02300,,0.00,unresolved,2172,“Spare her?”
q02301,,0.00,unresolved,2172,"“But we must spare her, it seems, and not for a husband neither, but for her own megrims. Tommy, what are you doing to your little sister's doll? Making the child naughty, when she'd be good if you'd let her. You shanna have a morsel o' cake if you behave so.”"
q02302,,0.00,unresolved,2174,“What do you think Dinah's been a-telling me since dinner-time?”
q02303,,0.00,unresolved,2175,"“Eh! I'm a poor un at guessing,”"
q02304,,0.00,unresolved,2176,"“Why, she means to go back to Snowfield again, and work i' the mill, and starve herself, as she used to do, like a creatur as has got no friends.”"
q02305,,0.00,unresolved,2177,"“Why, I hoped Dinah was settled among us for life. I thought she'd given up the notion o' going back to her old country.”"
q02306,,0.00,unresolved,2178,"“Thought! Yes,”"
q02307,,0.00,unresolved,2178,"“and so would anybody else ha' thought, as had got their right end up'ards. But I suppose you must be a Methodist to know what a Methodist 'ull do. It's ill guessing what the bats are flying after.”"
q02308,Dinah,0.91,same-paragraph,2179,"“Why, what have we done to you. Dinah, as you must go away from us?”"
q02309,Dinah,0.96,before-name-verb,2179,"“It's like breaking your word, welly, for your aunt never had no thought but you'd make this your home.”"
q02310,Dinah,0.98,after-verb-name,2180,"“Nay, Uncle,”"
q02311,Dinah,0.94,before-verb-name,2180,"“When I first came, I said it was only for a time, as long as I could be of any comfort to my aunt.”"
q02312,,0.00,unresolved,2181,"“Well, an' who said you'd ever left off being a comfort to me?”"
q02313,,0.00,unresolved,2181,"“If you didna mean to stay wi' me, you'd better never ha' come. Them as ha' never had a cushion don't miss it.”"
q02314,,0.00,unresolved,2182,"“Nay, nay,”"
q02315,,0.00,unresolved,2182,"“Thee mustna say so; we should ha' been ill off wi'out her, Lady day was a twelvemont'. We mun be thankful for that, whether she stays or no. But I canna think what she mun leave a good home for, to go back int' a country where the land, most on't, isna worth ten shillings an acre, rent and profits.”"
q02316,,0.00,unresolved,2183,"“Why, that's just the reason she wants to go, as fur as she can give a reason,”"
q02317,,0.00,unresolved,2183,"“She says this country's too comfortable, an' there's too much t' eat, an' folks arena miserable enough. And she's going next week. I canna turn her, say what I will. It's allays the way wi' them meek-faced people; you may's well pelt a bag o' feathers as talk to 'em. But I say it isna religion, to be so obstinate—is it now, Adam?”"
q02318,Dinah,0.96,before-name-verb,2184,"“Nay, I can't find fault with anything Dinah does. I believe her thoughts are better than our guesses, let 'em be what they may. I should ha' been thankful for her to stay among us, but if she thinks well to go, I wouldn't cross her, or make it hard to her by objecting. We owe her something different to that.”"
q02319,Totty,0.98,after-verb-name,2186,"“Mother, what's Dinah crying for?”"
q02320,Dinah,0.96,before-name-verb,2186,“She isn't a naughty dell.”
q02321,,0.00,unresolved,2187,"“Thee'st gone a bit too fur,”"
q02322,,0.00,unresolved,2187,"“We've no right t' interfere with her doing as she likes. An' thee'dst be as angry as could be wi' me, if I said a word against anything she did.”"
q02323,,0.00,unresolved,2188,"“Because you'd very like be finding fault wi'out reason,”"
q02324,,0.00,unresolved,2188,"“But there's reason i' what I say, else I shouldna say it. It's easy talking for them as can't love her so well as her own aunt does. An' me got so used to her! I shall feel as uneasy as a new sheared sheep when she's gone from me. An' to think of her leaving a parish where she's so looked on. There's Mr. Irwine makes as much of her as if she was a lady, for all her being a Methodist, an' wi' that maggot o' preaching in her head—God forgi'e me if I'm i' the wrong to call it so.”"
q02325,Adam,0.97,after-name-verb,2189,"“Aye,”"
q02326,Bartle Massey,0.98,after-verb-name,2189,"“but thee dostna tell Adam what he said to thee about it one day. The missis was saying, Adam, as the preaching was the only fault to be found wi' Dinah, and Mr. Irwine says, ‘But you mustn't find fault with her for that, Mrs. Poyser; you forget she's got no husband to preach to. I'll answer for it, you give Poyser many a good sermon.' The parson had thee there,”"
q02327,,0.00,unresolved,2189,"“I told Bartle Massey on it, an' he laughed too.”"
q02328,,0.00,unresolved,2190,"“Yes, it's a small joke sets men laughing when they sit a-staring at one another with a pipe i' their mouths,”"
q02329,,0.00,unresolved,2190,"“Give Bartle Massey his way and he'd have all the sharpness to himself. If the chaff-cutter had the making of us, we should all be straw, I reckon. Totty, my chicken, go upstairs to cousin Dinah, and see what she's doing, and give her a pretty kiss.”"
q02330,Adam,0.91,same-paragraph,2192,"“You're rare and busy now—eh, Adam?”"
q02331,Adam,0.96,before-name-verb,2192,"“Burge's getting so bad wi' his asthmy, it's well if he'll ever do much riding about again.”"
q02332,Adam,0.98,after-verb-name,2193,"“Yes, we've got a pretty bit o' building on hand now,”"
q02333,Adam,0.94,before-verb-name,2193,"“what with the repairs on th' estate, and the new houses at Treddles'on.”"
q02334,Mary,0.91,same-paragraph,2194,"“I'll bet a penny that new house Burge is building on his own bit o' land is for him and Mary to go to,”"
q02335,Mary,0.96,before-name-verb,2194,"“He'll be for laying by business soon, I'll warrant, and be wanting you to take to it all and pay him so much by th' 'ear. We shall see you living on th' hill before another twelvemont's over.”"
q02336,Adam,0.98,after-verb-name,2195,"“Well,”"
q02337,Adam,0.94,before-verb-name,2195,"“I should like t' have the business in my own hands. It isn't as I mind much about getting any more money. We've enough and to spare now, with only our two selves and mother; but I should like t' have my own way about things—I could try plans then, as I can't do now.”"
q02338,,0.00,unresolved,2196,"“You get on pretty well wi' the new steward, I reckon?”"
q02339,,0.00,unresolved,2197,"“Yes, yes; he's a sensible man enough; understands farming—he's carrying on the draining, and all that, capital. You must go some day towards the Stonyshire side and see what alterations they're making. But he's got no notion about buildings. You can so seldom get hold of a man as can turn his brains to more nor one thing; it's just as if they wore blinkers like th' horses and could see nothing o' one side of 'em. Now, there's Mr. Irwine has got notions o' building more nor most architects; for as for th' architects, they set up to be fine fellows, but the most of 'em don't know where to set a chimney so as it shan't be quarrelling with a door. My notion is, a practical builder that's got a bit o' taste makes the best architect for common things; and I've ten times the pleasure i' seeing after the work when I've made the plan myself.”"
q02340,Adam,0.96,before-name-verb,2198,"“Well, lad, I'll bid you good-bye now, for I'm off to the rick-yard again.”"
q02341,Adam,0.97,after-name-verb,2200,"“You're ready, I see, Dinah,”"
q02342,Adam,0.96,before-name-verb,2200,"“so we'll set off, for the sooner I'm at home the better.”"
q02343,Totty,0.98,after-verb-name,2201,"“Mother,”"
q02344,Totty,0.94,before-verb-name,2201,“Dinah was saying her prayers and crying ever so.”
q02345,,0.00,unresolved,2202,"“Hush, hush,”"
q02346,,0.00,unresolved,2202,“little gells mustn't chatter.”
q02347,Dinah,0.91,same-paragraph,2204,"“Come back to-morrow if Mrs. Bede doesn't want you, Dinah,”"
q02348,Dinah,0.96,before-name-verb,2204,"“but you can stay, you know, if she's ill.”"
q02349,Adam,0.97,after-name-verb,2208,"“You can't be happy, then, to make the Hall Farm your home, Dinah?”"
q02350,Adam,0.96,before-name-verb,2208,"“It's a pity, seeing they're so fond of you.”"
q02351,Adam,0.78,neighbor-continuation,2209,"“You know, Adam, my heart is as their heart, so far as love for them and care for their welfare goes, but they are in no present need. Their sorrows are healed, and I feel that I am called back to my old work, in which I found a blessing that I have missed of late in the midst of too abundant worldly good. I know it is a vain thought to flee from the work that God appoints us, for the sake of finding a greater blessing to our own souls, as if we could choose for ourselves where we shall find the fulness of the Divine Presence, instead of seeking it where alone it is to be found, in loving obedience. But now, I believe, I have a clear showing that my work lies elsewhere—at least for a time. In the years to come, if my aunt's health should fail, or she should otherwise need me, I shall return.”"
q02352,Adam,0.98,after-verb-name,2210,"“You know best, Dinah,”"
q02353,Dinah,0.96,before-name-verb,2210,"“I don't believe you'd go against the wishes of them that love you, and are akin to you, without a good and sufficient reason in your own conscience. I've no right to say anything about my being sorry: you know well enough what cause I have to put you above every other friend I've got; and if it had been ordered so that you could ha' been my sister, and lived with us all our lives, I should ha' counted it the greatest blessing as could happen to us now. But Seth tells me there's no hope o' that: your feelings are different, and perhaps I'm taking too much upon me to speak about it.”"
q02354,Adam,0.96,before-name-verb,2211,"“I hope I've not hurt or displeased you by what I've said, Dinah. Perhaps I was making too free. I've no wish different from what you see to be best, and I'm satisfied for you to live thirty mile off, if you think it right. I shall think of you just as much as I do now, for you're bound up with what I can no more help remembering than I can help my heart beating.”"
q02355,Dinah,0.96,before-name-verb,2212,"“Have you heard any news from that poor young man, since we last spoke of him?”"
q02356,Adam,0.98,after-verb-name,2214,"“Yes,”"
q02357,Adam,0.94,before-verb-name,2214,"“Mr. Irwine read me part of a letter from him yesterday. It's pretty certain, they say, that there'll be a peace soon, though nobody believes it'll last long; but he says he doesn't mean to come home. He's no heart for it yet, and it's better for others that he should keep away. Mr. Irwine thinks he's in the right not to come. It's a sorrowful letter. He asks about you and the Poysers, as he always does. There's one thing in the letter cut me a good deal: ‘You can't think what an old fellow I feel,' he says; ‘I make no schemes now. I'm the best when I've a good day's march or fighting before me.'”"
q02358,Dinah,0.98,after-verb-name,2215,"“He's of a rash, warm-hearted nature, like Esau, for whom I have always felt great pity,”"
q02359,Dinah,0.94,before-verb-name,2215,"“That meeting between the brothers, where Esau is so loving and generous, and Jacob so timid and distrustful, notwithstanding his sense of the Divine favour, has always touched me greatly. Truly, I have been tempted sometimes to say that Jacob was of a mean spirit. But that is our trial: we must learn to see the good in the midst of much that is unlovely.”"
q02360,Adam,0.98,after-verb-name,2216,"“Ah,”"
q02361,Adam,0.94,before-verb-name,2216,"“I like to read about Moses best, in th' Old Testament. He carried a hard business well through, and died when other folks were going to reap the fruits. A man must have courage to look at his life so, and think what'll come of it after he's dead and gone. A good solid bit o' work lasts: if it's only laying a floor down, somebody's the better for it being done well, besides the man as does it.”"
q02362,Adam,0.96,before-name-verb,2217,"“Ah, here's Seth. I thought he'd be home soon. Does he know of you're going, Dinah?”"
q02363,,0.00,unresolved,2218,"“Yes, I told him last Sabbath.”"
q02364,Dinah,0.96,before-name-verb,2219,"“I'm thankful you're come, Dinah, for Mother's been hungering after the sight of you all day. She began to talk of you the first thing in the morning.”"
q02365,Dinah,0.98,after-verb-name,2221,"“Coom, child, thee't coom at last,”"
q02366,Dinah,0.94,before-verb-name,2221,“What dost mane by lavin' me a week an' ne'er coomin' a-nigh me?”
q02367,Dinah,0.98,after-verb-name,2222,"“Dear friend,”"
q02368,Dinah,0.94,before-verb-name,2222,"“you're not well. If I'd known it sooner, I'd have come.”"
q02369,,0.00,unresolved,2223,"“An' how's thee t' know if thee dostna coom? Th' lads on'y know what I tell 'em. As long as ye can stir hand and foot the men think ye're hearty. But I'm none so bad, on'y a bit of a cold sets me achin'. An' th' lads tease me so t' ha' somebody wi' me t' do the work—they make me ache worse wi' talkin'. If thee'dst come and stay wi' me, they'd let me alone. The Poysers canna want thee so bad as I do. But take thy bonnet off, an' let me look at thee.”"
q02370,Lisbeth,0.98,after-verb-name,2225,“What's the matter wi' thee?”
q02371,Lisbeth,0.94,before-verb-name,2225,“thee'st been a-cryin'.”
q02372,Dinah,0.98,after-verb-name,2226,"“It's only a grief that'll pass away,”"
q02373,Dinah,0.91,same-paragraph,2226,“You shall know about it shortly—we'll talk of it to-night. I shall stay with you to-night.”
q02374,Lisbeth,0.91,same-paragraph,2228,"“Nay, nay, shut the book,”"
q02375,Lisbeth,0.96,before-name-verb,2228,"“We mun talk. I want t' know what thee was cryin' about. Hast got troubles o' thy own, like other folks?”"
q02376,Seth,0.91,same-paragraph,2229,“figuring”
q02377,Seth,0.96,before-name-verb,2229,“Can I help thee with anything in here to-night? I don't want to make a noise in the shop.”
q02378,Adam,0.97,after-name-verb,2230,"“No, lad,”"
q02379,Adam,0.96,before-name-verb,2230,“there's nothing but what I must do myself. Thee'st got thy new book to read.”
q02380,,0.00,unresolved,2231,"“th' lad liked to sit full o' thoughts he could give no account of; they'd never come t' anything, but they made him happy,”"
q02381,Adam,0.97,after-name-verb,2234,"“It's wonderful she doesn't love th' lad,”"
q02382,Adam,0.96,before-name-verb,2234,"“for anybody 'ud think he was just cut out for her. But her heart's so taken up with other things. She's one o' those women that feel no drawing towards having a husband and children o' their own. She thinks she should be filled up with her own life then, and she's been used so to living in other folks's cares, she can't bear the thought of her heart being shut up from 'em. I see how it is, well enough. She's cut out o' different stuff from most women: I saw that long ago. She's never easy but when she's helping somebody, and marriage 'ud interfere with her ways—that's true. I've no right to be contriving and thinking it 'ud be better if she'd have Seth, as if I was wiser than she is—or than God either, for He made her what she is, and that's one o' the greatest blessings I've ever had from His hands, and others besides me.”"
q02383,Adam,0.96,before-name-verb,2236,"“very handy in the housework,”"
q02384,,0.00,unresolved,2239,“Peace!”
q02385,,0.00,unresolved,2239,“Be still!”
q02386,Seth,0.96,before-name-verb,2241,"“Seth, is your brother wrathful when his papers are stirred?”"
q02387,Seth,0.98,after-verb-name,2242,"“Yes, very, when they are not put back in the right places,”"
q02388,,0.00,unresolved,2244,"“What! You think I'm a cross fellow at home, Dinah?”"
q02389,Dinah,0.98,after-verb-name,2245,"“Nay,”"
q02390,Dinah,0.94,before-verb-name,2245,"“not so. But you might be put about by finding things meddled with; and even the man Moses, the meekest of men, was wrathful sometimes.”"
q02391,Adam,0.98,after-verb-name,2246,"“Come, then,”"
q02392,Adam,0.94,before-verb-name,2246,"“I'll help you move the things, and put 'em back again, and then they can't get wrong. You're getting to be your aunt's own niece, I see, for particularness.”"
q02393,Dinah,0.96,before-name-verb,2247,"“Dinah, you're not displeased with me for anything, are you? I've not said or done anything to make you think ill of me?”"
q02394,,0.00,unresolved,2248,"“Oh, no, Adam! how could you think so?”"
q02395,Adam,0.98,after-verb-name,2249,"“I couldn't bear you not to feel as much a friend to me as I do to you,”"
q02396,Adam,0.94,before-verb-name,2249,"“And you don't know the value I set on the very thought of you, Dinah. That was what I meant yesterday, when I said I'd be content for you to go, if you thought right. I meant, the thought of you was worth so much to me, I should feel I ought to be thankful, and not grumble, if you see right to go away. You know I do mind parting with you, Dinah?”"
q02397,Dinah,0.98,after-verb-name,2250,"“Yes, dear friend,”"
q02398,Dinah,0.94,before-verb-name,2250,"“I know you have a brother's heart towards me, and we shall often be with one another in spirit; but at this season I am in heaviness through manifold temptations. You must not mark me. I feel called to leave my kindred for a while; but it is a trial—the flesh is weak.”"
q02399,Seth,0.98,after-verb-name,2252,"“I hurt you by talking about it, Dinah,”"
q02400,Dinah,0.96,before-name-verb,2252,“I'll say no more. Let's see if Seth's ready with breakfast now.”
q02401,,0.00,unresolved,2253,"“light,”"
q02402,,0.00,unresolved,2253,"“sound,”"
q02403,,0.00,unresolved,2253,"“stars,”"
q02404,,0.00,unresolved,2253,“music”
q02405,,0.00,unresolved,2253,“chips”
q02406,,0.00,unresolved,2253,“sawdust.”
q02407,,0.00,unresolved,2253,“light”
q02408,,0.00,unresolved,2253,"“music,”"
q02409,Lisbeth,0.98,after-verb-name,2255,"“For a long while,”"
q02410,Lisbeth,0.98,after-verb-name,2256,"“Then it'll be for all my life, an' I shall ne'er see thee again,”"
q02411,Lisbeth,0.94,before-verb-name,2256,"“Long while! I'n got no long while t' live. An' I shall be took bad an' die, an' thee canst ne'er come a-nigh me, an' I shall die a-longing for thee.”"
q02412,,0.00,unresolved,2257,“contrairiness”
q02413,,0.00,unresolved,2257,“couldna' ha' one o' the lads”
q02414,Seth,0.91,same-paragraph,2258,"“Thee couldstna put up wi' Seth,”"
q02415,Seth,0.96,before-name-verb,2258,"“He isna cliver enough for thee, happen, but he'd ha' been very good t' thee—he's as handy as can be at doin' things for me when I'm bad, an' he's as fond o' the Bible an' chappellin' as thee art thysen. But happen, thee'dst like a husband better as isna just the cut o' thysen: the runnin' brook isna athirst for th' rain. Adam 'ud ha' done for thee—I know he would—an' he might come t' like thee well enough, if thee'dst stop. But he's as stubborn as th' iron bar—there's no bending him no way but's own. But he'd be a fine husband for anybody, be they who they will, so looked-on an' so cliver as he is. And he'd be rare an' lovin': it does me good on'y a look o' the lad's eye when he means kind tow'rt me.”"
q02416,,0.00,unresolved,2259,"“The God of love and peace be with them,”"
q02417,,0.00,unresolved,2259,"“Make them glad according to the days wherein thou hast afflicted them, and the years wherein they have seen evil. It is thy will that I should part from them; let me have no will but thine.”"
q02418,,0.00,unresolved,2261,"“Thee't see her again o' Sunday afore she goes,”"
q02419,,0.00,unresolved,2261,"“If thee wast good for anything, thee'dst make her come in again o' Sunday night wi' thee, and see me once more.”"
q02420,Seth,0.98,after-verb-name,2262,"“Nay, Mother,”"
q02421,Seth,0.94,before-verb-name,2262,"“Dinah 'ud be sure to come again if she saw right to come. I should have no need to persuade her. She only thinks it 'ud be troubling thee for nought, just to come in to say good-bye over again.”"
q02422,Lisbeth,0.98,after-verb-name,2263,"“She'd ne'er go away, I know, if Adam 'ud be fond on her an' marry her, but everything's so contrairy,”"
q02423,,0.00,unresolved,2264,"“What! Has she said anything o' that sort to thee, Mother?”"
q02424,,0.00,unresolved,2265,"“Said? Nay, she'll say nothin'. It's on'y the men as have to wait till folks say things afore they find 'em out.”"
q02425,,0.00,unresolved,2266,"“Well, but what makes thee think so, Mother? What's put it into thy head?”"
q02426,,0.00,unresolved,2267,"“It's no matter what's put it into my head. My head's none so hollow as it must get in, an' nought to put it there. I know she's fond on him, as I know th' wind's comin' in at the door, an' that's anoof. An' he might be willin' to marry her if he know'd she's fond on him, but he'll ne'er think on't if somebody doesna put it into's head.”"
q02427,Adam,0.98,after-verb-name,2269,"“Nay, Mother, nay,”"
q02428,Adam,0.91,same-paragraph,2269,"“thee mustna think o' speaking o' such things to Adam. Thee'st no right to say what Dinah's feelings are if she hasna told thee, and it 'ud do nothing but mischief to say such things to Adam. He feels very grateful and affectionate toward Dinah, but he's no thoughts towards her that 'ud incline him to make her his wife, and I don't believe Dinah 'ud marry him either. I don't think she'll marry at all.”"
q02429,Lisbeth,0.98,after-verb-name,2270,"“Eh,”"
q02430,Lisbeth,0.94,before-verb-name,2270,“Thee think'st so 'cause she wouldna ha' thee. She'll ne'er marry thee; thee mightst as well like her t' ha' thy brother.”
q02431,Seth,0.91,same-paragraph,2271,"“Mother,”"
q02432,Seth,0.96,before-name-verb,2271,"“don't think that of me. I should be as thankful t' have her for a sister as thee wouldst t' have her for a daughter. I've no more thoughts about myself in that thing, and I shall take it hard if ever thee say'st it again.”"
q02433,Seth,0.78,neighbor-continuation,2272,"“Well, well, then thee shouldstna cross me wi' sayin' things arena as I say they are.”"
q02434,Seth,0.98,after-verb-name,2273,"“But, Mother,”"
q02435,Seth,0.94,before-verb-name,2273,"“thee'dst be doing Dinah a wrong by telling Adam what thee think'st about her. It 'ud do nothing but mischief, for it 'ud make Adam uneasy if he doesna feel the same to her. And I'm pretty sure he feels nothing o' the sort.”"
q02436,Seth,0.78,neighbor-continuation,2274,"“Eh, donna tell me what thee't sure on; thee know'st nought about it. What's he allays goin' to the Poysers' for, if he didna want t' see her? He goes twice where he used t' go once. Happen he knowsna as he wants t' see her; he knowsna as I put salt in's broth, but he'd miss it pretty quick if it warna there. He'll ne'er think o' marrying if it isna put into's head, an' if thee'dst any love for thy mother, thee'dst put him up to't an' not let her go away out o' my sight, when I might ha' her to make a bit o' comfort for me afore I go to bed to my old man under the white thorn.”"
q02437,Seth,0.98,after-verb-name,2275,"“Nay, Mother,”"
q02438,Seth,0.94,before-verb-name,2275,"“thee mustna think me unkind, but I should be going against my conscience if I took upon me to say what Dinah's feelings are. And besides that, I think I should give offence to Adam by speaking to him at all about marrying; and I counsel thee not to do't. Thee may'st be quite deceived about Dinah. Nay, I'm pretty sure, by words she said to me last Sabbath, as she's no mind to marry.”"
q02439,,0.00,unresolved,2276,"“Eh, thee't as contrairy as the rest on 'em. If it war summat I didna want, it 'ud be done fast enough.”"
q02440,Lisbeth,0.97,after-name-verb,2281,"“Why, Mother, thee look'st rare and hearty this morning. Eh, Gyp wants me t' look at him. He can't abide to think I love thee the best.”"
q02441,Adam,0.96,before-name-verb,2281,“That's her—that's Dinah.”
q02442,,0.00,unresolved,2283,"“It is a bit like her; but Dinah's prettier, I think.”"
q02443,,0.00,unresolved,2284,"“Well, then, if thee think'st her so pretty, why arn't fond on her?”"
q02444,,0.00,unresolved,2285,"“Why, Mother, dost think I don't set store by Dinah?”"
q02445,Lisbeth,0.98,after-verb-name,2286,"“Nay,”"
q02446,Lisbeth,0.91,same-paragraph,2286,"“What's th' use o' settin' store by things as are thirty mile off? If thee wast fond enough on her, thee wouldstna let her go away.”"
q02447,Adam,0.98,after-verb-name,2287,"“But I've no right t' hinder her, if she thinks well,”"
q02448,Adam,0.78,neighbor-continuation,2288,“But she wouldna think well if thee wastna so contrairy.”
q02449,Adam,0.97,after-name-verb,2289,"“Contrairy, mother?”"
q02450,Adam,0.96,before-name-verb,2289,“What have I done? What dost mean?”
q02451,Lisbeth,0.98,after-verb-name,2290,"“Why, thee't never look at nothin', nor think o' nothin', but thy figurin, an' thy work,”"
q02452,Lisbeth,0.94,before-verb-name,2290,"“An' dost think thee canst go on so all thy life, as if thee wast a man cut out o' timber? An' what wut do when thy mother's gone, an' nobody to take care on thee as thee gett'st a bit o' victual comfortable i' the mornin'?”"
q02453,Adam,0.98,after-verb-name,2291,"“What hast got i' thy mind, Mother?”"
q02454,Adam,0.94,before-verb-name,2291,“I canna see what thee't driving at. Is there anything I could do for thee as I don't do?”
q02455,,0.00,unresolved,2292,"“Aye, an' that there is. Thee might'st do as I should ha' somebody wi' me to comfort me a bit, an' wait on me when I'm bad, an' be good to me.”"
q02456,,0.00,unresolved,2293,"“Well, Mother, whose fault is it there isna some tidy body i' th' house t' help thee? It isna by my wish as thee hast a stroke o' work to do. We can afford it—I've told thee often enough. It 'ud be a deal better for us.”"
q02457,,0.00,unresolved,2294,"“Eh, what's the use o' talking o' tidy bodies, when thee mean'st one o' th' wenches out o' th' village, or somebody from Treddles'on as I ne'er set eyes on i' my life? I'd sooner make a shift an' get into my own coffin afore I die, nor ha' them folks to put me in.”"
q02458,,0.00,unresolved,2296,“Thee mightst know well enough who 'tis I'd like t' ha' wi' me. It isna many folks I send for t' come an' see me. I reckon. An' thee'st had the fetchin' on her times enow.”
q02459,Adam,0.98,after-verb-name,2297,"“Thee mean'st Dinah, Mother, I know,”"
q02460,Dinah,0.96,before-name-verb,2297,"“But it's no use setting thy mind on what can't be. If Dinah 'ud be willing to stay at Hayslope, it isn't likely she can come away from her aunt's house, where they hold her like a daughter, and where she's more bound than she is to us. If it had been so that she could ha' married Seth, that 'ud ha' been a great blessing to us, but we can't have things just as we like in this life. Thee must try and make up thy mind to do without her.”"
q02461,,0.00,unresolved,2298,"“Nay, but I canna ma' up my mind, when she's just cut out for thee; an' nought shall ma' me believe as God didna make her an' send her there o' purpose for thee. What's it sinnify about her bein' a Methody! It 'ud happen wear out on her wi' marryin'.”"
q02462,,0.00,unresolved,2300,"“Mother,”"
q02463,,0.00,unresolved,2300,“thee't talking wild. Don't let me hear thee say such things again. It's no good talking o' what can never be. Dinah's not for marrying; she's fixed her heart on a different sort o' life.”
q02464,Lisbeth,0.98,after-verb-name,2301,"“Very like,”"
q02465,Lisbeth,0.94,before-verb-name,2301,"“very like she's none for marr'ing, when them as she'd be willin' t' marry wonna ax her. I shouldna ha' been for marr'ing thy feyther if he'd ne'er axed me; an' she's as fond o' thee as e'er I war o' Thias , poor fellow.”"
q02466,,0.00,unresolved,2303,"“What dost say such things for, Mother, when thee'st got no foundation for 'em? Thee know'st nothing as gives thee a right to say that.”"
q02467,,0.00,unresolved,2304,"“Then I knowna nought as gi'es me a right to say as the year's turned, for all I feel it fust thing when I get up i' th' morning. She isna fond o' Seth, I reckon, is she? She doesna want to marry him? But I can see as she doesna behave tow'rt thee as she daes tow'rt Seth. She makes no more o' Seth's coming a-nigh her nor if he war Gyp, but she's all of a tremble when thee't a-sittin' down by her at breakfast an' a-looking at her. Thee think'st thy mother knows nought, but she war alive afore thee wast born.”"
q02468,Adam,0.98,after-verb-name,2305,“But thee canstna be sure as the trembling means love?”
q02469,,0.00,unresolved,2306,"“Eh, what else should it mane? It isna hate, I reckon. An' what should she do but love thee? Thee't made to be loved—for where's there a straighter cliverer man? An' what's it sinnify her bein' a Methody? It's on'y the marigold i' th' parridge.”"
q02470,Lisbeth,0.96,before-name-verb,2308,"“An' thee't find out as thee't poorly aff when she's gone. Thee't fonder on her nor thee know'st. Thy eyes follow her about, welly as Gyp's follow thee.”"
q02471,Dinah,0.96,before-name-verb,2313,“Did Seth say anything to thee about when he was coming home? Will he be back to dinner?”
q02472,,0.00,unresolved,2314,"“Aye, lad, he'll be back for a wonder. He isna gone to Treddles'on. He's gone somewhere else a-preachin' and a-prayin'.”"
q02473,Adam,0.98,after-verb-name,2315,“Hast any notion which way he's gone?”
q02474,,0.00,unresolved,2316,"“Nay, but he aften goes to th' Common. Thee know'st more o's goings nor I do.”"
q02475,Adam,0.98,after-verb-name,2319,“Where hast been?”
q02476,Seth,0.98,after-verb-name,2320,"“I've been to the Common,”"
q02477,Seth,0.94,before-verb-name,2320,"“Dinah's been speaking the Word to a little company of hearers at Brimstone's, as they call him. They're folks as never go to church hardly—them on the Common—but they'll go and hear Dinah a bit. She's been speaking with power this forenoon from the words, ‘I came not to call the righteous, but sinners to repentance.' And there was a little thing happened as was pretty to see. The women mostly bring their children with 'em, but to-day there was one stout curly headed fellow about three or four year old, that I never saw there before. He was as naughty as could be at the beginning while I was praying, and while we was singing, but when we all sat down and Dinah began to speak, th' young un stood stock still all at once, and began to look at her with's mouth open, and presently he ran away from's mother and went to Dinah, and pulled at her, like a little dog, for her to take notice of him. So Dinah lifted him up and held th' lad on her lap, while she went on speaking; and he was as good as could be till he went to sleep—and the mother cried to see him.”"
q02478,Adam,0.98,after-verb-name,2321,"“It's a pity she shouldna be a mother herself,”"
q02479,Adam,0.94,before-verb-name,2321,"“so fond as the children are of her. Dost think she's quite fixed against marrying, Seth? Dost think nothing 'ud turn her?”"
q02480,,0.00,unresolved,2323,"“It 'ud be wrong of me to say nothing 'ud turn her,”"
q02481,,0.00,unresolved,2323,"“But if thee mean'st it about myself, I've given up all thoughts as she can ever be my wife. She calls me her brother, and that's enough.”"
q02482,Adam,0.98,after-verb-name,2324,“But dost think she might ever get fond enough of anybody else to be willing to marry 'em?”
q02483,Seth,0.98,after-verb-name,2325,"“Well,”"
q02484,Seth,0.94,before-verb-name,2325,"“it's crossed my mind sometimes o' late as she might; but Dinah 'ud let no fondness for the creature draw her out o' the path as she believed God had marked out for her. If she thought the leading was not from Him, she's not one to be brought under the power of it. And she's allays seemed clear about that—as her work was to minister t' others, and make no home for herself i' this world.”"
q02485,Adam,0.98,after-verb-name,2326,"“But suppose,”"
q02486,Adam,0.94,before-verb-name,2326,"“suppose there was a man as 'ud let her do just the same and not interfere with her—she might do a good deal o' what she does now, just as well when she was married as when she was single. Other women of her sort have married—that's to say, not just like her, but women as preached and attended on the sick and needy. There's Mrs. Fletcher as she talks of.”"
q02487,Adam,0.96,before-name-verb,2327,"“Why, wouldst like her to marry thee, brother?”"
q02488,Seth,0.96,before-name-verb,2328,“Wouldst be hurt if she was to be fonder o' me than o' thee?”
q02489,Seth,0.98,after-verb-name,2329,"“Nay,”"
q02490,Seth,0.94,before-verb-name,2329,“how canst think it? Have I felt thy trouble so little that I shouldna feel thy joy?”
q02491,Seth,0.96,before-name-verb,2330,“I'd no notion as thee'dst ever think of her for a wife.”
q02492,Adam,0.98,after-verb-name,2331,“But is it o' any use to think of her?”
q02493,Adam,0.94,before-verb-name,2331,"“What dost say? Mother's made me as I hardly know where I am, with what she's been saying to me this forenoon. She says she's sure Dinah feels for me more than common, and 'ud be willing t' have me. But I'm afraid she speaks without book. I want to know if thee'st seen anything.”"
q02494,Seth,0.98,after-verb-name,2332,"“It's a nice point to speak about,”"
q02495,Seth,0.94,before-verb-name,2332,"“and I'm afraid o' being wrong; besides, we've no right t' intermeddle with people's feelings when they wouldn't tell 'em themselves.”"
q02496,,0.00,unresolved,2334,"“But thee mightst ask her,”"
q02497,,0.00,unresolved,2334,"“She took no offence at me for asking, and thee'st more right than I had, only thee't not in the Society. But Dinah doesn't hold wi' them as are for keeping the Society so strict to themselves. She doesn't mind about making folks enter the Society, so as they're fit t' enter the kingdom o' God. Some o' the brethren at Treddles'on are displeased with her for that.”"
q02498,Adam,0.98,after-verb-name,2335,“Where will she be the rest o' the day?”
q02499,Seth,0.98,after-verb-name,2336,"“She said she shouldn't leave the farm again to-day,”"
q02500,Seth,0.94,before-verb-name,2336,"“because it's her last Sabbath there, and she's going t' read out o' the big Bible wi' the children.”"
q02501,,0.00,unresolved,2337,"“Then I'll go this afternoon; for if I go to church, my thoughts 'ull be with her all the while. They must sing th' anthem without me to-day.”"
q02502,Dinah,0.98,after-verb-name,2339,“but th' young missis”
q02503,Adam,0.96,before-name-verb,2339,“everybody”
q02504,Adam,0.96,before-name-verb,2341,"“I came to see you, Dinah: I knew the rest were not at home.”"
q02505,Seth,0.98,after-verb-name,2342,"“Your mother is not ill again, I hope, Adam?”"
q02506,Dinah,0.96,before-name-verb,2342,“Seth said she was well this morning.”
q02507,Adam,0.98,after-verb-name,2343,"“No, she's very hearty to-day,”"
q02508,Dinah,0.97,after-name-verb,2344,"“There's nobody at home, you see,”"
q02509,Dinah,0.96,before-name-verb,2344,"“but you'll wait. You've been hindered from going to church to-day, doubtless.”"
q02510,Adam,0.97,after-name-verb,2345,"“Yes,”"
q02511,Adam,0.96,before-name-verb,2345,“I was thinking about you: that was the reason.”
q02512,Dinah,0.96,before-name-verb,2346,"“Do not be careful and troubled for me, Adam. I have all things and abound at Snowfield. And my mind is at rest, for I am not seeking my own will in going.”"
q02513,Adam,0.98,after-verb-name,2347,"“But if things were different, Dinah,”"
q02514,Dinah,0.96,before-name-verb,2347,“If you knew things that perhaps you don't know now....”
q02515,Dinah,0.91,same-paragraph,2350,"“Dinah,”"
q02516,Dinah,0.96,before-name-verb,2350,“I love you with my whole heart and soul. I love you next to God who made me.”
q02517,,0.00,unresolved,2352,"“Don't tell me you can't love me, Dinah. Don't tell me we must part and pass our lives away from one another.”"
q02518,,0.00,unresolved,2354,"“Yes, dear Adam, we must submit to another Will. We must part.”"
q02519,Adam,0.97,after-name-verb,2355,"“Not if you love me, Dinah—not if you love me,”"
q02520,Adam,0.96,before-name-verb,2355,“Tell me—tell me if you can love me better than a brother?”
q02521,Adam,0.96,before-name-verb,2356,"“Yes, Adam, my heart is drawn strongly towards you; and of my own will, if I had no clear showing to the contrary, I could find my happiness in being near you and ministering to you continually. I fear I should forget to rejoice and weep with others; nay, I fear I should forget the Divine presence, and seek no love but yours.”"
q02522,Adam,0.97,after-name-verb,2358,"“Then, Dinah,”"
q02523,Adam,0.96,before-name-verb,2358,"“how can there be anything contrary to what's right in our belonging to one another and spending our lives together? Who put this great love into our hearts? Can anything be holier than that? For we can help one another in everything as is good. I'd never think o' putting myself between you and God, and saying you oughtn't to do this and you oughtn't to do that. You'd follow your conscience as much as you do now.”"
q02524,Dinah,0.97,after-name-verb,2359,"“Yes, Adam,”"
q02525,Dinah,0.96,before-name-verb,2359,"“I know marriage is a holy state for those who are truly called to it, and have no other drawing; but from my childhood upwards I have been led towards another path; all my peace and my joy have come from having no life of my own, no wants, no wishes for myself, and living only in God and those of his creatures whose sorrows and joys he has given me to know. Those have been very blessed years to me, and I feel that if I was to listen to any voice that would draw me aside from that path, I should be turning my back on the light that has shone upon me, and darkness and doubt would take hold of me. We could not bless each other, Adam, if there were doubts in my soul, and if I yearned, when it was too late, after that better part which had once been given me and I had put away from me.”"
q02526,,0.00,unresolved,2360,"“But if a new feeling has come into your mind, Dinah, and if you love me so as to be willing to be nearer to me than to other people, isn't that a sign that it's right for you to change your life? Doesn't the love make it right when nothing else would?”"
q02527,,0.00,unresolved,2361,"“Adam, my mind is full of questionings about that; for now, since you tell me of your strong love towards me, what was clear to me has become dark again. I felt before that my heart was too strongly drawn towards you, and that your heart was not as mine; and the thought of you had taken hold of me, so that my soul had lost its freedom, and was becoming enslaved to an earthly affection, which made me anxious and careful about what should befall myself. For in all other affection I had been content with any small return, or with none; but my heart was beginning to hunger after an equal love from you. And I had no doubt that I must wrestle against that as a great temptation, and the command was clear that I must go away.”"
q02528,,0.00,unresolved,2362,"“But now, dear, dear Dinah, now you know I love you better than you love me... it's all different now. You won't think o' going. You'll stay, and be my dear wife, and I shall thank God for giving me my life as I never thanked him before.”"
q02529,,0.00,unresolved,2363,"“Adam, it's hard to me to turn a deaf ear... you know it's hard; but a great fear is upon me. It seems to me as if you were stretching out your arms to me, and beckoning me to come and take my ease and live for my own delight, and Jesus, the Man of Sorrows, was standing looking towards me, and pointing to the sinful, and suffering, and afflicted. I have seen that again and again when I have been sitting in stillness and darkness, and a great terror has come upon me lest I should become hard, and a lover of self, and no more bear willingly the Redeemer's cross.”"
q02530,Adam,0.91,same-paragraph,2364,"“Adam,”"
q02531,Adam,0.96,before-name-verb,2364,“you wouldn't desire that we should seek a good through any unfaithfulness to the light that is in us; you wouldn't believe that could be a good. We are of one mind in that.”
q02532,Adam,0.98,after-verb-name,2365,"“Yes, Dinah,”"
q02533,Dinah,0.96,before-name-verb,2365,"“I'll never be the man t' urge you against your conscience. But I can't give up the hope that you may come to see different. I don't believe your loving me could shut up your heart—it's only adding to what you've been before, not taking away from it. For it seems to me it's the same with love and happiness as with sorrow—the more we know of it the better we can feel what other people's lives are or might be, and so we shall only be more tender to 'em, and wishful to help 'em. The more knowledge a man has, the better he'll do's work; and feeling's a sort o' knowledge.”"
q02534,Adam,0.96,before-name-verb,2366,"“And you can do almost as much as you do now. I won't ask you to go to church with me of a Sunday. You shall go where you like among the people, and teach 'em; for though I like church best, I don't put my soul above yours, as if my words was better for you to follow than your own conscience. And you can help the sick just as much, and you'll have more means o' making 'em a bit comfortable; and you'll be among all your own friends as love you, and can help 'em and be a blessing to 'em till their dying day. Surely, Dinah, you'd be as near to God as if you was living lonely and away from me.”"
q02535,Adam,0.96,before-name-verb,2367,"“Adam there is truth in what you say, and there's many of the brethren and sisters who have greater strength than I have, and find their hearts enlarged by the cares of husband and kindred. But I have not faith that it would be so with me, for since my affections have been set above measure on you, I have had less peace and joy in God. I have felt as it were a division in my heart. And think how it is with me, Adam. That life I have led is like a land I have trodden in blessedness since my childhood; and if I long for a moment to follow the voice which calls me to another land that I know not, I cannot but fear that my soul might hereafter yearn for that early blessedness which I had forsaken; and where doubt enters there is not perfect love. I must wait for clearer guidance. I must go from you, and we must submit ourselves entirely to the Divine Will. We are sometimes required to lay our natural lawful affections on the altar.”"
q02536,,0.00,unresolved,2369,"“But you may come to feel satisfied... to feel that you may come to me again, and we may never part, Dinah?”"
q02537,,0.00,unresolved,2370,"“We must submit ourselves, Adam. With time, our duty will be made clear. It may be when I have entered on my former life, I shall find all these new thoughts and wishes vanish, and become as things that were not. Then I shall know that my calling is not towards marriage. But we must wait.”"
q02538,Adam,0.98,after-verb-name,2371,"“Dinah,”"
q02539,Dinah,0.96,before-name-verb,2371,"“you can't love me so well as I love you, else you'd have no doubts. But it's natural you shouldn't, for I'm not so good as you. I can't doubt it's right for me to love the best thing God's ever given me to know.”"
q02540,,0.00,unresolved,2372,"“Nay, Adam. It seems to me that my love for you is not weak, for my heart waits on your words and looks, almost as a little child waits on the help and tenderness of the strong on whom it depends. If the thought of you took slight hold of me, I should not fear that it would be an idol in the temple. But you will strengthen me—you will not hinder me in seeking to obey to the uttermost.”"
q02541,,0.00,unresolved,2373,"“Let us go out into the sunshine, Dinah, and walk together. I'll speak no word to disturb you.”"
q02542,Adam,0.96,before-name-verb,2374,"“Take my arm, Dinah,”"
q02543,Martin,0.98,after-verb-name,2375,"“Hey-day! There's Adam along wi' Dinah,”"
q02544,Martin,0.98,after-verb-name,2375,"“I couldna think how he happened away from church. Why,”"
q02545,Dinah,0.96,before-name-verb,2375,“what dost think has just jumped into my head?”
q02546,,0.00,unresolved,2376,"“Summat as hadna far to jump, for it's just under our nose. You mean as Adam's fond o' Dinah.”"
q02547,,0.00,unresolved,2377,“Aye! hast ever had any notion of it before?”
q02548,,0.00,unresolved,2378,"“To be sure I have,”"
q02549,,0.00,unresolved,2378,“I'm not one o' those as can see the cat i' the dairy an' wonder what she's come after.”
q02550,,0.00,unresolved,2379,“Thee never saidst a word to me about it.”
q02551,,0.00,unresolved,2380,"“Well, I aren't like a bird-clapper, forced to make a rattle when the wind blows on me. I can keep my own counsel when there's no good i' speaking.”"
q02552,,0.00,unresolved,2381,“But Dinah 'll ha' none o' him. Dost think she will?”
q02553,,0.00,unresolved,2382,"“Nay,”"
q02554,,0.00,unresolved,2382,"“she'll never marry anybody, if he isn't a Methodist and a cripple.”"
q02555,Martin,0.98,after-verb-name,2383,"“It 'ud ha' been a pretty thing though for 'em t' marry,”"
q02556,Martin,0.91,same-paragraph,2383,"“Thee'dst ha' liked it too, wouldstna?”"
q02557,,0.00,unresolved,2384,"“Ah! I should. I should ha' been sure of her then, as she wouldn't go away from me to Snowfield, welly thirty mile off, and me not got a creatur to look to, only neighbours, as are no kin to me, an' most of 'em women as I'd be ashamed to show my face, if my dairy things war like their'n. There may well be streaky butter i' the market. An' I should be glad to see the poor thing settled like a Christian woman, with a house of her own over her head; and we'd stock her well wi' linen and feathers, for I love her next to my own children. An' she makes one feel safer when she's i' the house, for she's like the driven snow: anybody might sin for two as had her at their elbow.”"
q02558,Tommy,0.98,after-verb-name,2385,"“Dinah,”"
q02559,Dinah,0.96,before-name-verb,2385,“mother says you'll never marry anybody but a Methodist cripple. What a silly you must be!”
q02560,Adam,0.91,same-paragraph,2386,"“Why, Adam, we missed you i' the singing to-day,”"
q02561,Adam,0.96,before-name-verb,2386,“How was it?”
q02562,Adam,0.98,after-verb-name,2387,"“I wanted to see Dinah—she's going away so soon,”"
q02563,Adam,0.78,neighbor-continuation,2388,"“Ah, lad! Can you persuade her to stop somehow? Find her a good husband somewhere i' the parish. If you'll do that, we'll forgive you for missing church. But, anyway, she isna going before the harvest supper o' Wednesday, and you must come then. There's Bartle Massey comin', an' happen Craig. You'll be sure an' come, now, at seven? The missis wunna have it a bit later.”"
q02564,Adam,0.98,after-verb-name,2389,"“Aye,”"
q02565,Adam,0.94,before-verb-name,2389,"“I'll come if I can. But I can't often say what I'll do beforehand, for the work often holds me longer than I expect. You'll stay till the end o' the week, Dinah?”"
q02566,,0.00,unresolved,2390,"“Yes, yes!”"
q02567,,0.00,unresolved,2390,“We'll have no nay.”
q02568,,0.00,unresolved,2391,"“She's no call to be in a hurry,”"
q02569,,0.00,unresolved,2391,“Scarceness o' victual 'ull keep: there's no need to be hasty wi' the cooking. An' scarceness is what there's the biggest stock of i' that country.”
q02570,,0.00,unresolved,2393,“afternoon church”
q02571,,0.00,unresolved,2396,“Harvest Home!”
q02572,,0.00,unresolved,2397,"“It's wonderful,”"
q02573,,0.00,unresolved,2397,"“how that sound goes to one's heart almost like a funeral bell, for all it tells one o' the joyfullest time o' the year, and the time when men are mostly the thankfullest. I suppose it's a bit hard to us to think anything's over and gone in our lives; and there's a parting at the root of all our joys. It's like what I feel about Dinah. I should never ha' come to know that her love 'ud be the greatest o' blessings to me, if what I counted a blessing hadn't been wrenched and torn away from me, and left me with a greater need, so as I could crave and hunger for a greater and a better comfort.”"
q02574,Adam,0.91,same-paragraph,2400,"“Here, Adam,”"
q02575,Adam,0.96,before-name-verb,2400,“here's a place kept for you between Mr. Massey and the boys. It's a poor tale you couldn't come to see the pudding when it was whole.”
q02576,,0.00,unresolved,2402,"“Tom Saft,”"
q02577,,0.00,unresolved,2402,"“haw, haw!”"
q02578,,0.00,unresolved,2403,“Tom Saft”
q02579,Martin Poyser,0.91,same-paragraph,2404,“natur”
q02580,Martin Poyser,0.98,after-verb-name,2404,"“Th' young measter's a merry mon,”"
q02581,,0.00,unresolved,2405,"“Don't you meddle with me, and I won't meddle with you.”"
q02582,,0.00,unresolved,2405,“close-fisted”
q02583,,0.00,unresolved,2409,"“Here's a health unto our master, The founder of the feast; Here's a health unto our master And to our mistress! And may his doings prosper, Whate'er he takes in hand, For we are all his servants, And are at his command.”"
q02584,,0.00,unresolved,2412,"“Then drink, boys, drink! And see ye do not spill, For if ye do, ye shall drink two, For 'tis our master's will.”"
q02585,Bartle Massey,0.91,same-paragraph,2415,"“Drink, boys, drink!”"
q02586,Bartle Massey,0.96,before-name-verb,2415,"“Drink, boys, drink!”"
q02587,Tim,0.98,after-verb-name,2416,"“allays singing like a lark i' the stable,”"
q02588,Tim,0.97,after-name-verb,2416,"“Come, Tim, lad, let's hear it.”"
q02589,Tim,0.97,after-name-verb,2416,"“Come, Tim,”"
q02590,Tim,0.97,after-name-verb,2416,"“Let me alooan, will ye? Else I'll ma' ye sing a toon ye wonna like.”"
q02591,Ben,0.98,after-verb-name,2417,"“Well, then, David, ye're the lad to sing,”"
q02592,David,0.96,before-name-verb,2417,“Sing ‘My loove's a roos wi'out a thorn.'”
q02593,,0.00,unresolved,2420,"“I'm no reader o' the paper myself,”"
q02594,,0.00,unresolved,2420,"“though I might read it fast enough if I liked, for there's Miss Lyddy has 'em and 's done with 'em i' no time. But there's Mills, now, sits i' the chimney-corner and reads the paper pretty nigh from morning to night, and when he's got to th' end on't he's more addle-headed than he was at the beginning. He's full o' this peace now, as they talk on; he's been reading and reading, and thinks he's got to the bottom on't. ‘Why, Lor' bless you, Mills,' says I, ‘you see no more into this thing nor you can see into the middle of a potato. I'll tell you what it is: you think it'll be a fine thing for the country. And I'm not again' it—mark my words—I'm not again' it. But it's my opinion as there's them at the head o' this country as are worse enemies to us nor Bony and all the mounseers he's got at 's back; for as for the mounseers, you may skewer half-a-dozen of 'em at once as if they war frogs.'”"
q02595,Martin Poyser,0.98,after-verb-name,2421,"“Aye, aye,”"
q02596,Martin Poyser,0.91,same-paragraph,2421,"“they ne'er ate a bit o' beef i' their lives. Mostly sallet, I reckon.”"
q02597,Mills,0.91,same-paragraph,2422,"“And says I to Mills,”"
q02598,Mills,0.96,before-name-verb,2422,"“‘Will you try to make me believe as furriners like them can do us half th' harm them ministers do with their bad government? If King George 'ud turn 'em all away and govern by himself, he'd see everything righted. He might take on Billy Pitt again if he liked; but I don't see myself what we want wi' anybody besides King and Parliament. It's that nest o' ministers does the mischief, I tell you.'”"
q02599,,0.00,unresolved,2423,"“Ah, it's fine talking,”"
q02600,,0.00,unresolved,2423,“it's fine talking. It's hard work to tell which is Old Harry when everybody's got boots on.”
q02601,,0.00,unresolved,2424,"“As for this peace,”"
q02602,,0.00,unresolved,2424,"“I don't know. Th' war's a fine thing for the country, an' how'll you keep up prices wi'out it? An' them French are a wicked sort o' folks, by what I can make out. What can you do better nor fight 'em?”"
q02603,Poyser,0.91,same-paragraph,2425,"“Ye're partly right there, Poyser,”"
q02604,Poyser,0.96,before-name-verb,2425,"“but I'm not again' the peace—to make a holiday for a bit. We can break it when we like, an' I'm in no fear o' Bony, for all they talk so much o' his cliverness. That's what I says to Mills this morning. Lor' bless you, he sees no more through Bony!... why, I put him up to more in three minutes than he gets from's paper all the year round. Says I, ‘Am I a gardener as knows his business, or arn't I, Mills? Answer me that.' ‘To be sure y' are, Craig,' says he—he's not a bad fellow, Mills isn't, for a butler, but weak i' the head. ‘Well,' says I, ‘you talk o' Bony's cliverness; would it be any use my being a first-rate gardener if I'd got nought but a quagmire to work on?' ‘No,' says he. ‘Well,' I says, ‘that's just what it is wi' Bony. I'll not deny but he may be a bit cliver—he's no Frenchman born, as I understand—but what's he got at's back but mounseers?'”"
q02605,,0.00,unresolved,2426,"“Why, it's a sure thing—and there's them 'ull bear witness to't—as i' one regiment where there was one man a-missing, they put the regimentals on a big monkey, and they fit him as the shell fits the walnut, and you couldn't tell the monkey from the mounseers!”"
q02606,,0.00,unresolved,2427,"“Ah! Think o' that, now!”"
q02607,Adam,0.98,after-verb-name,2428,"“Come, Craig,”"
q02608,Adam,0.94,before-verb-name,2428,"“that's a little too strong. You don't believe that. It's all nonsense about the French being such poor sticks. Mr. Irwine's seen 'em in their own country, and he says they've plenty o' fine fellows among 'em. And as for knowledge, and contrivances, and manufactures, there's a many things as we're a fine sight behind 'em in. It's poor foolishness to run down your enemies. Why, Nelson and the rest of 'em 'ud have no merit i' beating 'em, if they were such offal as folks pretend.”"
q02609,Bartle Massey,0.91,same-paragraph,2429,“heard tell”
q02610,Bartle Massey,0.96,before-name-verb,2429,"“Why, Adam, how happened you not to be at church on Sunday? Answer me that, you rascal. The anthem went limping without you. Are you going to disgrace your schoolmaster in his old age?”"
q02611,Adam,0.98,after-verb-name,2430,"“No, Mr. Massey,”"
q02612,Adam,0.94,before-verb-name,2430,“Mr. and Mrs. Poyser can tell you where I was. I was in no bad company.”
q02613,Adam,0.91,same-paragraph,2431,"“She's gone, Adam—gone to Snowfield,”"
q02614,Adam,0.96,before-name-verb,2431,"“I thought you'd ha' persuaded her better. Nought 'ud hold her, but she must go yesterday forenoon. The missis has hardly got over it. I thought she'd ha' no sperrit for th' harvest supper.”"
q02615,,0.00,unresolved,2432,“no heart”
q02616,Bartle,0.98,after-verb-name,2433,“What!”
q02617,Bartle,0.94,before-verb-name,2433,"“Was there a woman concerned? Then I give you up, Adam.”"
q02618,Dinah,0.98,after-verb-name,2434,"“But it's a woman you'n spoke well on, Bartle,”"
q02619,Bartle,0.96,before-name-verb,2434,"“Come now, you canna draw back; you said once as women wouldna ha' been a bad invention if they'd all been like Dinah.”"
q02620,Bartle,0.98,after-verb-name,2435,"“I meant her voice, man—I meant her voice, that was all,”"
q02621,Bartle,0.94,before-verb-name,2435,"“I can bear to hear her speak without wanting to put wool in my ears. As for other things, I daresay she's like the rest o' the women—thinks two and two 'll come to make five, if she cries and bothers enough about it.”"
q02622,,0.00,unresolved,2436,"“Aye, aye!”"
q02623,,0.00,unresolved,2436,"“one 'ud think, an' hear some folks talk, as the men war 'cute enough to count the corns in a bag o' wheat wi' only smelling at it. They can see through a barn-door, they can. Perhaps that's the reason they can see so little o' this side on't.”"
q02624,Bartle,0.98,after-verb-name,2438,“Ah!”
q02625,Bartle,0.94,before-verb-name,2438,"“the women are quick enough—they're quick enough. They know the rights of a story before they hear it, and can tell a man what his thoughts are before he knows 'em himself.”"
q02626,,0.00,unresolved,2439,"“Like enough,”"
q02627,,0.00,unresolved,2439,"“for the men are mostly so slow, their thoughts overrun 'em, an' they can only catch 'em by the tail. I can count a stocking-top while a man's getting's tongue ready an' when he outs wi' his speech at last, there's little broth to be made on't. It's your dead chicks take the longest hatchin'. Howiver, I'm not denyin' the women are foolish: God Almighty made 'em to match the men.”"
q02628,Bartle,0.98,after-verb-name,2440,“Match!”
q02629,Bartle,0.94,before-verb-name,2440,"“Aye, as vinegar matches one's teeth. If a man says a word, his wife 'll match it with a contradiction; if he's a mind for hot meat, his wife 'll match it with cold bacon; if he laughs, she'll match him with whimpering. She's such a match as the horse-fly is to th' horse: she's got the right venom to sting him with—the right venom to sting him with.”"
q02630,,0.00,unresolved,2441,"“Yes,”"
q02631,,0.00,unresolved,2441,"“I know what the men like—a poor soft, as 'ud simper at 'em like the picture o' the sun, whether they did right or wrong, an' say thank you for a kick, an' pretend she didna know which end she stood uppermost, till her husband told her. That's what a man wants in a wife, mostly; he wants to make sure o' one fool as 'ull tell him he's wise. But there's some men can do wi'out that—they think so much o' themselves a'ready. An' that's how it is there's old bachelors.”"
q02632,,0.00,unresolved,2442,"“Come, Craig,”"
q02633,,0.00,unresolved,2442,"“you mun get married pretty quick, else you'll be set down for an old bachelor; an' you see what the women 'ull think on you.”"
q02634,,0.00,unresolved,2443,"“Well,”"
q02635,,0.00,unresolved,2443,“I like a cleverish woman—a woman o' sperrit—a managing woman.”
q02636,Bartle,0.98,after-verb-name,2444,"“You're out there, Craig,”"
q02637,Bartle,0.94,before-verb-name,2444,"“you're out there. You judge o' your garden-stuff on a better plan than that. You pick the things for what they can excel in—for what they can excel in. You don't value your peas for their roots, or your carrots for their flowers. Now, that's the way you should choose women. Their cleverness 'll never come to much—never come to much—but they make excellent simpletons, ripe and strong-flavoured.”"
q02638,,0.00,unresolved,2445,“What dost say to that?”
q02639,,0.00,unresolved,2446,“Say!”
q02640,,0.00,unresolved,2446,"“Why, I say as some folks' tongues are like the clocks as run on strikin', not to tell you the time o' the day, but because there's summat wrong i' their own inside...”"
q02641,,0.00,unresolved,2447,"“My love's a rose without a thorn,”"
q02642,,0.00,unresolved,2447,"“Three Merry Mowers,”"
q02643,Bartle,0.98,after-verb-name,2449,"“I'll go with you, lad,”"
q02644,Bartle,0.94,before-verb-name,2449,“I'll go with you before my ears are split.”
q02645,Adam,0.98,after-verb-name,2450,"“I'll go round by the Common and see you home, if you like, Mr. Massey,”"
q02646,Bartle,0.98,after-verb-name,2451,"“Aye, aye!”"
q02647,Bartle,0.94,before-verb-name,2451,“then we can have a bit o' talk together. I never get hold of you now.”
q02648,Martin Poyser,0.98,after-verb-name,2452,"“Eh! It's a pity but you'd sit it out,”"
q02649,Martin Poyser,0.94,before-verb-name,2452,"“They'll all go soon, for th' missis niver lets 'em stay past ten.”"
q02650,Bartle,0.98,after-verb-name,2454,"“There's that poor fool, Vixen , whimpering for me at home,”"
q02651,Vixen,0.96,before-name-verb,2454,"“I can never bring her here with me for fear she should be struck with Mrs. Poyser's eye, and the poor bitch might go limping for ever after.”"
q02652,Adam,0.98,after-verb-name,2455,"“I've never any need to drive Gyp back,”"
q02653,Gyp,0.96,before-name-verb,2455,“He always turns back of his own head when he finds out I'm coming here.”
q02654,Bartle,0.98,after-verb-name,2456,"“Aye, aye,”"
q02655,Bartle,0.94,before-verb-name,2456,"“A terrible woman!—made of needles, made of needles. But I stick to Martin—I shall always stick to Martin. And he likes the needles, God help him! He's a cushion made on purpose for 'em.”"
q02656,Adam,0.98,after-verb-name,2457,"“But she's a downright good-natur'd woman, for all that,”"
q02657,Adam,0.94,before-verb-name,2457,"“and as true as the daylight. She's a bit cross wi' the dogs when they offer to come in th' house, but if they depended on her, she'd take care and have 'em well fed. If her tongue's keen, her heart's tender: I've seen that in times o' trouble. She's one o' those women as are better than their word.”"
q02658,Bartle,0.98,after-verb-name,2458,"“Well, well,”"
q02659,Bartle,0.94,before-verb-name,2458,“I don't say th' apple isn't sound at the core; but it sets my teeth on edge—it sets my teeth on edge.”
q02660,,0.00,unresolved,2461,"“I wish I'd asked her to write to me, though,”"
q02661,,0.00,unresolved,2461,"“And yet even that might disturb her a bit, perhaps. She wants to be quite quiet in her old way for a while. And I've no right to be impatient and interrupting her with my wishes. She's told me what her mind is, and she's not a woman to say one thing and mean another. I'll wait patiently.”"
q02662,Adam,0.96,before-name-verb,2466,"“Evil's evil, and sorrow's sorrow, and you can't alter it's natur by wrapping it up in other words. Other folks were not created for my sake, that I should think all square when things turn out well for me.”"
q02663,Dinah,0.91,same-paragraph,2468,"“It's like as if it was a new strength to me,”"
q02664,Dinah,0.96,before-name-verb,2468,"“to love her and know as she loves me. I shall look t' her to help me to see things right. For she's better than I am—there's less o' self in her, and pride. And it's a feeling as gives you a sort o' liberty, as if you could walk more fearless, when you've more trust in another than y' have in yourself. I've always been thinking I knew better than them as belonged to me, and that's a poor sort o' life, when you can't look to them nearest to you t' help you with a bit better thought than what you've got inside you a'ready.”"
q02665,,0.00,unresolved,2470,"“Perhaps that's the last hymn before they come away,”"
q02666,,0.00,unresolved,2470,"“I'll walk back a bit and turn again to meet her, farther off the village.”"
q02667,Adam,0.96,before-name-verb,2471,"“Yet,”"
q02668,Adam,0.96,before-name-verb,2471,"“she's not one to be overstartled; she's always so calm and quiet, as if she was prepared for anything.”"
q02669,Adam,0.97,after-name-verb,2473,“Dinah!”
q02670,Adam,0.97,after-name-verb,2473,“Dinah!”
q02671,Adam,0.91,same-paragraph,2476,"“Adam,”"
q02672,Adam,0.96,before-name-verb,2476,"“it is the Divine Will. My soul is so knit to yours that it is but a divided life I live without you. And this moment, now you are with me, and I feel that our hearts are filled with the same love. I have a fulness of strength to bear and do our heavenly Father's Will that I had lost before.”"
q02673,,0.00,unresolved,2478,"“Then we'll never part any more, Dinah, till death parts us.”"
q02674,,0.00,unresolved,2483,“the family”
q02675,,0.00,unresolved,2489,“God bless you's”
q02676,,0.00,unresolved,2490,"“Oh what a joyful thing it is,”"
q02677,,0.00,unresolved,2491,"“That's a bit of good news to cheer Arthur,”"
q02678,,0.00,unresolved,2491,“I shall write to him the first thing when we get home.”
q02679,Lisbeth,0.98,after-verb-name,2497,"“I see him, Seth,”"
q02680,Dinah,0.96,before-name-verb,2497,"“Let us go and meet him. Come, Lisbeth, come with Mother.”"
q02681,Dinah,0.98,after-verb-name,2499,"“Come, Uncle Seth,”"
q02682,Seth,0.97,after-name-verb,2500,"“Aye, aye, we're coming,”"
q02683,Dinah,0.98,after-verb-name,2501,"“Better take him on thy arm, Seth,”"
q02684,Seth,0.96,before-name-verb,2501,“He's troublesome to thee so.”
q02685,Seth,0.78,neighbor-continuation,2502,"“Nay, nay: Addy likes a ride on my shoulder. I can carry him so for a bit.”"
q02686,Seth,0.98,after-verb-name,2503,“Where didst see him?”
q02687,Seth,0.94,before-verb-name,2503,“I can't catch sight of him anywhere.”
q02688,Dinah,0.98,after-verb-name,2504,"“Between the hedges by the roadside,”"
q02689,Dinah,0.94,before-verb-name,2504,“I saw his hat and his shoulder. There he is again.”
q02690,Seth,0.98,after-verb-name,2505,"“Trust thee for catching sight of him if he's anywhere to be seen,”"
q02691,Seth,0.94,before-verb-name,2505,"“Thee't like poor mother used to be. She was always on the look out for Adam, and could see him sooner than other folks, for all her eyes got dim.”"
q02692,Dinah,0.98,after-verb-name,2506,"“He's been longer than he expected,”"
q02693,Dinah,0.91,same-paragraph,2506,“it's nigh upon seven now.”
q02694,Seth,0.98,after-verb-name,2507,"“Aye, they'd have a deal to say to one another,”"
q02695,Seth,0.94,before-verb-name,2507,"“and the meeting 'ud touch 'em both pretty closish. Why, it's getting on towards eight years since they parted.”"
q02696,Dinah,0.98,after-verb-name,2508,"“Yes,”"
q02697,Dinah,0.94,before-verb-name,2508,"“Adam was greatly moved this morning at the thought of the change he should see in the poor young man, from the sickness he has undergone, as well as the years which have changed us all. And the death of the poor wanderer, when she was coming back to us, has been sorrow upon sorrow.”"
q02698,Seth,0.98,after-verb-name,2509,"“See, Addy,”"
q02699,Addy,0.96,before-name-verb,2509,“there's Father coming—at the far stile.”
q02700,Addy,0.98,after-verb-name,2511,"“Well, youngster, must I take you?”"
q02701,Adam,0.97,after-name-verb,2512,"“It's cut me a good deal, Dinah,”"
q02702,Dinah,0.98,after-verb-name,2513,“Didst find him greatly altered?”
q02703,Dinah,0.78,neighbor-continuation,2514,"“Why, he's altered and yet not altered. I should ha' known him anywhere. But his colour's changed, and he looks sadly. However, the doctors say he'll soon be set right in his own country air. He's all sound in th' inside; it's only the fever shattered him so. But he speaks just the same, and smiles at me just as he did when he was a lad. It's wonderful how he's always had just the same sort o' look when he smiles.”"
q02704,Dinah,0.98,after-verb-name,2515,"“I've never seen him smile, poor young man,”"
q02705,Adam,0.98,after-verb-name,2516,"“But thee wilt see him smile, to-morrow,”"
q02706,Adam,0.97,after-name-verb,2516,"“He asked after thee the first thing when he began to come round, and we could talk to one another. ‘I hope she isn't altered,' he said, ‘I remember her face so well.' I told him ‘no,'”"
q02707,Adam,0.96,before-name-verb,2516,"“only a bit plumper, as thee'dst a right to be after seven year. ‘I may come and see her to-morrow, mayn't I?' he said; ‘I long to tell her how I've thought of her all these years.'”"
q02708,Dinah,0.98,after-verb-name,2517,“Didst tell him I'd always used the watch?”
q02709,,0.00,unresolved,2518,"“Aye; and we talked a deal about thee, for he says he never saw a woman a bit like thee. ‘I shall turn Methodist some day,' he said, ‘when she preaches out of doors, and go to hear her.' And I said, ‘Nay, sir, you can't do that, for Conference has forbid the women preaching, and she's given it up, all but talking to the people a bit in their houses.'”"
q02710,Seth,0.98,after-verb-name,2519,"“Ah,”"
q02711,Seth,0.94,before-verb-name,2519,"“and a sore pity it was o' Conference; and if Dinah had seen as I did, we'd ha' left the Wesleyans and joined a body that 'ud put no bonds on Christian liberty.”"
q02712,Adam,0.98,after-verb-name,2520,"“Nay, lad, nay,”"
q02713,Adam,0.94,before-verb-name,2520,"“she was right and thee wast wrong. There's no rules so wise but what it's a pity for somebody or other. Most o' the women do more harm nor good with their preaching—they've not got Dinah's gift nor her sperrit—and she's seen that, and she thought it right to set th' example o' submitting, for she's not held from other sorts o' teaching. And I agree with her, and approve o' what she did.”"
q02714,Dinah,0.96,before-name-verb,2521,"“Didst remember, Adam, to speak to Colonel Donnithorne the words my uncle and aunt entrusted to thee?”"
q02715,,0.00,unresolved,2522,"“Yes, and he's going to the Hall Farm with Mr. Irwine the day after to-morrow. Mr. Irwine came in while we were talking about it, and he would have it as the Colonel must see nobody but thee to-morrow. He said—and he's in the right of it—as it'll be bad for him t' have his feelings stirred with seeing many people one after another. ‘We must get you strong and hearty,' he said, ‘that's the first thing to be done Arthur, and then you shall have your own way. But I shall keep you under your old tutor's thumb till then.' Mr. Irwine's fine and joyful at having him home again.”"
q02716,Adam,0.96,before-name-verb,2523,"“It was very cutting when we first saw one another. He'd never heard about poor Hetty till Mr. Irwine met him in London, for the letters missed him on his journey. The first thing he said to me, when we'd got hold o' one another's hands was, ‘I could never do anything for her, Adam—she lived long enough for all the suffering—and I'd thought so of the time when I might do something for her. But you told me the truth when you said to me once, “There's a sort of wrong that can never be made up for.”'”"
q02717,Adam,0.96,before-name-verb,2523,“There's a sort of wrong that can never be made up for.”
q02718,Seth,0.98,after-verb-name,2524,"“Why, there's Mr. and Mrs. Poyser coming in at the yard gate,”"
q02719,Dinah,0.98,after-verb-name,2525,"“So there is,”"
q02720,Dinah,0.94,before-verb-name,2525,"“Run, Lisbeth, run to meet Aunt Poyser. Come in, Adam, and rest; it has been a hard day for thee.”"
